{
    "thread": {
        "uuid": "fd844372a8f939eb96a8a8333fcf8c5f6ff31c5d",
        "url": "https://www.newsbreak.com/afrotech-1696378/4307488329983-amazon-was-on-its-way-to-hiring-600-000-us-workers-now-it-reportedly-plans-to-use-robots-instead",
        "site_full": "www.newsbreak.com",
        "site": "newsbreak.com",
        "site_section": "https://local.newsbreak.com/afrotech-1696378",
        "site_categories": [
            "under_construction"
        ],
        "section_title": "Afrotech&#x27;s Home Page | NewsBreak",
        "site_title": "NewsBreak: Local News &amp; Alerts",
        "title": "Amazon Was On Its Way To Hiring 600,000 US Workers - Now It Reportedly Plans To Use Robots Instead - NewsBreak",
        "title_full": "Amazon Was On Its Way To Hiring 600,000 US Workers - Now It Reportedly Plans To Use Robots Instead - NewsBreak",
        "published": "2025-10-23T00:59:00.000+03:00",
        "replies_count": 0,
        "participants_count": 1,
        "site_type": "news",
        "country": "US",
        "main_image": "https://img.particlenews.com/img/id/2Uf0WT_15uJvhxf00",
        "performance_score": 0,
        "domain_rank": 2819,
        "domain_rank_updated": "2025-10-20T00:00:00.000+03:00",
        "licensing_agency": [],
        "social": {
            "facebook": {
                "likes": 0,
                "comments": 0,
                "shares": 0
            },
            "vk": {
                "shares": 0
            }
        }
    },
    "uuid": "fd844372a8f939eb96a8a8333fcf8c5f6ff31c5d",
    "url": "https://www.newsbreak.com/afrotech-1696378/4307488329983-amazon-was-on-its-way-to-hiring-600-000-us-workers-now-it-reportedly-plans-to-use-robots-instead",
    "ord_in_thread": 0,
    "author": "ShaCamree Gowdy",
    "published": "2025-10-23T00:59:00.000+03:00",
    "title": "Amazon Was On Its Way To Hiring 600,000 US Workers - Now It Reportedly Plans To Use Robots Instead - NewsBreak",
    "text": "By ShaCamree Gowdy ,\n7 hours ago\nAmazon’s workforce has tripled in the United States since 2018, reaching nearly 1.2 million employees, reports The New York Times. Now, the nation’s second-largest employer is accelerating automation , with plans to use robots in place of 600,000 workers by 2033, even though sales are projected to double by then.\nAccording to The New York Times, interviews and leaked internal documents reveal that Amazon plans to automate 75% of its operations, potentially eliminating 160,000 jobs in the U.S. by 2027. Automation would save Amazon around 30 cents per item shipped, amounting to an estimated $12.6 billion in savings between 2025 and 2027.\nAt facilities designed for superfast deliveries, Amazon is trying to create warehouses that employ few humans at all.\nIn 2024, Amazon opened its most advanced robotic warehouse in Shreveport, La. — a model for future fulfillment centers, per The Times. After a package is sealed there, human hands rarely touch it again.\nThe outlet notes that the facility currently runs with 1,000 robots, which allowed Amazon to employ 25% fewer workers last year than it would have without automation. As more robots come online next year, the site is expected to employ half as many workers as without robotic assistance.\n“With this major milestone now in sight, we are confident in our ability to flatten Amazon’s hiring curve over the next 10 years,” the robotics team wrote in its 2025 strategy plan, The Times reported.\nBy the end of 2027, Amazon plans to replicate its Shreveport design in about 40 facilities, starting with a massive warehouse in Virginia Beach, VA.\nThe road to automation has sparked concern about its disproportionate impact on communities of color, as Amazon’s workers are nearly three times more likely to be Black than the average U.S. worker, per The Times.\nTo address potential backlash in communities facing job losses, Amazon has started developing a strategy to position itself as a “good corporate citizen.” Documents reportedly show that the company is exploring ideas such as boosting participation in community events and carefully rebranding its language — swapping “automation” and “ A.I. ” for terms like “advanced technology ,” and using “cobot” (collaborative robot) instead of “robot.”\nAmazon denied claims that it directs executives to avoid specific terms and said community involvement is unrelated to automation.\nIn a statement to The Verge, Amazon spokesperson Kelly Nantel said the leaked documents represent the views of one group — not the company’s overall hiring strategy.\n“Leaked documents often paint an incomplete and misleading picture of our plans, and that’s the case here. In our written narrative culture, thousands of documents circulate throughout the company at any given time, each with varying degrees of accuracy and timeliness,” Nantel said, per The Verge.\n“We’re actively hiring at operations facilities across the country and recently announced plans to fill 250,000 positions for the holiday season,” Nantel continued.\nDaron Acemoglu, a Massachusetts Institute of Technology automation professor and 2024 Nobel Prize winner in economic science, warned that if Amazon’s automation plans succeed, “one of the biggest employers in the United States will become a net job destroyer, not a net job creator,” The Times reported.\nThe post appeared first on .\nThe post appeared first on .\n11",
    "highlightText": "",
    "highlightTitle": "",
    "highlightThreadTitle": "",
    "language": "english",
    "sentiment": "negative",
    "categories": [
        "Economy, Business and Finance",
        "Labor"
    ],
    "topics": [
        "Economy, Business and Finance->human resources",
        "Economy, Business and Finance->computing and information technology",
        "Labor->employment",
        "Labor->labour market",
        "Labor->employer"
    ],
    "ai_allow": true,
    "has_canonical": false,
    "breaking": null,
    "webz_reporter": false,
    "external_links": [
        "https://www.nytimes.com/2025/10/21/technology/inside-amazons-plans-to-replace-workers-with-robots.html",
        "https://img.particlenews.com/image.php?url=2Uf0WT_15uJvhxf00",
        "https://afrotech.com/ro-khanna-hbcu-tech",
        "https://img.particlenews.com/image.php?type=thumbnail_580x000&url=2Uf0WT_15uJvhxf00",
        "https://www.theverge.com/news/803257/amazon-robotics-automation-replace-600000-human-jobs",
        "https://afrotech.com/melissa-pennington-interview-hr",
        "https://afrotech.com/robotic-ivf-expands-access-fertility-care",
        "https://cms.afrotech.com",
        "https://afrotech.com",
        "https://afrotech.com/drymerge-raises-new-funding",
        "https://afrotech.com/black-women-may-lose-job-opportunities-over-ai-bias-in-hair",
        "https://afrotech.com/amazon-robots-replace-half-a-million-us-workers-2033",
        "https://www.afrotech.com/robotic-ivf-expands-access-fertility-care",
        "https://www.afrotech.com/ro-khanna-hbcu-tech",
        "https://www.cms.afrotech.com",
        "https://www.img.particlenews.com/image.php?url=2Uf0WT_15uJvhxf00",
        "https://www.afrotech.com/amazon-robots-replace-half-a-million-us-workers-2033",
        "https://img.particlenews.com/image.php",
        "https://theverge.com/news/803257/amazon-robotics-automation-replace-600000-human-jobs",
        "https://www.img.particlenews.com/image.php?type=thumbnail_580x000&url=2Uf0WT_15uJvhxf00",
        "https://www.afrotech.com/black-women-may-lose-job-opportunities-over-ai-bias-in-hair",
        "https://www.afrotech.com",
        "https://www.afrotech.com/melissa-pennington-interview-hr",
        "https://www.afrotech.com/drymerge-raises-new-funding",
        "https://nytimes.com/2025/10/21/technology/inside-amazons-plans-to-replace-workers-with-robots.html"
    ],
    "external_images": [],
    "internal_images": [],
    "entities": {
        "persons": [
            {
                "name": "ShaCamree Gowdy",
                "sentiment": "negative"
            }
        ],
        "locations": [],
        "organizations": [
            {
                "name": "New York Times",
                "sentiment": "none",
                "tickers": [
                    {
                        "ticker": "NYT",
                        "exchange": "NYSE"
                    }
                ]
            }
        ]
    },
    "syndication": {
        "syndicated": false,
        "syndicate_id": null,
        "first_syndicated": false
    },
    "trust": {
        "categories": [
            "fake_news"
        ],
        "top_news": [],
        "bias": "center",
        "source": {
            "type": null,
            "city": null,
            "state": null,
            "country": null,
            "domain_type": null,
            "agency": null,
            "organization_name": null
        }
    },
    "rating": null,
    "crawled": "2025-10-23T08:49:45.054+03:00",
    "updated": "2025-10-23T09:01:53.000+03:00"
}