{
    "thread": {
        "uuid": "12c1c6861eae26b949db6c4dbfb9bdb8d5feb88f",
        "url": "https://www.newindianexpress.com/states/telangana/2025/Oct/23/telangana-colleges-threaten-bandh-over-rs-900-crore-fee-reimbursement-dues",
        "site_full": "www.newindianexpress.com",
        "site": "newindianexpress.com",
        "site_section": "https://www.newindianexpress.com/news_sitemap.xml",
        "site_categories": [
            "media",
            "top_news_in",
            "top_news_qa",
            "top_news"
        ],
        "section_title": "",
        "site_title": "India News,Latest News,Today&#x27;s News Headlines,World,Live Updates,Politics,Business,Sports,Entertainment: The New Indian Express",
        "title": "Telangana colleges threaten bandh over Rs 900 crore fee reimbursement dues",
        "title_full": "Telangana colleges threaten bandh over Rs 900 crore fee reimbursement dues",
        "published": "2025-10-23T07:59:00.000+03:00",
        "replies_count": 0,
        "participants_count": 1,
        "site_type": "news",
        "country": "IN",
        "main_image": "https://media.newindianexpress.com/newindianexpress%2F2025-10-22%2Fwdvwu3to%2FColleges-threaten.jpg?w=1200&amp;ar=40%3A21&amp;auto=format%2Ccompress&amp;ogImage=true&amp;mode=crop&amp;enlarge=true&amp;overlay=false&amp;overlay_position=bottom&amp;overlay_width=100",
        "performance_score": 0,
        "domain_rank": 12703,
        "domain_rank_updated": "2025-10-20T00:00:00.000+03:00",
        "licensing_agency": [],
        "social": {
            "facebook": {
                "likes": 0,
                "comments": 0,
                "shares": 0
            },
            "vk": {
                "shares": 0
            }
        }
    },
    "uuid": "12c1c6861eae26b949db6c4dbfb9bdb8d5feb88f",
    "url": "https://www.newindianexpress.com/states/telangana/2025/Oct/23/telangana-colleges-threaten-bandh-over-rs-900-crore-fee-reimbursement-dues",
    "ord_in_thread": 0,
    "author": "Express News Service",
    "published": "2025-10-23T07:59:00.000+03:00",
    "title": "Telangana colleges threaten bandh over Rs 900 crore fee reimbursement dues",
    "text": "The colleges are now facing complete operational paralysis as electricity and internet services are being disconnected, maintenance activities have stopped and essential campus services have collapsed. The FATHI members pointed out that despite the state government’s assurance to release `1,200 crore towards fee reimbursement dues, only `300 crore has been released so far. Express News Service Updated on: 23 Oct 2025, 4:59 am 1 min read\nCopied\nHYDERABAD: Members of Federation of Associations of Telangana Higher Institutions (FATHI) on Wednesday met Deputy Chief Minister Mallu Bhatti Vikramarka and submitted a memorandum, seeking release of the remaining `900 crore fee reimbursement dues before November 1.\n“If the dues are not cleared by November 1, all private professional colleges across the state will be compelled to observe a bandh from November 3,” the FATHI representatives said in their memorandum.\nThe FATHI members pointed out that despite the state government’s assurance to release `1,200 crore towards fee reimbursement dues, only `300 crore has been released so far.\n“This partial release has triggered widespread distress among institutions, leading to severe pressure from faculty, staff, vendors and building owners who have been waiting for months for their payments. The colleges are now facing complete operational paralysis as electricity and internet services are being disconnected, maintenance activities have stopped and essential campus services have collapsed. With inspections by AICTE and universities presently underway, the deteriorating conditions are projecting a deeply embarrassing image of Telangana’s higher education sector before statutory bodies and the public,” FATHI chairman Ramesh Babu said.\n“If the pending amount is not released before November 1, all private professional colleges across the State will be compelled to observe a bandh from November 3 as an expression of their collective anguish and as a last measure for survival. Immediate action on this limited demand will help prevent institutional collapse, protect thousands of jobs and restore faith among managements who have cooperated with the government with patience and restraint despite prolonged financial distress,” he added.",
    "highlightText": "",
    "highlightTitle": "",
    "highlightThreadTitle": "",
    "language": "english",
    "sentiment": "negative",
    "categories": [
        "Economy, Business and Finance",
        "Education"
    ],
    "topics": [
        "Economy, Business and Finance->business financing",
        "Education->college and university"
    ],
    "ai_allow": true,
    "has_canonical": false,
    "breaking": true,
    "webz_reporter": false,
    "external_links": [
        "https://api.whatsapp.com/send?text=https%3A%2F%2Fwww.newindianexpress.com%2Fstates%2Ftelangana%2F2025%2FOct%2F23%2Ftelangana-colleges-threaten-bandh-over-rs-900-crore-fee-reimbursement-dues",
        "https://www.linkedin.com/shareArticle?url=https%3A%2F%2Fwww.newindianexpress.com%2Fstates%2Ftelangana%2F2025%2FOct%2F23%2Ftelangana-colleges-threaten-bandh-over-rs-900-crore-fee-reimbursement-dues&title=Telangana%20colleges%20threaten%20bandh%20over%20Rs%20900%20crore%20fee%20reimbursement%20dues",
        "https://twitter.com/intent/tweet?url=https%3A%2F%2Fwww.newindianexpress.com%2Fstates%2Ftelangana%2F2025%2FOct%2F23%2Ftelangana-colleges-threaten-bandh-over-rs-900-crore-fee-reimbursement-dues&text=Telangana%20colleges%20threaten%20bandh%20over%20Rs%20900%20crore%20fee%20reimbursement%20dues&hashtags=",
        "https://www.facebook.com/sharer.php?u=https%3A%2F%2Fwww.newindianexpress.com%2Fstates%2Ftelangana%2F2025%2FOct%2F23%2Ftelangana-colleges-threaten-bandh-over-rs-900-crore-fee-reimbursement-dues",
        "https://facebook.com/sharer.php?u=https%3A%2F%2Fwww.newindianexpress.com%2Fstates%2Ftelangana%2F2025%2FOct%2F23%2Ftelangana-colleges-threaten-bandh-over-rs-900-crore-fee-reimbursement-dues",
        "https://www.twitter.com/intent/tweet?url=https%3A%2F%2Fwww.newindianexpress.com%2Fstates%2Ftelangana%2F2025%2FOct%2F23%2Ftelangana-colleges-threaten-bandh-over-rs-900-crore-fee-reimbursement-dues&text=Telangana%20colleges%20threaten%20bandh%20over%20Rs%20900%20crore%20fee%20reimbursement%20dues&hashtags=",
        "https://www.linkedin.com/shareArticle",
        "https://www.facebook.com/sharer.php",
        "https://linkedin.com/shareArticle?url=https%3A%2F%2Fwww.newindianexpress.com%2Fstates%2Ftelangana%2F2025%2FOct%2F23%2Ftelangana-colleges-threaten-bandh-over-rs-900-crore-fee-reimbursement-dues&title=Telangana%20colleges%20threaten%20bandh%20over%20Rs%20900%20crore%20fee%20reimbursement%20dues",
        "https://www.api.whatsapp.com/send?text=https%3A%2F%2Fwww.newindianexpress.com%2Fstates%2Ftelangana%2F2025%2FOct%2F23%2Ftelangana-colleges-threaten-bandh-over-rs-900-crore-fee-reimbursement-dues",
        "https://api.whatsapp.com/send",
        "https://twitter.com/intent/tweet"
    ],
    "external_images": [],
    "internal_images": [],
    "entities": {
        "persons": [
            {
                "name": "Mallu Bhatti Vikramarka",
                "sentiment": "none"
            }
        ],
        "locations": [],
        "organizations": []
    },
    "syndication": {
        "syndicated": false,
        "syndicate_id": null,
        "first_syndicated": false
    },
    "trust": {
        "categories": [
            "trusted_news"
        ],
        "top_news": [
            "top_news_in",
            "top_news_qa",
            "top_news"
        ],
        "bias": "center",
        "source": {
            "type": null,
            "city": null,
            "state": null,
            "country": null,
            "domain_type": null,
            "agency": null,
            "organization_name": null
        }
    },
    "rating": null,
    "crawled": "2025-10-23T08:13:47.652+03:00",
    "updated": "2025-10-24T09:04:20.000+03:00"
}