{
    "thread": {
        "uuid": "df897a0019727b660a44d6a4a95d3738bb903194",
        "url": "https://www.cnbctv18.com/market/nmdc-share-price-lumps-fines-rates-cut-impact-iron-ore-outlook-returns-19723596.htm",
        "site_full": "www.cnbctv18.com",
        "site": "cnbctv18.com",
        "site_section": "https://www.cnbctv18.com",
        "site_categories": [
            "media",
            "financial_news",
            "finance"
        ],
        "section_title": "Today Business News: Read Business News, Live Stock &amp; Share Market News Economy &amp; Finance News, Sensex, and NIFTY Updates | CNBCTV18",
        "site_title": "Today Business News: Read Business News, Live Stock &amp; Share Market News Economy &amp; Finance News, Sensex, and NIFTY Updates | CNBCTV18",
        "title": "NMDC shares decline after it cuts iron ore prices - Morgan Stanley calls it 'a surprise' - CNBC TV18",
        "title_full": "NMDC shares decline after it cuts iron ore prices - Morgan Stanley calls it 'a surprise' - CNBC TV18",
        "published": "2025-10-23T06:25:00.000+03:00",
        "replies_count": 0,
        "participants_count": 1,
        "site_type": "news",
        "country": "IN",
        "main_image": "https://images.cnbctv18.com/uploads/2022/11/iron-ore-1-shutterstock.jpg?im=FitAndFill,width=500,height=300",
        "performance_score": 0,
        "domain_rank": 11439,
        "domain_rank_updated": "2025-10-20T00:00:00.000+03:00",
        "licensing_agency": [],
        "social": {
            "facebook": {
                "likes": 0,
                "comments": 0,
                "shares": 0
            },
            "vk": {
                "shares": 0
            }
        }
    },
    "uuid": "df897a0019727b660a44d6a4a95d3738bb903194",
    "url": "https://www.cnbctv18.com/market/nmdc-share-price-lumps-fines-rates-cut-impact-iron-ore-outlook-returns-19723596.htm",
    "ord_in_thread": 0,
    "author": "@CNBCTV18Live",
    "published": "2025-10-23T06:25:00.000+03:00",
    "title": "NMDC shares decline after it cuts iron ore prices - Morgan Stanley calls it 'a surprise' - CNBC TV18",
    "text": "2 Min Read\nShares of\nNMDC has cut its iron ore prices by ₹550 per tonne, or 9%, for lumps to ₹5,550 per tonne and by ₹500 per tonne or 10%, for fines to ₹4,750 per tonne.\nThe company stated these rates are for free on rail (FOR) and include royalty, district mineral foundation and national mineral exploration trust charges. However, the prices exclude cess, transit fees, forest permit fees, GST, environmental cess and other taxes.\nIn prior interactions, the management of JSW Steel had hinted on lower iron ore prices. The price cuts were anticipated but the quantum is higher than expectations, according to analysts.\nBrokerage firm Morgan Stanley said the price cuts are a surprise as it had expected domestic iron ore prices to be stable or rise somewhat in the near-term.\nThe brokerage said it expected the prices to either be stable or rise because of:\n22 analysts have coverage on NMDC, of which 14 have a \"buy\" rating, six have a \"sell\", while two others have a \"hold\" recommendation.\nNMDC shares were down 2.4% at ₹73.8 apiece around 9.30 am on Thursday. The stock has gained 11.9% this year, so far.\nAlso Read:\nNMDC Ltd.declined on Thursday, October 23, after the firm cut its iron ore prices for lumps and fines, effecting Wednesday itself.NMDC has cut its iron ore prices by ₹550 per tonne, or 9%, for lumps to ₹5,550 per tonne and by ₹500 per tonne or 10%, for fines to ₹4,750 per tonne.\nThe company stated these rates are for free on rail (FOR) and include royalty, district mineral foundation and national mineral exploration trust charges. However, the prices exclude cess, transit fees, forest permit fees, GST, environmental cess and other taxes.\nIn prior interactions, the management of JSW Steel had hinted on lower iron ore prices. The price cuts were anticipated but the quantum is higher than expectations, according to analysts.\nBrokerage firm Morgan Stanley said the price cuts are a surprise as it had expected domestic iron ore prices to be stable or rise somewhat in the near-term.\nThe brokerage said it expected the prices to either be stable or rise because of:\n- Expectations for increased demand as steel production picks up post monsoon season.\n- Expectations for safeguard duty extension that would support steel prices and hence iron ore prices as well.\n- Seaborne iron prices trading in a range-bound manner\n22 analysts have coverage on NMDC, of which 14 have a \"buy\" rating, six have a \"sell\", while two others have a \"hold\" recommendation.\nNMDC shares were down 2.4% at ₹73.8 apiece around 9.30 am on Thursday. The stock has gained 11.9% this year, so far.\nAlso Read:\nSamvardhana Motherson shares in focus after its biggest client flags production concernsFirst Published: Oct 23, 2025 8:55 AM IST\nCheck out our in-depth",
    "highlightText": "",
    "highlightTitle": "",
    "highlightThreadTitle": "",
    "language": "english",
    "sentiment": "negative",
    "categories": [
        "Economy, Business and Finance"
    ],
    "topics": [
        "Economy, Business and Finance->business and market analysis",
        "Economy, Business and Finance->metal and mineral mining and refining"
    ],
    "ai_allow": true,
    "has_canonical": false,
    "breaking": null,
    "webz_reporter": false,
    "external_links": [],
    "external_images": [],
    "internal_images": [],
    "entities": {
        "persons": [],
        "locations": [],
        "organizations": [
            {
                "name": "CNBC",
                "sentiment": "negative",
                "tickers": [
                    {
                        "ticker": null,
                        "exchange": null
                    }
                ]
            },
            {
                "name": "NMDC",
                "sentiment": "negative",
                "tickers": []
            },
            {
                "name": "Morgan Stanley",
                "sentiment": "negative",
                "tickers": [
                    {
                        "ticker": "MS",
                        "exchange": "NYSE"
                    }
                ]
            },
            {
                "name": "JSW Steel",
                "sentiment": "none",
                "tickers": [
                    {
                        "ticker": "JSWSTEEL",
                        "exchange": "NSX"
                    }
                ]
            }
        ]
    },
    "syndication": {
        "syndicated": false,
        "syndicate_id": null,
        "first_syndicated": false
    },
    "trust": {
        "categories": [],
        "top_news": [],
        "bias": null,
        "source": {
            "type": null,
            "city": null,
            "state": null,
            "country": null,
            "domain_type": null,
            "agency": null,
            "organization_name": null
        }
    },
    "rating": null,
    "crawled": "2025-10-23T07:55:06.723+03:00",
    "updated": "2025-10-23T07:57:30.000+03:00"
}