{
    "thread": {
        "uuid": "a4e7da8553add3021e7589b039d05863e7f1ea32",
        "url": "https://article.wn.com/view/2025/10/23/Crude_spikes_as_Trump_threatens_Russian_giants_stocks_turn_l_v/",
        "site_full": "article.wn.com",
        "site": "wn.com",
        "site_section": "https://wn.com/stocks",
        "site_categories": [
            "media"
        ],
        "section_title": "World News - Stocks",
        "site_title": "World News",
        "title": "Crude spikes as Trump threatens Russian giants, stocks turn lower - Worldnews.com",
        "title_full": "Crude spikes as Trump threatens Russian giants, stocks turn lower - Worldnews.com",
        "published": "2025-10-23T03:00:00.000+03:00",
        "replies_count": 0,
        "participants_count": 1,
        "site_type": "news",
        "country": "US",
        "main_image": "",
        "performance_score": 0,
        "domain_rank": 8219,
        "domain_rank_updated": "2025-10-20T00:00:00.000+03:00",
        "licensing_agency": [],
        "social": {
            "facebook": {
                "likes": 0,
                "comments": 0,
                "shares": 0
            },
            "vk": {
                "shares": 0
            }
        }
    },
    "uuid": "a4e7da8553add3021e7589b039d05863e7f1ea32",
    "url": "https://article.wn.com/view/2025/10/23/Crude_spikes_as_Trump_threatens_Russian_giants_stocks_turn_l_v/",
    "ord_in_thread": 0,
    "author": "System",
    "published": "2025-10-23T03:00:00.000+03:00",
    "title": "Crude spikes as Trump threatens Russian giants, stocks turn lower - Worldnews.com",
    "text": "Crude prices spiked more than two percent Thursday after Donald Trump said he would hit two Russian oil companies with hefty sanctions, while talk that the White House was planning curbs on software exports to China added to gloom on ......\nread full story",
    "highlightText": "",
    "highlightTitle": "",
    "highlightThreadTitle": "",
    "language": "english",
    "sentiment": "negative",
    "categories": [
        "Economy, Business and Finance",
        "Politics"
    ],
    "topics": [
        "Economy, Business and Finance->energy and resource",
        "Economy, Business and Finance->commodity market",
        "Economy, Business and Finance->corporate news and profiles",
        "Politics->economic policy",
        "Politics->international relations"
    ],
    "ai_allow": true,
    "has_canonical": false,
    "breaking": null,
    "webz_reporter": false,
    "external_links": [
        "https://www.pdclarion.com/news/national/crude-spikes-as-trump-threatens-russian-giants-stocks-turn-lower/article_a65ed67b-920e-5e2b-97c0-b7bc7202c6e5.html",
        "https://pdclarion.com/news/national/crude-spikes-as-trump-threatens-russian-giants-stocks-turn-lower/article_a65ed67b-920e-5e2b-97c0-b7bc7202c6e5.html"
    ],
    "external_images": [],
    "internal_images": [],
    "entities": {
        "persons": [
            {
                "name": "Donald Trump",
                "sentiment": "negative"
            }
        ],
        "locations": [],
        "organizations": []
    },
    "syndication": {
        "syndicated": false,
        "syndicate_id": null,
        "first_syndicated": false
    },
    "trust": {
        "categories": [
            "trusted_news"
        ],
        "top_news": [],
        "bias": "center",
        "source": {
            "type": null,
            "city": null,
            "state": null,
            "country": null,
            "domain_type": null,
            "agency": null,
            "organization_name": null
        }
    },
    "rating": null,
    "crawled": "2025-10-23T08:33:24.912+03:00",
    "updated": "2025-10-23T08:35:52.000+03:00"
}