{
    "thread": {
        "uuid": "cd55c8c16259b5a071946902c7ac60dd43490918",
        "url": "https://www.marketsmojo.com/news/stocks-in-action/harshil-agrotech-ltd-faces-selling-pressure-as-stock-declines-435-down-9054-yearly-3638814",
        "site_full": "www.marketsmojo.com",
        "site": "marketsmojo.com",
        "site_section": "https://news.google.com/search?q=down%20when%3A1h&hl=en-US&gl=US&ceid=US%3Aen",
        "site_categories": [],
        "section_title": "Google News - Search",
        "site_title": "MarketsMojo Research, Handpicked Mojo Stocks &amp; Portfolio Tracking",
        "title": "Harshil Agrotech Ltd Faces Selling Pressure as Stock Declines 4.35%, Down 90.54% Yearly",
        "title_full": "Harshil Agrotech Ltd Faces Selling Pressure as Stock Declines 4.35%, Down 90.54% Yearly",
        "published": "2025-10-23T08:50:36.738+03:00",
        "replies_count": 0,
        "participants_count": 1,
        "site_type": "news",
        "country": "IN",
        "main_image": "https://i.marketsmojo.com/newsimg/2025/10/HarshilAgrotech_only_sellers_3638814.png",
        "performance_score": 0,
        "domain_rank": 66172,
        "domain_rank_updated": "2025-10-20T00:00:00.000+03:00",
        "licensing_agency": [],
        "social": {
            "facebook": {
                "likes": 0,
                "comments": 0,
                "shares": 0
            },
            "vk": {
                "shares": 0
            }
        }
    },
    "uuid": "cd55c8c16259b5a071946902c7ac60dd43490918",
    "url": "https://www.marketsmojo.com/news/stocks-in-action/harshil-agrotech-ltd-faces-selling-pressure-as-stock-declines-435-down-9054-yearly-3638814",
    "ord_in_thread": 0,
    "author": "@Marketsmojo",
    "published": "2025-10-23T08:50:36.738+03:00",
    "title": "Harshil Agrotech Ltd Faces Selling Pressure as Stock Declines 4.35%, Down 90.54% Yearly",
    "text": "Harshil Agrotech Ltd Faces Selling Pressure as Stock Declines 4.35%, Down 90.54% Yearly\nHarshil AgrotechLtd is experiencing significant selling pressure, with its stock price declining sharply today after a period of gains. Despite a recent uptick over the past week, the stock has shown a substantial decline over the past month and year, underperforming its sector and key moving averages.\nHarshil AgrotechLtd is currently facing significant selling pressure, with the stock showing only sellers today. The company has experienced a notable decline of 4.35% in its stock price, contrasting sharply with the Sensex, which has gained 0.87%. This marks a reversal after nine consecutive days of gains, indicating a shift in market sentiment.\nOver the past week, Harshil Agrotech's performance has been relatively strong, with a 10% increase, but this is overshadowed by its longer-term trends. In the past month, the stock has declined by 3.51%, and over three months, it has plummeted by 36.15%. Year-to-date, the stock is down 73.52%, while the Sensex has risen by 8.98%. The stark contrast in performance is evident over the past year, with\nHarshil Agrotechdown 90.54% compared to the Sensex's 6.34% gain.\nThe stock's current price is underperforming its sector by 4.94%. While it remains above its 5-day and 20-day moving averages, it is below the 50-day, 100-day, and 200-day moving averages, suggesting a bearish trend. The selling pressure may be attributed to broader market conditions or company-specific challenges, but the exact factors remain to be analyzed.\n{{stockdata.stock.price.value}} {{stockdata.stock.price_difference.value}} ({{stockdata.stock.price_percentage.value}}%)\n{{stockdata.stock.date.value}} | BSE+NSE Vol: {{stockdata.index_name}} Vol: {{stockdata.stock.bse_nse_vol.value}} ({{stockdata.stock.bse_nse_vol_per.value}}%)\nRelated Stock Links\n{{stockdata.stock.stock_name.value}} Analysis}}){{stockdata.stock.stock_name.value}} Technicals}}){{stockdata.stock.stock_name.value}} Quality}}){{stockdata.stock.stock_name.value}} Valuation}}){{stockdata.stock.stock_name.value}} Financial Trend}}){{stockdata.stock.stock_name.value}} Return Analysis}}){{stockdata.stock.stock_name.value}} Price Analysis}}){{stockdata.stock.stock_name.value}} Quarterly Result Analysis}}){{stockdata.stock.stock_name.value}} Half-Yearly Result Analysis}}){{stockdata.stock.stock_name.value}} Nine Monthly Result Analysis}}){{stockdata.stock.stock_name.value}} Annual Results}}){{stockdata.stock.stock_name.value}} Balance Sheet}}){{stockdata.stock.stock_name.value}} Profit & Loss}}){{stockdata.stock.stock_name.value}} Cash Flow}}){{stockdata.stock.stock_name.value}} News}}){{stockdata.stock.stock_name.value}} Announcements}}){{stockdata.stock.stock_name.value}} Share Holding}}){{stockdata.stock.stock_name.value}} Peer Comparison}})\nOur weekly and monthly stock recommendations are here\nLoading...\nIndustry\n{{sm.old_ind_name }}\nMarket Cap\n{{sm.mcapsizerank }}\nDate of Entry\n{{sm.date }}\nTarget Price\n{{sm.target_price }}\n({{sm.performance_target }}%)\nHolding Duration\n{{sm.target_duration }}\nLast 1 Year Return\n{{sm.performance_1y}}%\n{{sm.comp_name}} price as on {{sm.todays_date}}\n₹{{sm.price_as_on}} ({{sm.performance}}%)\nIndustry\n{{sm.old_ind_name}}\nMarket Cap\n{{sm.mcapsizerank}}\nDate of Entry\n{{sm.date}}\nEntry Price\n{{sm.opening_price}}\nLast 1 Year Return\n{{sm.performance_1y}}%\nRelated News\nMost Read",
    "highlightText": "",
    "highlightTitle": "",
    "highlightThreadTitle": "",
    "language": "english",
    "sentiment": "negative",
    "categories": [
        "Economy, Business and Finance"
    ],
    "topics": [
        "Economy, Business and Finance->business reporting and performance",
        "Economy, Business and Finance->business and market analysis"
    ],
    "ai_allow": true,
    "has_canonical": false,
    "breaking": true,
    "webz_reporter": false,
    "external_links": [],
    "external_images": [],
    "internal_images": [],
    "entities": {
        "persons": [],
        "locations": [],
        "organizations": [
            {
                "name": "Harshil Agrotech Ltd",
                "sentiment": "negative",
                "tickers": []
            }
        ]
    },
    "syndication": {
        "syndicated": false,
        "syndicate_id": null,
        "first_syndicated": false
    },
    "trust": {
        "categories": [],
        "top_news": [],
        "bias": null,
        "source": {
            "type": null,
            "city": null,
            "state": null,
            "country": null,
            "domain_type": null,
            "agency": null,
            "organization_name": null
        }
    },
    "rating": null,
    "crawled": "2025-10-23T08:50:36.738+03:00",
    "updated": "2025-10-23T08:59:55.000+03:00"
}