{
    "thread": {
        "uuid": "bdf524b6c643628ae48ff17f71c1d82d8f0a61a7",
        "url": "https://www.defenseworld.net/2025/10/23/ishares-sp-500-growth-etf-nysearcaivw-short-interest-update.html",
        "site_full": "www.defenseworld.net",
        "site": "defenseworld.net",
        "site_section": "https://www.defenseworld.net/feed/atom",
        "site_categories": [
            "media"
        ],
        "section_title": "Defense World",
        "site_title": "Defense World",
        "title": "iShares S&P 500 Growth ETF (NYSEARCA:IVW) Short Interest Update - Defense World",
        "title_full": "iShares S&P 500 Growth ETF (NYSEARCA:IVW) Short Interest Update - Defense World",
        "published": "2025-10-23T08:29:00.000+03:00",
        "replies_count": 0,
        "participants_count": 1,
        "site_type": "news",
        "country": "US",
        "main_image": "https://www.americanbankingnews.com/wp-content/timthumb/timthumb.php?src=https://www.marketbeat.com/logos/ishares-sp-500-growth-etf-logo-1200x675.png?v=20210809124226&amp;w=240&amp;h=240&amp;zc=2",
        "performance_score": 0,
        "domain_rank": 159846,
        "domain_rank_updated": "2025-10-20T00:00:00.000+03:00",
        "licensing_agency": [],
        "social": {
            "facebook": {
                "likes": 0,
                "comments": 0,
                "shares": 0
            },
            "vk": {
                "shares": 0
            }
        }
    },
    "uuid": "bdf524b6c643628ae48ff17f71c1d82d8f0a61a7",
    "url": "https://www.defenseworld.net/2025/10/23/ishares-sp-500-growth-etf-nysearcaivw-short-interest-update.html",
    "ord_in_thread": 0,
    "author": "Defense World Staff",
    "published": "2025-10-23T08:29:00.000+03:00",
    "title": "iShares S&P 500 Growth ETF (NYSEARCA:IVW) Short Interest Update - Defense World",
    "text": "iShares S&P 500 Growth ETF ( NYSEARCA:IVW – Get Free Report ) saw a large decline in short interest during the month of September. As of September 30th, there was short interest totaling 1,240,000 shares, a decline of 29.9% from the September 15th total of 1,770,000 shares. Based on an average daily volume of 1,896,200 shares, the short-interest ratio is presently 0.7 days. Based on an average daily volume of 1,896,200 shares, the short-interest ratio is presently 0.7 days. Hedge funds have recently made changes to their positions in the business. Sax Wealth Advisors LLC grew its stake in shares of iShares S&P 500 Growth ETF by 142.3% in the 2nd quarter. Sax Wealth Advisors LLC now owns 18,003 shares of the company’s stock worth $1,982,000 after purchasing an additional 10,572 shares during the last quarter. Embree Financial Group grew its stake in shares of iShares S&P 500 Growth ETF by 101.2% in the 2nd quarter. Embree Financial Group now owns 8,357 shares of the company’s stock worth $920,000 after purchasing an additional 4,204 shares during the last quarter. Semus Wealth Partners LLC grew its stake in shares of iShares S&P 500 Growth ETF by 4.8% in the 1st quarter. Semus Wealth Partners LLC now owns 11,283 shares of the company’s stock worth $1,047,000 after purchasing an additional 518 shares during the last quarter. Sharp Financial Services LLC grew its stake in shares of iShares S&P 500 Growth ETF by 11.6% in the 2nd quarter. Sharp Financial Services LLC now owns 228,223 shares of the company’s stock worth $25,127,000 after purchasing an additional 23,728 shares during the last quarter. Finally, Patton Albertson Miller Group LLC grew its stake in shares of iShares S&P 500 Growth ETF by 25.3% in the 2nd quarter. Patton Albertson Miller Group LLC now owns 143,948 shares of the company’s stock worth $15,849,000 after purchasing an additional 29,052 shares during the last quarter. Shares of IVW opened at $120.48 on Thursday. The firm’s 50 day moving average is $118.39 and its 200-day moving average is $108.73. The stock has a market capitalization of $65.50 billion, a P/E ratio of 33.33 and a beta of 1.05. iShares S&P 500 Growth ETF has a 12-month low of $79.31 and a 12-month high of $122.66. ( Get Free Report ) iShares S&P 500 Growth ETF, formerly iShares S&P 500 Growth Index Fund (the Growth Fund), is an exchange-traded fund. The Fund seeks investment results that correspond generally to the price and yield performance of the S&P 500/Citigroup Growth Index (the Growth Index). The Growth Index measures the performance of the large-capitalization growth sector of the United States equity market.",
    "highlightText": "",
    "highlightTitle": "",
    "highlightThreadTitle": "",
    "language": "english",
    "sentiment": "negative",
    "categories": [
        "Economy, Business and Finance"
    ],
    "topics": [
        "Economy, Business and Finance->investment and opinion pieces",
        "Economy, Business and Finance->market and exchange"
    ],
    "ai_allow": true,
    "has_canonical": false,
    "breaking": false,
    "webz_reporter": false,
    "external_links": [
        "https://marketbeat.com/scripts/336x280AdNewsSites.ashx",
        "https://www.marketbeat.com/stocks/NYSEARCA/IVW/",
        "https://www.marketbeat.com/stocks/NYSEARCA/IVW/options/",
        "https://www.marketbeat.com/arnreports/ReportTickerOptin.aspx?RegistrationCode=TickerHyperlink&Prefix=NYSEARCA&Symbol=IVW",
        "https://www.marketbeat.com/arnreports/ReportTickerOptin.aspx",
        "https://marketbeat.com/stocks/NYSEARCA/IVW/",
        "https://marketbeat.com/stocks/NYSEARCA/IVW/options/",
        "https://www.marketbeat.com/stocks/NYSEARCA/IVW",
        "https://www.marketbeat.com/stocks/NYSEARCA/IVW/options",
        "https://www.marketbeat.com/scripts/336x280AdNewsSites.ashx",
        "https://marketbeat.com/arnreports/ReportTickerOptin.aspx?RegistrationCode=TickerHyperlink&Prefix=NYSEARCA&Symbol=IVW"
    ],
    "external_images": [],
    "internal_images": [],
    "entities": {
        "persons": [],
        "locations": [],
        "organizations": [
            {
                "name": "Embree Financial Group",
                "sentiment": "none",
                "tickers": [
                    {
                        "ticker": null,
                        "exchange": null
                    }
                ]
            }
        ]
    },
    "syndication": {
        "syndicated": false,
        "syndicate_id": null,
        "first_syndicated": false
    },
    "trust": {
        "categories": [],
        "top_news": [],
        "bias": null,
        "source": {
            "type": null,
            "city": null,
            "state": null,
            "country": null,
            "domain_type": null,
            "agency": null,
            "organization_name": null
        }
    },
    "rating": null,
    "crawled": "2025-10-23T08:38:34.062+03:00",
    "updated": "2025-10-23T08:39:26.000+03:00"
}