{
    "thread": {
        "uuid": "0e04451b07419e72ae4a80d2ee546298cd1c8058",
        "url": "https://u.today/quantum-threat-to-bitcoin-just-got-more-real-bitwise-advisor-warns",
        "site_full": "u.today",
        "site": "u.today",
        "site_section": "https://u.today/litecoin",
        "site_categories": [
            "finance"
        ],
        "section_title": "Litecoin - Latest, hot news on U.Today",
        "site_title": "IT, AI and Fintech Daily News for You Today",
        "title": "Quantum Threat to Bitcoin Just Got More Real, Bitwise Advisor Warns",
        "title_full": "Quantum Threat to Bitcoin Just Got More Real, Bitwise Advisor Warns",
        "published": "2025-10-23T08:26:00.000+03:00",
        "replies_count": 0,
        "participants_count": 1,
        "site_type": "news",
        "country": "UA",
        "main_image": "https://u.today/sites/default/files/styles/twitterwithoutlogo/public/2025-10/23324234234234.png",
        "performance_score": 0,
        "domain_rank": 60938,
        "domain_rank_updated": "2025-10-20T00:00:00.000+03:00",
        "licensing_agency": [],
        "social": {
            "facebook": {
                "likes": 0,
                "comments": 0,
                "shares": 0
            },
            "vk": {
                "shares": 0
            }
        }
    },
    "uuid": "0e04451b07419e72ae4a80d2ee546298cd1c8058",
    "url": "https://u.today/quantum-threat-to-bitcoin-just-got-more-real-bitwise-advisor-warns",
    "ord_in_thread": 0,
    "author": "Alex Dovbnya",
    "published": "2025-10-23T08:26:00.000+03:00",
    "title": "Quantum Threat to Bitcoin Just Got More Real, Bitwise Advisor Warns",
    "text": "www.flickr.com\nBitcoins have mostly dismissed the threat posed by quantum computing as distant and overexaggerated.\nHowever, according to Bitwise advisor Jeff Park, this threat has now become \"a little more real.\"\n\"Quantum computing is basically the climate change of Bitcoin. Plenty of idiots who deny it because they can’t possibly grasp the amorphous or the astronomical, and plenty of scientists who understand it yet have no socially compelling solutions to offer,\" Park said in a recent social media post.\nWashington's quantum bet\nOn Wednesday, the Wall Street Journal reported that the US government was on track to take equity stakes in quantum computing firms.\nThe government might become a shareholder in such firms as Rigetti Computing, D-Wave Quantum, and IonQ as part of the agreement.\nChina already spends roughly $15 billion per year on quantum tech, and the US clearly does not want to be left behind.\nPrior to that, the US government would support the quantum industry only with some grants, but the equity stakes would mean that the US now takes the technology seriously enough\nNew hard fork?\nEarlier this year, Bitcoin developer Agustin Cruz proposed a hard fork that would protect Bitcoin from the quantum threat.\nThe draft BIP would allow Bitcoin to switch from legacy ECDSA, which could be potentially cracked by powerful quantum tech in the future, to post-quantum sigs like Dilithium.",
    "highlightText": "",
    "highlightTitle": "",
    "highlightThreadTitle": "",
    "language": "english",
    "sentiment": "negative",
    "categories": [
        "Economy, Business and Finance",
        "Science and Technology"
    ],
    "topics": [
        "Economy, Business and Finance->market and exchange",
        "Economy, Business and Finance->financial service",
        "Economy, Business and Finance->computing and information technology",
        "Science and Technology->technology and engineering",
        "Science and Technology->information technology and computer science"
    ],
    "ai_allow": true,
    "has_canonical": false,
    "breaking": false,
    "webz_reporter": false,
    "external_links": [
        "https://x.com/dgt10011/status/1981172189333508236",
        "https://x.com/dgt10011/status/1981180333409345654",
        "https://www.reuters.com/business/trump-administration-talks-take-stakes-quantum-computing-firms-wsj-reports-2025-10-23/",
        "https://www.reuters.com/business/trump-administration-talks-take-stakes-quantum-computing-firms-wsj-reports-2025-10-23",
        "https://www.x.com/dgt10011/status/1981180333409345654",
        "https://www.x.com/dgt10011/status/1981172189333508236",
        "https://reuters.com/business/trump-administration-talks-take-stakes-quantum-computing-firms-wsj-reports-2025-10-23/"
    ],
    "external_images": [],
    "internal_images": [],
    "entities": {
        "persons": [
            {
                "name": "Jeff Park",
                "sentiment": "none"
            }
        ],
        "locations": [],
        "organizations": [
            {
                "name": "Wall Street Journal",
                "sentiment": "none",
                "tickers": [
                    {
                        "ticker": null,
                        "exchange": null
                    }
                ]
            }
        ]
    },
    "syndication": {
        "syndicated": false,
        "syndicate_id": "0e04451b07419e72ae4a80d2ee546298cd1c8058",
        "first_syndicated": true
    },
    "trust": {
        "categories": [],
        "top_news": [],
        "bias": null,
        "source": {
            "type": null,
            "city": null,
            "state": null,
            "country": null,
            "domain_type": null,
            "agency": null,
            "organization_name": null
        }
    },
    "rating": null,
    "crawled": "2025-10-23T08:39:12.861+03:00",
    "updated": "2025-10-23T08:51:07.000+03:00"
}