{
    "thread": {
        "uuid": "493079e439ede776b93334f989efa41b5d1b0d5b",
        "url": "https://uk.marketscreener.com/news/ftse-100-seen-lower-as-us-and-asia-retreat-ce7d5ddbde8bf322",
        "site_full": "uk.marketscreener.com",
        "site": "marketscreener.com",
        "site_section": "http://uk.marketscreener.com/news/regions/europe/",
        "site_categories": [],
        "section_title": "Economic and stock market news in Europe | MarketScreener UK",
        "site_title": "Stock Market Today : Reports, Quotes and News - MarketScreener",
        "title": "FTSE 100 seen lower as US and Asia retreat | MarketScreener UK",
        "title_full": "FTSE 100 seen lower as US and Asia retreat | MarketScreener UK",
        "published": "2025-10-23T08:59:00.000+03:00",
        "replies_count": 0,
        "participants_count": 1,
        "site_type": "news",
        "country": "GB",
        "main_image": "https://cdn.zonebourse.com/static/resize/0/0//images/reuters/2016-09-22T120115Z_1_LYNXNPEC8L0Q9_RTROPTP_2_BRITAIN-EU-BOE.JPG",
        "performance_score": 0,
        "domain_rank": 11487,
        "domain_rank_updated": "2025-10-20T00:00:00.000+03:00",
        "licensing_agency": [
            "CFC"
        ],
        "social": {
            "facebook": {
                "likes": 0,
                "comments": 0,
                "shares": 0
            },
            "vk": {
                "shares": 0
            }
        }
    },
    "uuid": "493079e439ede776b93334f989efa41b5d1b0d5b",
    "url": "https://uk.marketscreener.com/news/ftse-100-seen-lower-as-us-and-asia-retreat-ce7d5ddbde8bf322",
    "ord_in_thread": 0,
    "author": "Alliance News",
    "published": "2025-10-23T08:59:00.000+03:00",
    "title": "FTSE 100 seen lower as US and Asia retreat | MarketScreener UK",
    "text": "(Alliance News) - Stocks in London are set to open lower on Thursday, replicating losses seen in Asia and on Wall Street overnight, as investors digest fresh sanctions on Russia and corporate earnings from major US firms.\nIG says futures indicate the FTSE 100 to open lower 4.1 points lower, or 0.1% at 9,519.10 on Thursday. The index of London large-caps closed at 9,5151.00 on Thursday.\nSterling was quoted at USD1.3341 early Thursday, down from USD1.3366 at the London equities close on Wednesday.\nThe euro traded at USD1.1599, slightly lower than USD1.1610 late Wednesday, while against the yen, the dollar strengthened to JPY152.32 from JPY151.78.\n\"It ended up being a bit of a wearisome Wednesday for financial markets yesterday, amid rather turgid trading conditions and (again) a distinct lack of fresh data or news flow,\" said Michael Brown, senior research strategist at Pepperstone.\nBrent oil was trading at USD64.93 a barrel early Thursday, up from USD62.61 late Wednesday, as the US and EU imposed new sanctions on Russia's energy sector.\nUS President Donald Trump announced sanctions against Russia's two largest oil producers, Rosneft and Lukoil, on Wednesday, complaining that his talks with President Vladimir Putin over the Ukraine war \"don't go anywhere.\"\nTrump said he hoped the \"tremendous sanctions\" would be short-lived, adding: \"We hope that the war will be settled.\"\nSpeaking alongside NATO Secretary General Mark Rutte at the White House, Trump said his patience had \"snapped\" after plans for a fresh summit with Putin in Budapest fell through. Rutte, often dubbed \"the Trump whisperer,\" said he was confident that \"with sustained pressure, we will be able to get Putin to the table to agree a ceasefire.\"\nThe EU also unveiled its 19th sanctions package since Russia's 2022 invasion, aimed at further constraining Moscow's oil and gas revenues.\nThe sanctions came hours after Russia's latest overnight barrage on Ukraine killed seven people – including two children – and ripped into a kindergarten.\nUS Secretary of State Marco Rubio said Wednesday evening that the US still wants to meet with the Russians, despite the sanctions.\nIn New York on Wednesday, Wall Street closed lower, with the Dow Jones Industrial Average down 0.7%, the S&P 500 down 0.5%, and the Nasdaq Composite falling 0.9%.\nTesla shares declined 3.8% in after hours trading on Wednesday after third quarter profit came in short of expectations, despite a beat on revenue, while deliveries climbed.\nNetflix extended its losses with shares plunging 10%, following disappointing quarterly results on Tuesday that fell short of market expectations.\nNet income in the three months to September fell to USD1.37 billion in the third quarter from USD2.17 billion a year earlier, while revenue rose 12% to USD28.10 billion from USD25.18 billion. Adjusted earnings per share fell to USD0.50, missing analyst forecasts of USD0.54.\nIn Asia on Thursday, the Nikkei 225 in Tokyo fell 1.7%, the Shanghai Composite in China was down 0.7%, and the Hang Seng Index in Hong Kong slipped 0.2%. The S&P/ASX 200 in Sydney closed marginally higher, up less than 0.1%.\nGold was quoted at USD4,090.40 an ounce early Thursday, up from USD4,028.64 late Wednesday.\n\"After a sharp decline of nearly USD380 from its record high of USD4,380 per ounce in just two sessions, gold has become the focal point of investor attention,\" said Linh Tran, market analyst at XS.com.\nIn Thursday's corporate calendar, Lloyds Banking Group, Antofagasta, AJ Bell and London Stock Exchange Group release trading statements, while Bloomsbury Publishing posts half-year results.\nIn the economic calendar, Canada retail sales and eurozone consumer confidence readings are due later in the day.\nBy Eva Castanedo, Alliance News reporter\nComments and questions to newsroom@alliancenews.com\nCopyright 2025 Alliance News Ltd. All Rights Reserved.\n© Alliance News - 2025",
    "highlightText": "",
    "highlightTitle": "",
    "highlightThreadTitle": "",
    "language": "english",
    "sentiment": "negative",
    "categories": [
        "Economy, Business and Finance"
    ],
    "topics": [
        "Economy, Business and Finance->financial and economic news",
        "Economy, Business and Finance->market and exchange"
    ],
    "ai_allow": false,
    "has_canonical": false,
    "breaking": false,
    "webz_reporter": false,
    "external_links": [
        "https://x.com/intent/tweet?text=FTSE",
        "https://www.linkedin.com/shareArticle?mini=true&url=https%3A%2F%2Fwww.marketscreener.com%2Fnews%2Fftse-100-seen-lower-as-us-and-asia-retreat-ce7d5ddbde8bf322%3Futm_source%3Dlinkedin%26utm_medium%3Dsocial%26utm_campaign%3Dshare&title=FTSE",
        "https://cdn.zonebourse.com/static/resize/768/432//images/reuters/2016-09-22T120115Z_1_LYNXNPEC8L0Q9_RTROPTP_2_BRITAIN-EU-BOE.JPG",
        "https://telegram.me/share/url?url=https%3A%2F%2Fwww.marketscreener.com%2Fnews%2Fftse-100-seen-lower-as-us-and-asia-retreat-ce7d5ddbde8bf322%3Futm_source%3Dtelegram%26utm_medium%3Dsocial%26utm_campaign%3Dshare",
        "https://www.facebook.com/sharer/sharer.php?u=https%3A%2F%2Fwww.marketscreener.com%2Fnews%2Fftse-100-seen-lower-as-us-and-asia-retreat-ce7d5ddbde8bf322%3Futm_source%3Dfacebook%26utm_medium%3Dsocial%26utm_campaign%3Dshare",
        "https://wa.me/?text=https%3A%2F%2Fwww.marketscreener.com%2Fnews%2Fftse-100-seen-lower-as-us-and-asia-retreat-ce7d5ddbde8bf322%3Futm_source%3Dwhatsapp%26utm_medium%3Dsocial%26utm_campaign%3Dshare",
        "https://x.com/intent/tweet",
        "https://telegram.me/share/url",
        "https://www.telegram.me/share/url?url=https%3A%2F%2Fwww.marketscreener.com%2Fnews%2Fftse-100-seen-lower-as-us-and-asia-retreat-ce7d5ddbde8bf322%3Futm_source%3Dtelegram%26utm_medium%3Dsocial%26utm_campaign%3Dshare",
        "https://www.x.com/intent/tweet?text=FTSE",
        "https://www.wa.me/?text=https%3A%2F%2Fwww.marketscreener.com%2Fnews%2Fftse-100-seen-lower-as-us-and-asia-retreat-ce7d5ddbde8bf322%3Futm_source%3Dwhatsapp%26utm_medium%3Dsocial%26utm_campaign%3Dshare",
        "https://linkedin.com/shareArticle?mini=true&url=https%3A%2F%2Fwww.marketscreener.com%2Fnews%2Fftse-100-seen-lower-as-us-and-asia-retreat-ce7d5ddbde8bf322%3Futm_source%3Dlinkedin%26utm_medium%3Dsocial%26utm_campaign%3Dshare&title=FTSE",
        "https://wa.me/",
        "https://www.facebook.com/sharer/sharer.php",
        "https://www.linkedin.com/shareArticle",
        "https://www.cdn.zonebourse.com/static/resize/768/432//images/reuters/2016-09-22T120115Z_1_LYNXNPEC8L0Q9_RTROPTP_2_BRITAIN-EU-BOE.JPG",
        "https://facebook.com/sharer/sharer.php?u=https%3A%2F%2Fwww.marketscreener.com%2Fnews%2Fftse-100-seen-lower-as-us-and-asia-retreat-ce7d5ddbde8bf322%3Futm_source%3Dfacebook%26utm_medium%3Dsocial%26utm_campaign%3Dshare"
    ],
    "external_images": [],
    "internal_images": [],
    "entities": {
        "persons": [
            {
                "name": "Michael Brown",
                "sentiment": "none"
            },
            {
                "name": "Donald Trump",
                "sentiment": "none"
            }
        ],
        "locations": [],
        "organizations": [
            {
                "name": "EU",
                "sentiment": "none",
                "tickers": [
                    {
                        "ticker": "EU",
                        "exchange": "NASDAQ"
                    }
                ]
            }
        ]
    },
    "syndication": {
        "syndicated": false,
        "syndicate_id": "493079e439ede776b93334f989efa41b5d1b0d5b",
        "first_syndicated": true
    },
    "trust": {
        "categories": [],
        "top_news": [],
        "bias": null,
        "source": {
            "type": null,
            "city": null,
            "state": null,
            "country": null,
            "domain_type": null,
            "agency": null,
            "organization_name": null
        }
    },
    "rating": null,
    "crawled": "2025-10-23T09:02:00.211+03:00",
    "updated": "2025-10-23T09:03:40.000+03:00"
}