{
    "thread": {
        "uuid": "4472039a3b41d7be2665be21aa7293c688759707",
        "url": "https://theindependent.sg/glitch-causes-grab-fares-to-surge-to-over-1000-for-rides-typically-costing-less-than-20/",
        "site_full": "theindependent.sg",
        "site": "theindependent.sg",
        "site_section": "https://theindependent.sg",
        "site_categories": [
            "media",
            "law_government_and_politics",
            "politics",
            "top_news_sg",
            "top_news"
        ],
        "section_title": "The Independent Singapore News - Latest Breaking News",
        "site_title": "The Independent Singapore News Latest Breaking News",
        "title": "Glitch causes Grab fares to surge to over $1000 for rides typically costing less than $20",
        "title_full": "Glitch causes Grab fares to surge to over $1000 for rides typically costing less than $20",
        "published": "2025-08-21T04:18:00.000+03:00",
        "replies_count": 0,
        "participants_count": 0,
        "site_type": "news",
        "country": "SG",
        "main_image": "",
        "performance_score": 0,
        "domain_rank": 43923,
        "domain_rank_updated": "2025-06-03T00:00:00.000+03:00",
        "licensing_agency": [],
        "social": {
            "facebook": {
                "likes": 9,
                "comments": 1,
                "shares": 0
            },
            "vk": {
                "shares": 0
            }
        }
    },
    "uuid": "4472039a3b41d7be2665be21aa7293c688759707",
    "url": "https://theindependent.sg/glitch-causes-grab-fares-to-surge-to-over-1000-for-rides-typically-costing-less-than-20/",
    "ord_in_thread": 0,
    "author": null,
    "published": "2025-08-21T04:18:00.000+03:00",
    "title": "Glitch causes Grab fares to surge to over $1000 for rides typically costing less than $20",
    "text": "SINGAPORE: Users of private-hire car operator Grab were shocked on Wednesday afternoon (Aug 20) when fares on the app surged to over a thousand dollars, far exceeding the usual rates of under $20.\nAccording to data from Downdetector, a network status monitoring site, 67 outage complaints about Grab were lodged within just 30 minutes between 11:45 a.m. and 12:15 p.m. By 12:22 p.m., reports of problems had dropped to two.\nChannel 8 reported that the app showed the fare for a standard four-seater private car or taxi ride from MediaCorp’s headquarters at one-north to Beauty World, a distance of 9 km, had jumped to $1,011.80 at around noon. By 12:25 p.m., the fare had fallen back to $16.40.\nAnother check showed that the price for the same vehicle type from MediaCorp’s headquarters to the Singapore Sports Hub briefly skyrocketed to $1,516.80 before normalising at $17.50.\nIt is not yet clear whether the abnormal fares were caused by a system failure, pricing mechanism issues, or other technical factors.\nReports of similar sky-high fares were also shared by Grab users in Thailand, Malaysia, and other countries, with many posting screenshots on social media. Some netizens joked that the prices were higher than air tickets.\nA Grab spokesperson confirmed that a temporary system glitch had caused the abnormal pricing to appear on the app. The issue, which lasted about 17 minutes, has since been resolved.\n“Grab sincerely apologises for the inconvenience caused to passengers,” the spokesperson said.\nGrab clarified that its system is designed to prevent bookings at such inflated prices, which should be automatically blocked. In the rare case that an exception occurs, the company said it would compensate affected orders.",
    "highlightText": "",
    "highlightTitle": "",
    "highlightThreadTitle": "",
    "language": "english",
    "sentiment": "negative",
    "categories": [
        "Economy, Business and Finance"
    ],
    "topics": [
        "Economy, Business and Finance->business and market analysis",
        "Economy, Business and Finance->transport"
    ],
    "ai_allow": true,
    "has_canonical": false,
    "breaking": null,
    "webz_reporter": false,
    "external_links": [],
    "external_images": [],
    "internal_images": [],
    "entities": {
        "persons": [],
        "locations": [],
        "organizations": []
    },
    "syndication": {
        "syndicated": false,
        "syndicate_id": null,
        "first_syndicated": false
    },
    "trust": {
        "categories": [],
        "top_news": [
            "top_news_sg",
            "top_news"
        ],
        "bias": null,
        "source": {
            "type": null,
            "city": null,
            "state": null,
            "country": null,
            "domain_type": null,
            "agency": null,
            "organization_name": null
        }
    },
    "rating": null,
    "crawled": "2025-08-21T08:33:41.329+03:00",
    "updated": "2025-08-22T09:06:39.000+03:00"
}