{
    "thread": {
        "uuid": "bdf2f4d983a55fe6d8c6b553e59f31cf5a8447b3",
        "url": "https://www.dailyliberal.com.au/video/breaking/x9p65zo/sydney-salon-targeted-twice-in-break-in-attempt/",
        "site_full": "www.dailyliberal.com.au",
        "site": "dailyliberal.com.au",
        "site_section": "https://www.dailyliberal.com.au/video",
        "site_categories": [
            "media"
        ],
        "section_title": "Video | Daily Liberal | Daily Liberal | Dubbo, NSW",
        "site_title": "Dubbo news, sport and weather | Daily Liberal | Dubbo, NSW",
        "title": "Sydney salon targeted twice in break-in attempt | Daily Liberal | Dubbo, NSW",
        "title_full": "Sydney salon targeted twice in break-in attempt | Daily Liberal | Dubbo, NSW",
        "published": "2025-08-21T07:46:15.964+03:00",
        "replies_count": 0,
        "participants_count": 0,
        "site_type": "news",
        "country": "AU",
        "main_image": "https://s1.dmcdn.net/v/YzE3K1efg2E-Ec_RJ/x480",
        "performance_score": 0,
        "domain_rank": 76448,
        "domain_rank_updated": "2025-06-03T00:00:00.000+03:00",
        "licensing_agency": [],
        "social": {
            "facebook": {
                "likes": 0,
                "comments": 0,
                "shares": 0
            },
            "vk": {
                "shares": 0
            }
        }
    },
    "uuid": "bdf2f4d983a55fe6d8c6b553e59f31cf5a8447b3",
    "url": "https://www.dailyliberal.com.au/video/breaking/x9p65zo/sydney-salon-targeted-twice-in-break-in-attempt/",
    "ord_in_thread": 0,
    "author": null,
    "published": "2025-08-21T07:46:15.964+03:00",
    "title": "Sydney salon targeted twice in break-in attempt | Daily Liberal | Dubbo, NSW",
    "text": "Ad\nSave\nShare\nGood afternoon,\nYour Content\nAccount\nMy Account\nLogout\nCentral Western Daily\nWestern Advocate\nBlayney Chronicle\nLithgow Mercury\nMudgee Guardian\nNarromine News\nNyngan Observer\nOberon Review\nWellington Times\nDaily Liberal's complete view of property\nSydney salon targeted twice in break-in attempt\nAugust 21 2025 - 2:11pm\nAugust 21 2025 - 2:11pm\nSave\nShare\nShare\nAdvertisement\nAd\nSubmit\nSend a Letter to the Editor",
    "highlightText": "",
    "highlightTitle": "",
    "highlightThreadTitle": "",
    "language": "english",
    "sentiment": "negative",
    "categories": [
        "Crime, Law and Justice",
        "Social Issue",
        "Economy, Business and Finance"
    ],
    "topics": [
        "Crime, Law and Justice->law enforcement",
        "Crime, Law and Justice->robbery and theft",
        "Crime, Law and Justice->investigation (criminal)",
        "Social Issue->social problem",
        "Social Issue->communities",
        "Social Issue->juvenile delinquency",
        "Economy, Business and Finance->consumer goods",
        "Economy, Business and Finance->business service"
    ],
    "ai_allow": true,
    "has_canonical": false,
    "breaking": false,
    "webz_reporter": false,
    "external_links": [],
    "external_images": [],
    "internal_images": [],
    "entities": {
        "persons": [],
        "locations": [],
        "organizations": [
            {
                "name": "Blayney Chronicle\nLithgow Mercury\nMudgee Guardian\nNarromine News\nNyngan Observer\nOberon Review\nWellington Times\nDaily Liberal",
                "sentiment": "none",
                "tickers": [
                    {
                        "ticker": null,
                        "exchange": null
                    }
                ]
            }
        ]
    },
    "syndication": {
        "syndicated": false,
        "syndicate_id": null,
        "first_syndicated": false
    },
    "trust": {
        "categories": [],
        "top_news": [],
        "bias": null,
        "source": {
            "type": null,
            "city": null,
            "state": null,
            "country": null,
            "domain_type": null,
            "agency": null,
            "organization_name": null
        }
    },
    "rating": null,
    "crawled": "2025-08-21T07:46:15.964+03:00",
    "updated": "2025-08-21T07:50:01.000+03:00"
}