{
    "thread": {
        "uuid": "e3bb29a31534fe54b57c3a4ec45595ebbd3eeb2c",
        "url": "https://www.newsbreak.com/chron-com-1592131/4186562692509-six-flags-is-under-investigation-for-fraud-as-it-tries-to-reel-in-more-visitors",
        "site_full": "www.newsbreak.com",
        "site": "newsbreak.com",
        "site_section": "https://www.newsbreak.com/chron-com-1592131",
        "site_categories": [
            "under_construction",
            "non_standard_content"
        ],
        "section_title": "Chron.com&#x27;s Home Page | NewsBreak",
        "site_title": "NewsBreak: Local News &amp; Alerts",
        "title": "Six Flags is under investigation for fraud as it tries to reel in more visitors - NewsBreak",
        "title_full": "Six Flags is under investigation for fraud as it tries to reel in more visitors - NewsBreak",
        "published": "2025-08-21T03:55:00.000+03:00",
        "replies_count": 0,
        "participants_count": 1,
        "site_type": "news",
        "country": "US",
        "main_image": "https://img.particlenews.com/img/id/0TumK0_13yTY4Ca00",
        "performance_score": 0,
        "domain_rank": 3213,
        "domain_rank_updated": "2025-06-03T00:00:00.000+03:00",
        "licensing_agency": [],
        "social": {
            "facebook": {
                "likes": 0,
                "comments": 0,
                "shares": 0
            },
            "vk": {
                "shares": 0
            }
        }
    },
    "uuid": "e3bb29a31534fe54b57c3a4ec45595ebbd3eeb2c",
    "url": "https://www.newsbreak.com/chron-com-1592131/4186562692509-six-flags-is-under-investigation-for-fraud-as-it-tries-to-reel-in-more-visitors",
    "ord_in_thread": 0,
    "author": "Andrea Guzmán",
    "published": "2025-08-21T03:55:00.000+03:00",
    "title": "Six Flags is under investigation for fraud as it tries to reel in more visitors - NewsBreak",
    "text": "Open in NewsBreak\n|\nSign in\nChoose your location\nSee all locations\nSign In\nAbout NewsBreak\nPartner with us\nFollow us\n©2024 NewsBreak. All Rights Reserved.\nChron.com\n·\npublisher · 18.3K followers\nSix Flags is under investigation for fraud as it tries to reel in more visitors\nBy\nAndrea Guzmán\n,\n4 hours ago\nIt's been a tough summer.\nRead full article\nRead in NewsBreak\nRelated Topics\nSix Flags Entertainment Corporation\nComments\nResponse\nCommunity Policy\nYOU MAY ALSO LIKE",
    "highlightText": "",
    "highlightTitle": "",
    "highlightThreadTitle": "",
    "language": "english",
    "sentiment": "negative",
    "categories": [
        "Economy, Business and Finance",
        "Crime, Law and Justice",
        "Social Issue"
    ],
    "topics": [
        "Economy, Business and Finance->business governance",
        "Crime, Law and Justice->investigation (criminal)",
        "Crime, Law and Justice->corporate crime",
        "Crime, Law and Justice->fraud",
        "Social Issue->diversity, equity and inclusion",
        "Social Issue->discrimination",
        "Social Issue->social problem"
    ],
    "ai_allow": true,
    "has_canonical": true,
    "breaking": null,
    "webz_reporter": false,
    "external_links": [],
    "external_images": [],
    "internal_images": [],
    "entities": {
        "persons": [
            {
                "name": "Andrea Guzmán",
                "sentiment": "none"
            }
        ],
        "locations": [],
        "organizations": []
    },
    "syndication": {
        "syndicated": false,
        "syndicate_id": null,
        "first_syndicated": false
    },
    "trust": {
        "categories": [
            "fake_news"
        ],
        "top_news": [],
        "bias": "center",
        "source": {
            "type": null,
            "city": null,
            "state": null,
            "country": null,
            "domain_type": null,
            "agency": null,
            "organization_name": null
        }
    },
    "rating": null,
    "crawled": "2025-08-21T08:08:56.095+03:00",
    "updated": "2025-08-21T08:12:35.000+03:00"
}