{
    "thread": {
        "uuid": "10456643fecce3569f1f0f140534a307f6c173d5",
        "url": "https://www.nzherald.co.nz/entertainment/should-you-quit-spotify-substack-why-some-kiwis-are-leaving-these-popular-platforms/GB3WSRL3QRDSNFSO3VBHC5SQKE/",
        "site_full": "www.nzherald.co.nz",
        "site": "nzherald.co.nz",
        "site_section": "https://www.golf.einnews.com/live_feed",
        "site_categories": [
            "science",
            "geology",
            "top_news_au",
            "top_news_nz",
            "top_news"
        ],
        "section_title": "Live Feed Wire - Golf News Today - EIN Presswire",
        "site_title": "NZ Herald: Breaking &amp; Latest New Zealand News - NZ Herald",
        "title": "Should you quit Spotify, Substack? Why some Kiwis are leaving the popular platforms",
        "title_full": "Should you quit Spotify, Substack? Why some Kiwis are leaving the popular platforms",
        "published": "2025-08-21T08:00:00.000+03:00",
        "replies_count": 0,
        "participants_count": 1,
        "site_type": "news",
        "country": "NZ",
        "main_image": "https://www.nzherald.co.nz/resizer/v2/P4OYESDSNFGDLGOYVLKQV3QDUI.jpg?auth=22527c18a9fa64125057f48e91e57134ce3709f394591abedccda0e1c2f600d3&amp;width=1200&amp;height=675&amp;quality=70&amp;focal=1198%2C925&amp;smart=false",
        "performance_score": 0,
        "domain_rank": 1281,
        "domain_rank_updated": "2025-06-03T00:00:00.000+03:00",
        "licensing_agency": [],
        "social": {
            "facebook": {
                "likes": 0,
                "comments": 0,
                "shares": 1
            },
            "vk": {
                "shares": 0
            }
        }
    },
    "uuid": "10456643fecce3569f1f0f140534a307f6c173d5",
    "url": "https://www.nzherald.co.nz/entertainment/should-you-quit-spotify-substack-why-some-kiwis-are-leaving-these-popular-platforms/GB3WSRL3QRDSNFSO3VBHC5SQKE/",
    "ord_in_thread": 0,
    "author": "@nzherald",
    "published": "2025-08-21T08:00:00.000+03:00",
    "title": "Should you quit Spotify, Substack? Why some Kiwis are leaving the popular platforms",
    "text": "Green MP Tamatha Paul and journalist David Farrier are among high-profile New Zealanders quitting billion-dollar platforms Spotify and Substack over concerns including spending on weapons, the use of AI and a lack of content moderation.\nIn June, Spotify chief executive and co-founder Daniel Ek announced that through",
    "highlightText": "",
    "highlightTitle": "",
    "highlightThreadTitle": "",
    "language": "english",
    "sentiment": "negative",
    "categories": [
        "Social Issue",
        "Economy, Business and Finance",
        "Human Interest"
    ],
    "topics": [
        "Social Issue->discrimination",
        "Social Issue->social networking",
        "Social Issue->values",
        "Economy, Business and Finance->business strategy and marketing",
        "Economy, Business and Finance->consumer goods",
        "Economy, Business and Finance->media and entertainment industry"
    ],
    "ai_allow": true,
    "has_canonical": false,
    "breaking": true,
    "webz_reporter": false,
    "external_links": [],
    "external_images": [],
    "internal_images": [],
    "entities": {
        "persons": [
            {
                "name": "David Farrier",
                "sentiment": "positive"
            },
            {
                "name": "Tamatha Paul",
                "sentiment": "positive"
            },
            {
                "name": "Daniel Ek",
                "sentiment": "none"
            }
        ],
        "locations": [],
        "organizations": []
    },
    "syndication": {
        "syndicated": false,
        "syndicate_id": null,
        "first_syndicated": false
    },
    "trust": {
        "categories": [
            "trusted_news"
        ],
        "top_news": [
            "top_news_au",
            "top_news_nz",
            "top_news"
        ],
        "bias": "center",
        "source": {
            "type": null,
            "city": null,
            "state": null,
            "country": null,
            "domain_type": null,
            "agency": null,
            "organization_name": null
        }
    },
    "rating": null,
    "crawled": "2025-08-21T08:09:58.289+03:00",
    "updated": "2025-08-22T09:06:10.000+03:00"
}