{
    "thread": {
        "uuid": "bb1418d498af76e01ad5c458a1c16801c9f0d30c",
        "url": "https://www.marketbeat.com/instant-alerts/berkeley-group-otcmktsbkgfy-trading-down-34-heres-why-2025-08-18/",
        "site_full": "www.marketbeat.com",
        "site": "marketbeat.com",
        "site_section": "https://www.marketbeat.com/rss.ashx?type=headlines",
        "site_categories": [
            "investing",
            "financial_news",
            "finance",
            "stocks"
        ],
        "section_title": "MarketBeat News Feed",
        "site_title": "MarketBeat: Stock Market News and Research Tools",
        "title": "Berkeley Group (OTCMKTS:BKGFY) Trading Down 3.4% - Here's Why",
        "title_full": "Berkeley Group (OTCMKTS:BKGFY) Trading Down 3.4% - Here's Why",
        "published": "2025-08-21T07:38:00.000+03:00",
        "replies_count": 0,
        "participants_count": 1,
        "site_type": "news",
        "country": "US",
        "main_image": "https://www.marketbeat.com/logos/the-berkeley-group-holdings-plc-logo-1200x675.png?v=20240530100953",
        "performance_score": 0,
        "domain_rank": 9003,
        "domain_rank_updated": "2025-06-03T00:00:00.000+03:00",
        "licensing_agency": [],
        "social": {
            "facebook": {
                "likes": 0,
                "comments": 0,
                "shares": 0
            },
            "vk": {
                "shares": 0
            }
        }
    },
    "uuid": "bb1418d498af76e01ad5c458a1c16801c9f0d30c",
    "url": "https://www.marketbeat.com/instant-alerts/berkeley-group-otcmktsbkgfy-trading-down-34-heres-why-2025-08-18/",
    "ord_in_thread": 0,
    "author": "MarketBeat",
    "published": "2025-08-21T07:38:00.000+03:00",
    "title": "Berkeley Group (OTCMKTS:BKGFY) Trading Down 3.4% - Here's Why",
    "text": "Berkeley Group (OTCMKTS:BKGFY) Trading Down 3.4% - Here's Why Written by MarketBeat August 20, 2025 Share Link copied to clipboard. Key Points The shares of Berkeley Group Holdings PLC (OTCMKTS:BKGFY) decreased by 3.4% , trading as low as $9.86 with a last traded price of $9.97 on Monday. Analysts have upgraded Berkeley Group's stock ratings, with UBS Group changing it from a \"hold\" to a \" strong-buy \" rating, indicating growing confidence in the company's performance. The company's current ratio is notably high at 3.36 , suggesting it is in a strong position to meet short-term obligations. Need better tools to track Berkeley Group? Try 5 Weeks of MarketBeat All Access for $5. Start Portfolio Tracking Now . Berkeley Group Holdings PLC Unsponsored ADR ( OTCMKTS:BKGFY - Get Free Report ) shares were down 3.4% on Monday . The company traded as low as $9.86 and last traded at $9.97. Approximately 53,755 shares traded hands during mid-day trading, a decline of 52% from the average daily volume of 111,446 shares. The stock had previously closed at $10.32. Get Berkeley Group alerts: Sign Up Wall Street Analyst Weigh In\nSeveral research analysts have recently weighed in on BKGFY shares. Kepler Capital Markets upgraded Berkeley Group to a \"hold\" rating in a report on Wednesday, July 23rd. Royal Bank Of Canada raised Berkeley Group from a \"strong sell\" rating to a \"moderate buy\" rating in a research note on Wednesday, July 9th. Finally, UBS Group upgraded Berkeley Group from a \"hold\" rating to a \"strong-buy\" rating in a report on Monday, April 28th.\nCheck Out Our Latest Report on Berkeley Group Berkeley Group Trading Down 3.4%\nThe firm's fifty day simple moving average is $10.26 and its two-hundred day simple moving average is $10.25. The company has a quick ratio of 0.61, a current ratio of 3.36 and a debt-to-equity ratio of 0.19. About Berkeley Group ( Get Free Report )\nThe Berkeley Group Holdings plc, together with its subsidiaries, engages in the residential-led and mixed-use property development and ancillary activities in the United Kingdom. The company is involved in land selling activities. It operates under the Berkeley, St Edward, St George, St James, St Joseph, and St William brand names. Featured Stories\nThis instant news alert was generated by narrative science technology and financial data from MarketBeat in order to provide readers with the fastest and most accurate reporting. This story was reviewed by MarketBeat's editorial team prior to publication. Please send any questions or comments about this story to contact@marketbeat.com.\nShould You Invest $1,000 in Berkeley Group Right Now? Before you consider Berkeley Group, you'll want to hear this.\nMarketBeat keeps track of Wall Street's top-rated and best performing research analysts and the stocks they recommend to their clients on a daily basis. MarketBeat has identified the five stocks that top analysts are quietly whispering to their clients to buy now before the broader market catches on... and Berkeley Group wasn't on the list.\nWhile Berkeley Group currently has a Buy rating among analysts, top-rated analysts believe these five stocks are better buys.\nView The Five Stocks Here\nElon Musk's Next Move Explore Elon Musk’s boldest ventures yet—from AI and autonomy to space colonization—and find out how investors can ride the next wave of innovation.\nGet This Free Report Like this article? Share it with a colleague. Link copied to clipboard.",
    "highlightText": "",
    "highlightTitle": "",
    "highlightThreadTitle": "",
    "language": "english",
    "sentiment": "negative",
    "categories": [
        "Economy, Business and Finance",
        "Social Issue",
        "Lifestyle and Leisure"
    ],
    "topics": [
        "Economy, Business and Finance->financial and economic news",
        "Economy, Business and Finance->business reporting and performance",
        "Social Issue->social condition",
        "Social Issue->population and census",
        "Social Issue->demographics",
        "Lifestyle and Leisure->lifestyle",
        "Lifestyle and Leisure->wellness",
        "Lifestyle and Leisure->trend"
    ],
    "ai_allow": true,
    "has_canonical": false,
    "breaking": false,
    "webz_reporter": false,
    "external_links": [
        "https://api.stocktwits.com/widgets/share?via=MarketBeat&body=Berkeley+Group+(OTCMKTS%3aBKGFY)+Trading+Down+3.4%25++-+Here%27s+Why%20https://www.marketbeat.com/instant-alerts/berkeley-group-otcmktsbkgfy-trading-down-34-heres-why-2025-08-18/",
        "https://www.americanconsumernews.net/scripts/standalone/viewcount.ashx?type=h&id=2943123&domain=marketbeat.com&referrer=",
        "https://www.american",
        "https://twitter.com/intent/tweet?text=Berkeley+Group+(OTCMKTS%3aBKGFY)+Trading+Down+3.4%25++-+Here%27s+Why%20%24BKGFY%20%23BKGFY%20https://www.marketbeat.com/instant-alerts/berkeley-group-otcmktsbkgfy-trading-down-34-heres-why-2025-08-18/",
        "https://twitter.com/intent/tweet?text=Berkeley+Group+(OTCMKTS%3aBKGFY)+Trading+Down+3.4%25++-+Here%27s+Why%20https://www.marketbeat.com/instant-alerts/berkeley-group-otcmktsbkgfy-trading-down-34-heres-why-2025-08-18/",
        "https://www.facebook.com/sharer/sharer.php?u=https://www.marketbeat.com/instant-alerts/berkeley-group-otcmktsbkgfy-trading-down-34-heres-why-2025-08-18/",
        "https://www.linkedin.com/cws/share?mini=true&url=https://www.marketbeat.com/instant-alerts/berkeley-group-otcmktsbkgfy-trading-down-34-heres-why-2025-08-18/",
        "https://api.stocktwits.com/widgets/share?via=MarketBeat&body=Berkeley+Group+(OTCMKTS%3aBKGFY)+Trading+Down+3.4%25++-+Here%27s+Why%20https://marketbeat.com/instant-alerts/berkeley-group-otcmktsbkgfy-trading-down-34-heres-why-2025-08-18/",
        "https://twitter.com/intent/tweet?text=Berkeley+Group+(OTCMKTS%3aBKGFY)+Trading+Down+3.4%25++-+Here%27s+Why%20%24BKGFY%20%23BKGFY%20https://www.marketbeat.com/instant-alerts/berkeley-group-otcmktsbkgfy-trading-down-34-heres-why-2025-08-18",
        "https://www.linkedin.com/cws/share?mini=true&url=https://www.marketbeat.com/instant-alerts/berkeley-group-otcmktsbkgfy-trading-down-34-heres-why-2025-08-18",
        "https://american",
        "https://twitter.com/intent/tweet?text=Berkeley+Group+(OTCMKTS%3aBKGFY)+Trading+Down+3.4%25++-+Here%27s+Why%20https://marketbeat.com/instant-alerts/berkeley-group-otcmktsbkgfy-trading-down-34-heres-why-2025-08-18/",
        "https://linkedin.com/cws/share?mini=true&url=https://marketbeat.com/instant-alerts/berkeley-group-otcmktsbkgfy-trading-down-34-heres-why-2025-08-18/",
        "https://twitter.com/intent/tweet?text=Berkeley+Group+(OTCMKTS%3aBKGFY)+Trading+Down+3.4%25++-+Here%27s+Why%20%24BKGFY%20%23BKGFY%20https://marketbeat.com/instant-alerts/berkeley-group-otcmktsbkgfy-trading-down-34-heres-why-2025-08-18/",
        "https://www.facebook.com/sharer/sharer.php?u=https://www.marketbeat.com/instant-alerts/berkeley-group-otcmktsbkgfy-trading-down-34-heres-why-2025-08-18",
        "https://www.facebook.com/sharer/sharer.php",
        "https://twitter.com/intent/tweet?text=Berkeley+Group+(OTCMKTS%3aBKGFY)+Trading+Down+3.4%25++-+Here%27s+Why%20https://www.marketbeat.com/instant-alerts/berkeley-group-otcmktsbkgfy-trading-down-34-heres-why-2025-08-18",
        "https://www.linkedin.com/cws/share",
        "https://facebook.com/sharer/sharer.php?u=https://marketbeat.com/instant-alerts/berkeley-group-otcmktsbkgfy-trading-down-34-heres-why-2025-08-18/",
        "https://americanconsumernews.net/scripts/standalone/viewcount.ashx?type=h&id=2943123&domain=marketbeat.com&referrer=",
        "https://www.americanconsumernews.net/scripts/standalone/viewcount.ashx",
        "https://api.stocktwits.com/widgets/share",
        "https://twitter.com/intent/tweet",
        "https://api.stocktwits.com/widgets/share?via=MarketBeat&body=Berkeley+Group+(OTCMKTS%3aBKGFY)+Trading+Down+3.4%25++-+Here%27s+Why%20https://www.marketbeat.com/instant-alerts/berkeley-group-otcmktsbkgfy-trading-down-34-heres-why-2025-08-18"
    ],
    "external_images": [],
    "internal_images": [],
    "entities": {
        "persons": [],
        "locations": [],
        "organizations": [
            {
                "name": "Berkeley Group Holdings PLC",
                "sentiment": "neutral",
                "tickers": []
            },
            {
                "name": "UBS Group",
                "sentiment": "none",
                "tickers": [
                    {
                        "ticker": "UBS",
                        "exchange": null
                    }
                ]
            }
        ]
    },
    "syndication": {
        "syndicated": false,
        "syndicate_id": null,
        "first_syndicated": false
    },
    "trust": {
        "categories": [],
        "top_news": [],
        "bias": null,
        "source": {
            "type": null,
            "city": null,
            "state": null,
            "country": null,
            "domain_type": null,
            "agency": null,
            "organization_name": null
        }
    },
    "rating": null,
    "crawled": "2025-08-21T07:42:46.834+03:00",
    "updated": "2025-08-21T07:48:57.000+03:00"
}