{
    "thread": {
        "uuid": "e358d81168cfbc156a0c90c4fad84e9eecbdc0ee",
        "url": "https://www.devdiscourse.com/article/business/3548649-trumps-fed-interference-sparks-currency-market-anxiety",
        "site_full": "www.devdiscourse.com",
        "site": "devdiscourse.com",
        "site_section": "http://www.devdiscourse.com/news-analysis/",
        "site_categories": [
            "media"
        ],
        "section_title": "Breaking News, Development News, Latest News, Politics News, Sports News | Devdiscourse",
        "site_title": "International Development News, Breaking News, Opinion and Analysis - Devdiscourse",
        "title": "Trump's Fed Interference Sparks Currency Market Anxiety | Business",
        "title_full": "Trump's Fed Interference Sparks Currency Market Anxiety | Business",
        "published": "2025-08-21T08:00:00.000+03:00",
        "replies_count": 0,
        "participants_count": 1,
        "site_type": "news",
        "country": "IN",
        "main_image": "https://www.devdiscourse.com/remote.axd?https://devdiscourse.blob.core.windows.net/aiimagegallery/05_07_2024_14_18_40_3413679.png?width=920&format=jpeg",
        "performance_score": 0,
        "domain_rank": 9270,
        "domain_rank_updated": "2025-06-03T00:00:00.000+03:00",
        "licensing_agency": [],
        "social": {
            "facebook": {
                "likes": 0,
                "comments": 0,
                "shares": 0
            },
            "vk": {
                "shares": 0
            }
        }
    },
    "uuid": "e358d81168cfbc156a0c90c4fad84e9eecbdc0ee",
    "url": "https://www.devdiscourse.com/article/business/3548649-trumps-fed-interference-sparks-currency-market-anxiety",
    "ord_in_thread": 0,
    "author": "Devdiscourse News Desk",
    "published": "2025-08-21T08:00:00.000+03:00",
    "title": "Trump's Fed Interference Sparks Currency Market Anxiety | Business",
    "text": "Trump's Fed Interference Sparks Currency Market Anxiety\nThe U.S. dollar remained stable as investors worried about potential political influence over the Federal Reserve following President Trump's criticisms. Trump's attacks, particularly on Fed Governor Lisa Cook, have raised concerns about central bank independence, potentially affecting rate outlooks and currency stability before Chair Jerome Powell's remarks.\nInvestors faced uncertainty on Thursday as the U.S. dollar remained stable amidst concerns over the Federal Reserve's independence. President Donald Trump's latest criticisms of the central bank appeared to trigger apprehension, especially after he called for Fed Governor Lisa Cook's resignation based on mortgage allegations.\nDespite Trump considering the removal of Cook, investor reactions were muted. Experts like TD Securities' Prashant Newnaha suggested the controversy held minimal immediate effect on monetary policy, though concerns about regulatory functions and oversight were noted.\nCurrency market reactions were subdued; the dollar index showed a slight rise this week. Meanwhile, anticipation grows over Federal Reserve Chair Jerome Powell's upcoming speech, which may address market expectations regarding rate cuts, especially in light of a weak July jobs report.",
    "highlightText": "",
    "highlightTitle": "",
    "highlightThreadTitle": "",
    "language": "english",
    "sentiment": "negative",
    "categories": [
        "Economy, Business and Finance",
        "Politics",
        "Social Issue"
    ],
    "topics": [
        "Economy, Business and Finance->foreign exchange market",
        "Economy, Business and Finance->macro economics",
        "Economy, Business and Finance->financial and economic news",
        "Politics->international relations",
        "Politics->political process",
        "Politics->economic policy",
        "Social Issue->social condition"
    ],
    "ai_allow": true,
    "has_canonical": false,
    "breaking": false,
    "webz_reporter": false,
    "external_links": [],
    "external_images": [],
    "internal_images": [],
    "entities": {
        "persons": [
            {
                "name": "Jerome Powell",
                "sentiment": "none"
            },
            {
                "name": "Donald Trump",
                "sentiment": "none"
            },
            {
                "name": "Lisa Cook",
                "sentiment": "none"
            }
        ],
        "locations": [],
        "organizations": [
            {
                "name": "Federal Reserve",
                "sentiment": "none",
                "tickers": [
                    {
                        "ticker": null,
                        "exchange": null
                    }
                ]
            }
        ]
    },
    "syndication": {
        "syndicated": false,
        "syndicate_id": null,
        "first_syndicated": false
    },
    "trust": {
        "categories": [],
        "top_news": [],
        "bias": null,
        "source": {
            "type": null,
            "city": null,
            "state": null,
            "country": null,
            "domain_type": null,
            "agency": null,
            "organization_name": null
        }
    },
    "rating": null,
    "crawled": "2025-08-21T08:04:03.889+03:00",
    "updated": "2025-08-21T08:08:28.000+03:00"
}