{
    "thread": {
        "uuid": "584369ce2a769b7b9c6b271beaea187d107669cf",
        "url": "https://uk.marketscreener.com/news/sonic-healthcare-limited-reports-earnings-results-for-the-full-year-ended-june-30-2025-ce7c51d3d981f122",
        "site_full": "uk.marketscreener.com",
        "site": "marketscreener.com",
        "site_section": "https://uk.marketscreener.com/news/companies/",
        "site_categories": [],
        "section_title": "Stock Market Listed Companies News - MarketScreener UK",
        "site_title": "Stock Market Today : Reports, Quotes and News - MarketScreener",
        "title": "Sonic Healthcare Limited Reports Earnings Results for the Full Year Ended June 30, 2025 | MarketScreener UK",
        "title_full": "Sonic Healthcare Limited Reports Earnings Results for the Full Year Ended June 30, 2025 | MarketScreener UK",
        "published": "2025-08-21T07:06:00.000+03:00",
        "replies_count": 0,
        "participants_count": 1,
        "site_type": "news",
        "country": "GB",
        "main_image": "https://uk.marketscreener.com/images/twitter_MS_fdblanc.png",
        "performance_score": 0,
        "domain_rank": 3601,
        "domain_rank_updated": "2025-06-03T00:00:00.000+03:00",
        "licensing_agency": [
            "CFC"
        ],
        "social": {
            "facebook": {
                "likes": 0,
                "comments": 0,
                "shares": 0
            },
            "vk": {
                "shares": 0
            }
        }
    },
    "uuid": "584369ce2a769b7b9c6b271beaea187d107669cf",
    "url": "https://uk.marketscreener.com/news/sonic-healthcare-limited-reports-earnings-results-for-the-full-year-ended-june-30-2025-ce7c51d3d981f122",
    "ord_in_thread": 0,
    "author": "S&P Capital IQ",
    "published": "2025-08-21T07:06:00.000+03:00",
    "title": "Sonic Healthcare Limited Reports Earnings Results for the Full Year Ended June 30, 2025 | MarketScreener UK",
    "text": "Sonic Healthcare Limited -13.12% Sonic Healthcare Limited reported earnings results for the full year ended June 30, 2025. For the full year, the company reported sales was AUD 9,645.45 million compared to AUD 8,967.41 million a year ago. Revenue was AUD 9,645.45 million compared to AUD 8,999.75 million a year ago.\nNet income was AUD 513.6 million compared to AUD 511.09 million a year ago. Basic earnings per share from continuing operations was AUD 1.07 compared to AUD 1.073 a year ago. Diluted earnings per share from continuing operations was AUD 106.7 compared to AUD 107.2 a year ago.\n© S&P Capital IQ - 2025",
    "highlightText": "",
    "highlightTitle": "",
    "highlightThreadTitle": "",
    "language": "english",
    "sentiment": "negative",
    "categories": [
        "Economy, Business and Finance"
    ],
    "topics": [
        "Economy, Business and Finance->business reporting and performance",
        "Economy, Business and Finance->financial service"
    ],
    "ai_allow": false,
    "has_canonical": false,
    "breaking": false,
    "webz_reporter": false,
    "external_links": [
        "https://www.linkedin.com/shareArticle?mini=true&url=https%3A%2F%2Fwww.marketscreener.com%2Fnews%2Fsonic-healthcare-limited-reports-earnings-results-for-the-full-year-ended-june-30-2025-ce7c51d3d981f122%3Futm_source%3Dlinkedin%26utm_medium%3Dsocial%26utm_campaign%3Dshare&title=Sonic",
        "https://x.com/intent/tweet?text=Sonic",
        "https://telegram.me/share/url?url=https%3A%2F%2Fwww.marketscreener.com%2Fnews%2Fsonic-healthcare-limited-reports-earnings-results-for-the-full-year-ended-june-30-2025-ce7c51d3d981f122%3Futm_source%3Dtelegram%26utm_medium%3Dsocial%26utm_campaign%3Dshare",
        "https://www.facebook.com/sharer/sharer.php?u=https%3A%2F%2Fwww.marketscreener.com%2Fnews%2Fsonic-healthcare-limited-reports-earnings-results-for-the-full-year-ended-june-30-2025-ce7c51d3d981f122%3Futm_source%3Dfacebook%26utm_medium%3Dsocial%26utm_campaign%3Dshare",
        "https://wa.me/?text=https%3A%2F%2Fwww.marketscreener.com%2Fnews%2Fsonic-healthcare-limited-reports-earnings-results-for-the-full-year-ended-june-30-2025-ce7c51d3d981f122%3Futm_source%3Dwhatsapp%26utm_medium%3Dsocial%26utm_campaign%3Dshare",
        "https://www.telegram.me/share/url?url=https%3A%2F%2Fwww.marketscreener.com%2Fnews%2Fsonic-healthcare-limited-reports-earnings-results-for-the-full-year-ended-june-30-2025-ce7c51d3d981f122%3Futm_source%3Dtelegram%26utm_medium%3Dsocial%26utm_campaign%3Dshare",
        "https://linkedin.com/shareArticle?mini=true&url=https%3A%2F%2Fwww.marketscreener.com%2Fnews%2Fsonic-healthcare-limited-reports-earnings-results-for-the-full-year-ended-june-30-2025-ce7c51d3d981f122%3Futm_source%3Dlinkedin%26utm_medium%3Dsocial%26utm_campaign%3Dshare&title=Sonic",
        "https://x.com/intent/tweet",
        "https://www.x.com/intent/tweet?text=Sonic",
        "https://www.wa.me/?text=https%3A%2F%2Fwww.marketscreener.com%2Fnews%2Fsonic-healthcare-limited-reports-earnings-results-for-the-full-year-ended-june-30-2025-ce7c51d3d981f122%3Futm_source%3Dwhatsapp%26utm_medium%3Dsocial%26utm_campaign%3Dshare",
        "https://telegram.me/share/url",
        "https://facebook.com/sharer/sharer.php?u=https%3A%2F%2Fwww.marketscreener.com%2Fnews%2Fsonic-healthcare-limited-reports-earnings-results-for-the-full-year-ended-june-30-2025-ce7c51d3d981f122%3Futm_source%3Dfacebook%26utm_medium%3Dsocial%26utm_campaign%3Dshare",
        "https://wa.me/",
        "https://www.facebook.com/sharer/sharer.php",
        "https://www.linkedin.com/shareArticle"
    ],
    "external_images": [],
    "internal_images": [],
    "entities": {
        "persons": [],
        "locations": [],
        "organizations": []
    },
    "syndication": {
        "syndicated": false,
        "syndicate_id": null,
        "first_syndicated": false
    },
    "trust": {
        "categories": [],
        "top_news": [],
        "bias": null,
        "source": {
            "type": null,
            "city": null,
            "state": null,
            "country": null,
            "domain_type": null,
            "agency": null,
            "organization_name": null
        }
    },
    "rating": null,
    "crawled": "2025-08-21T07:48:54.521+03:00",
    "updated": "2025-08-21T07:50:53.000+03:00"
}