{
    "thread": {
        "uuid": "ce6d95c2dae839182f9bbdfda826a98a41d1dda5",
        "url": "https://www.cnbc.com/video/2025/08/21/trump-pressures-fed-again.html",
        "site_full": "www.cnbc.com",
        "site": "cnbc.com",
        "site_section": "https://www.cnbc.com/video",
        "site_categories": [
            "financial_news",
            "finance",
            "top_news_nz",
            "top_news_au",
            "top_news_ae",
            "top_news_us",
            "top_news_tw",
            "top_news_gb",
            "top_news_th",
            "top_news_kr",
            "top_news_sg",
            "top_news_ph",
            "top_news_hk",
            "top_news_qa",
            "top_news_ie",
            "top_news_pk",
            "top_news_dk",
            "top_news_za",
            "top_news_my",
            "top_news_il",
            "top_news_kw",
            "top_news_ca",
            "top_news_iq",
            "top_news"
        ],
        "section_title": "CNBC Latest Video News &amp; Clips",
        "site_title": "International Business, World News &amp; Global Stock Market Analysis",
        "title": "Rising property prices in Tokyo fuels anti-immigration sentiment",
        "title_full": "Rising property prices in Tokyo fuels anti-immigration sentiment",
        "published": "2025-08-21T07:13:00.000+03:00",
        "replies_count": 0,
        "participants_count": 1,
        "site_type": "news",
        "country": "US",
        "main_image": "https://image.cnbcfm.com/api/v1/image/108188890-17557491351755749132-41277446531-1080pnbcnews.jpg?v=1755749134&amp;w=1920&amp;h=1080",
        "performance_score": 0,
        "domain_rank": 152,
        "domain_rank_updated": "2025-06-03T00:00:00.000+03:00",
        "licensing_agency": [],
        "social": {
            "facebook": {
                "likes": 0,
                "comments": 0,
                "shares": 0
            },
            "vk": {
                "shares": 0
            }
        }
    },
    "uuid": "ce6d95c2dae839182f9bbdfda826a98a41d1dda5",
    "url": "https://www.cnbc.com/video/2025/08/21/trump-pressures-fed-again.html",
    "ord_in_thread": 0,
    "author": "@CNBC",
    "published": "2025-08-21T07:13:00.000+03:00",
    "title": "Rising property prices in Tokyo fuels anti-immigration sentiment",
    "text": "CNBC's Lin Lin talks to Squawk Box Asia's anchor Martin Soong about rising property prices in Japan's mega cities, as foreign buyers swoop in, fueling anti-immigration sentiment. 04:16 23 minutes ago",
    "highlightText": "",
    "highlightTitle": "",
    "highlightThreadTitle": "",
    "language": "english",
    "sentiment": "negative",
    "categories": [
        "Social Issue",
        "Economy, Business and Finance",
        "Politics"
    ],
    "topics": [
        "Social Issue->social problem",
        "Social Issue->immigration",
        "Economy, Business and Finance->macro economics",
        "Economy, Business and Finance->economy",
        "Economy, Business and Finance->construction and property",
        "Politics->political development",
        "Politics->economic policy",
        "Politics->migration policy"
    ],
    "ai_allow": true,
    "has_canonical": false,
    "breaking": true,
    "webz_reporter": false,
    "external_links": [],
    "external_images": [],
    "internal_images": [],
    "entities": {
        "persons": [
            {
                "name": "Martin Soong",
                "sentiment": "negative"
            }
        ],
        "locations": [],
        "organizations": [
            {
                "name": "CNBC",
                "sentiment": "negative",
                "tickers": [
                    {
                        "ticker": null,
                        "exchange": null
                    }
                ]
            }
        ]
    },
    "syndication": {
        "syndicated": false,
        "syndicate_id": null,
        "first_syndicated": false
    },
    "trust": {
        "categories": null,
        "top_news": [
            "top_news_nz",
            "top_news_au",
            "top_news_ae",
            "top_news_us",
            "top_news_tw",
            "top_news_gb",
            "top_news_th",
            "top_news_kr",
            "top_news_sg",
            "top_news_ph",
            "top_news_hk",
            "top_news_qa",
            "top_news_ie",
            "top_news_pk",
            "top_news_dk",
            "top_news_za",
            "top_news_my",
            "top_news_il",
            "top_news_kw",
            "top_news_ca",
            "top_news_iq",
            "top_news"
        ],
        "bias": "center",
        "source": {
            "type": null,
            "city": null,
            "state": null,
            "country": null,
            "domain_type": null,
            "agency": null,
            "organization_name": null
        }
    },
    "rating": null,
    "crawled": "2025-08-21T07:36:36.996+03:00",
    "updated": "2025-08-22T08:07:18.000+03:00"
}