{
    "thread": {
        "uuid": "639f852c58742816981fe40cdd4072513b51fe4d",
        "url": "https://dailyvoice.com/ny/port-jefferson/eugene-austin-son-sentenced-for-10m-investor-fraud",
        "site_full": "dailyvoice.com",
        "site": "dailyvoice.com",
        "site_section": "http://dailyvoice.com/rss#advertise",
        "site_categories": [
            "media"
        ],
        "section_title": "Daily Voice | Recently Published",
        "site_title": "Daily Voice | Fast. Trusted. Local.",
        "title": "$10M Fraud: Port Jefferson Dad, Son Sentenced For Spending Investor Money On Lavish Lifestyle",
        "title_full": "$10M Fraud: Port Jefferson Dad, Son Sentenced For Spending Investor Money On Lavish Lifestyle",
        "published": "2025-04-24T01:05:00.000+03:00",
        "replies_count": 0,
        "participants_count": 1,
        "site_type": "news",
        "country": "US",
        "main_image": "https://edge.dailyvoice.com/upload/Untitled_design_14_UvEk5qV.png?width=1280",
        "performance_score": 0,
        "domain_rank": 10570,
        "domain_rank_updated": "2025-04-22T00:00:00.000+03:00",
        "licensing_agency": [],
        "social": {
            "facebook": {
                "likes": 0,
                "comments": 0,
                "shares": 0
            },
            "vk": {
                "shares": 0
            }
        }
    },
    "uuid": "639f852c58742816981fe40cdd4072513b51fe4d",
    "url": "https://dailyvoice.com/ny/port-jefferson/eugene-austin-son-sentenced-for-10m-investor-fraud",
    "ord_in_thread": 0,
    "author": "Michael Mashburn",
    "published": "2025-04-24T01:05:00.000+03:00",
    "title": "$10M Fraud: Port Jefferson Dad, Son Sentenced For Spending Investor Money On Lavish Lifestyle",
    "text": "Long Island resident Eugene Austin, age 62, of Port Jefferson, was sentenced to 18 years in prison in Brooklyn federal court on Wednesday, April 23, following a jury conviction for wire fraud and money laundering.\nAustin’s 29-year-old son, Brandon Austin, of Coram, was previously sentenced to four years behind bars for his role in the scheme.\nThe men offered to serve as a broker for sales of large quantities of cryptocurrency at below-market exchange rates and provide short-term investments in cryptocurrency for purportedly high returns, according to the US Attorney’s Office.\nThey also provided marketing and advertising services to small businesses despite having no intention of actually providing the promised cryptocurrency, returns, or services, prosecutors said.\nEugene Austin also duped friends and acquaintances into giving him personal loans by falsely claiming he would pay them back with interest, a jury found.\nProsecutors highlighted several victims who were allegedly defrauded by the pair, including a partner at a California investment firm who was duped into wiring $5 million, erroneously believing it was to purchase cryptocurrency.\nIn all, the duo caused over two dozen victims more than $12 million in losses, jurors found. That money went toward things like airline tickets, luxury hotels, restaurants, and shopping trips.\nBrandon Austin pleaded guilty to conspiracy to commit money laundering in April 2023.\nIn September 2024, jurors found Eugene Austin guilty of conspiracy to commit wire fraud, money laundering, and interstate transportation of stolen property. In addition to his prison time, he was ordered to forfeit over $6 million and pay restitution totaling over $12.6 million.\n[Click here]\nto follow Daily Voice\nPort Jefferson\nand receive free news updates.",
    "highlightText": "",
    "highlightTitle": "",
    "highlightThreadTitle": "",
    "language": "english",
    "sentiment": "negative",
    "categories": [
        "Crime, Law and Justice",
        "Economy, Business and Finance",
        "Social Issue"
    ],
    "topics": [
        "Crime, Law and Justice->fraud",
        "Economy, Business and Finance->financial service",
        "Economy, Business and Finance->financial and economic news",
        "Economy, Business and Finance->business governance",
        "Social Issue->abusive behaviour",
        "Social Issue->discrimination",
        "Social Issue->social condition"
    ],
    "ai_allow": true,
    "has_canonical": false,
    "breaking": false,
    "webz_reporter": false,
    "external_links": [],
    "entities": {
        "persons": [
            {
                "name": "Eugene Austin",
                "sentiment": "negative"
            },
            {
                "name": "Brandon Austin",
                "sentiment": "none"
            }
        ],
        "locations": [
            {
                "name": "Island",
                "sentiment": "none"
            }
        ],
        "organizations": [
            {
                "name": "Coram",
                "sentiment": "none",
                "tickers": []
            }
        ]
    },
    "syndication": {
        "syndicated": false,
        "syndicate_id": "639f852c58742816981fe40cdd4072513b51fe4d",
        "first_syndicated": true
    },
    "trust": {
        "categories": [],
        "bias": null,
        "source": {
            "type": null,
            "city": null,
            "state": null,
            "country": null,
            "domain_type": null,
            "agency": null,
            "organization_name": null
        }
    },
    "rating": null,
    "crawled": "2025-04-24T01:18:15.172+03:00",
    "updated": "2025-04-24T01:18:15.172+03:00"
}