{
    "thread": {
        "uuid": "c5d18e378f9e70012971e7c6184874df265103ca",
        "url": "https://www.dw.com/en/us-12-states-sue-trump-administration-over-tariffs/a-72327921?maca=en-rss-en-top-1022-rdf",
        "site_full": "www.dw.com",
        "site": "dw.com",
        "site_section": "https://www.golf.einnews.com/live_feed",
        "site_categories": [
            "media",
            "top_news_bg",
            "top_news_rs",
            "top_news_sa",
            "top_news_de",
            "top_news_eg",
            "top_news_ma",
            "top_news_at",
            "top_news_hk",
            "top_news_mx",
            "top_news_ch",
            "top_news_co",
            "top_news_cl",
            "top_news_pk",
            "top_news_ua",
            "top_news_pl",
            "top_news_iq",
            "top_news_pe",
            "top_news_cz",
            "top_news_ve",
            "top_news"
        ],
        "section_title": "Live Feed Wire - Golf News Today - EIN Presswire",
        "site_title": null,
        "title": "US: 12 states sue Trump administration over tariffs",
        "title_full": "US: 12 states sue Trump administration over tariffs",
        "published": "2025-04-24T00:13:00.000+03:00",
        "replies_count": 0,
        "participants_count": 1,
        "site_type": "news",
        "country": "DE",
        "main_image": "https://static.dw.com/image/72306263_6.jpg",
        "performance_score": 0,
        "domain_rank": 390,
        "domain_rank_updated": "2025-04-22T00:00:00.000+03:00",
        "licensing_agency": [],
        "social": {
            "facebook": {
                "likes": 0,
                "comments": 0,
                "shares": 0
            },
            "vk": {
                "shares": 0
            }
        }
    },
    "uuid": "c5d18e378f9e70012971e7c6184874df265103ca",
    "url": "https://www.dw.com/en/us-12-states-sue-trump-administration-over-tariffs/a-72327921?maca=en-rss-en-top-1022-rdf",
    "ord_in_thread": 0,
    "author": "Richard Connor",
    "published": "2025-04-24T00:13:00.000+03:00",
    "title": "US: 12 states sue Trump administration over tariffs",
    "text": "Politics\nUnited States of AmericaUS: 12 states sue Trump administration over tariffs\nApril 23, 2025Advertisement\nTwelve states on Wednesday brought legal action against the US President Donald Trump's administration in the US Court of International Trade in New York.\nThe states want to halt the federal government's tariff policy, arguing it is unlawful and has brought chaos to the US economy.\nThe lawsuit said the policy put in place by President Donald Trump has left the national trade policy subject to Trump's \"whims rather than the sound exercise of lawful authority.\"\nThe states listed as plaintiffs in the lawsuit were Oregon, Arizona, Colorado, Connecticut, Delaware, Illinois, Maine, Minnesota, Nevada, New Mexico, New York and Vermont.\nMore to follow...\nEdited by: John Silk",
    "highlightText": "",
    "highlightTitle": "",
    "highlightThreadTitle": "",
    "language": "english",
    "sentiment": "negative",
    "categories": [
        "Politics",
        "Economy, Business and Finance"
    ],
    "topics": [
        "Politics->economic policy",
        "Politics->government",
        "Politics->political process",
        "Economy, Business and Finance->business and market analysis",
        "Economy, Business and Finance->financial and economic news"
    ],
    "ai_allow": false,
    "has_canonical": false,
    "breaking": true,
    "webz_reporter": false,
    "external_links": [],
    "entities": {
        "persons": [
            {
                "name": "Donald Trump",
                "sentiment": "none"
            },
            {
                "name": "John Silk",
                "sentiment": "none"
            }
        ],
        "locations": [],
        "organizations": [
            {
                "name": "US Court of International Trade",
                "sentiment": "none",
                "tickers": []
            }
        ]
    },
    "syndication": {
        "syndicated": false,
        "syndicate_id": null,
        "first_syndicated": false
    },
    "trust": {
        "categories": [],
        "bias": "center",
        "source": {
            "type": null,
            "city": null,
            "state": null,
            "country": null,
            "domain_type": null,
            "agency": null,
            "organization_name": null
        }
    },
    "rating": null,
    "crawled": "2025-04-24T00:35:34.694+03:00",
    "updated": "2025-04-24T00:35:34.694+03:00"
}