{
    "thread": {
        "uuid": "6329ca7044440cba3a7b4f4e0e572faf31be015c",
        "url": "https://www.bankrate.com/home-equity/helocs-and-home-equity-loans-both-drop-april-23-2025",
        "site_full": "www.bankrate.com",
        "site": "bankrate.com",
        "site_section": "https://news.google.com/search?q=both%20when%3A1h&hl=en-US&gl=US&ceid=US%3Aen",
        "site_categories": [
            "investing",
            "credit_debt_and_loans",
            "finance",
            "home_and_garden",
            "remodeling_and_construction"
        ],
        "section_title": "Google News - Search",
        "site_title": "Bankrate: Healthier wallet, happier you",
        "title": "HELOCs And Home Equity Loans Both Drop | Bankrate",
        "title_full": "HELOCs And Home Equity Loans Both Drop | Bankrate",
        "published": "2025-04-24T00:35:00.000+03:00",
        "replies_count": 0,
        "participants_count": 1,
        "site_type": "news",
        "country": "US",
        "main_image": "https://www.bankrate.com/brp/2025/02/05152251/housing-affordability-and-houselessnessv3.jpg",
        "performance_score": 0,
        "domain_rank": 1165,
        "domain_rank_updated": "2025-04-22T00:00:00.000+03:00",
        "licensing_agency": [],
        "social": {
            "facebook": {
                "likes": 0,
                "comments": 0,
                "shares": 0
            },
            "vk": {
                "shares": 0
            }
        }
    },
    "uuid": "6329ca7044440cba3a7b4f4e0e572faf31be015c",
    "url": "https://www.bankrate.com/home-equity/helocs-and-home-equity-loans-both-drop-april-23-2025",
    "ord_in_thread": 0,
    "author": "Linda Bell",
    "published": "2025-04-24T00:35:00.000+03:00",
    "title": "HELOCs And Home Equity Loans Both Drop | Bankrate",
    "text": "HELOCs fall back below 8%, home equity loans also drop\nBoth home equity loans and home equity lines of credit (HELOCs) are heading down. The average rate on a $30,000 home equity line of credit (HELOC) once again broke through the 8 percent barrier, declining 8 basis points this week to 7.94 percent, according to Bankrate’s national survey of lenders. Home equity loans also retreated in the latest week, with the average $30,000 home equity loan falling four basis points to 8.36 percent.\nWith this week’s declines, both HELOCs and home equity loans are near their lowest levels of the year; home equity loans haven’t been this low since last October. As rates drop, consumer interest rises, notes Scott Bridges, senior managing director of consumer direct lending at PennyMac, a California-based mortgage and home equity loan lender. “The average American has more equity than they ever had and they are definitely tapping into it,” he says.\nCurrent | 4 weeks ago | One year ago | 52-week average | 52-week low | |\n---|---|---|---|---|---|\n|\nhome equity loanWhat’s driving home equity rates today?\nHELOCs and home equity loans have fallen substantially from the highs reached at the beginning of 2024, with HELOC rates in particular hitting lows not seen since 2023. Bankrate Chief Financial Analyst Greg McBride forecasts that rates will continue to decline in 2025, especially those of HELOCs. Those will average 7.25 percent, he thinks — which would be their lowest level in three years.\nThe demand for HELOCs and HELoans is being driven by two factors: lender competition — as banks and mortgage companies try to attract applicants with low-for-a-limited-time loan terms — and the Federal Reserve’s actions. The central bank cut interest rates three times in late 2024, and indicated cuts would continue this year. It did hit the breaks on rate cuts at its first two meetings of 2025, though, moving cautiously as it keeps an eye on inflation and the unemployment rate. All eyes are on what happens between now and the Federal Reserve’s next policy-setting meetings, scheduled for May 6-7.\nMore than half of the homeowners (54%) who remodeled their properties in 2024 used a home equity loan or line of credit to finance the project.\nIn the fourth quarter of 2024, home equity loans made up nearly 4% of total mortgage debt outstanding.\nMore than half of baby boomers have $100,000 or more in home equity, the biggest stake among all generations.\nTotal homeowner equity as of the fourth quarter of 2024 was $34.7 trillion, slightly off a record high of $35.5 billion in Q2 2024.\nWhat influences home equity rates?\nSeveral factors can influence interest rates on HELOCs and new home equity loans. That includes the prime rate, which is tied to Federal Reserve monetary policy. When the Fed raises rates, borrowing costs on equity-based loans tend to go up. The opposite tends to happen when it lowers rates.\nTo be sure, the Fed’s moves influence interest rates on a variety of credit products. However, because HELOCs and home equity loans are linked to your home as collateral, those rates tend to be much less expensive — more akin to current mortgage rates — than the interest charged on credit cards or personal loans, which aren’t secured.\nCurrent home equity rates vs. rates on other types of credit\nAverage rate | |\n---|---|\n|\nHome equity loanCredit cardPersonal loanThe Fed’s monetary policy influences interest rate trends overall and the rates lenders advertise. Of course, the individualized offer you receive on a particular HELOC or new home equity loan reflects an additional factor: your creditworthiness — specifically your credit score and debt-to-income ratio. Then there’s the value of your home and your ownership stake, especially vis-à-vis the amount you want to borrow. Lenders generally limit all your home-based loans (including your mortgage) to a maximum 80 to 85 percent of your home’s worth.\nSome people may be more conservative in tapping their equity, since what’s paramount is “paying off the loan as fast as they can,” says Fred Bolstad, head of retail lending at U.S. Bank. “For other people, it’s all about [increasing] cash flow, and so they want to leverage their home to the fullest.”\nHowever, Ted Rossman, senior industry analyst at Bankrate, notes that despite their recent rate declines, home equity products are still relatively high-cost debt. He counsels caution in using them, especially amid all the current economic turmoil and fears of a slowdown or even recession. “Three years ago, the average HELOC rate was below 4 percent,” he says. “I just wouldn’t be in a rush to borrow $50,000 for a home renovation at 8 percent if there’s a chance you might regret it, like if you lose your job, if you could have held off, if [President Trump’s] tariffs aren’t as bad as feared, etc.”\nHELOC and home equity loan requirements in 2025",
    "highlightText": "",
    "highlightTitle": "",
    "highlightThreadTitle": "",
    "language": "english",
    "sentiment": "negative",
    "categories": [
        "Economy, Business and Finance",
        "Health",
        "Social Issue"
    ],
    "topics": [
        "Economy, Business and Finance->loan market",
        "Economy, Business and Finance->financial service",
        "Social Issue->social services"
    ],
    "ai_allow": true,
    "has_canonical": false,
    "breaking": true,
    "webz_reporter": false,
    "external_links": [
        "https://go.svclnk.com/rs/991-WDA-741/images/2025_ServiceLink-State-of-Homebuying-Report.pdf",
        "https://www.urban.org/sites/default/files/2025-03/Housing-Finance-At-A-Glance-Monthly-Chartbook-March-2025.pdf",
        "https://fred.stlouisfed.org/series/OEHRENWBSHNO",
        "https://www.nar.realtor/research-and-statistics/research-reports/remodeling-impact",
        "https://nar.realtor/research-and-statistics/research-reports/remodeling-impact",
        "https://www.fred.stlouisfed.org/series/OEHRENWBSHNO",
        "https://urban.org/sites/default/files/2025-03/Housing-Finance-At-A-Glance-Monthly-Chartbook-March-2025.pdf",
        "https://www.go.svclnk.com/rs/991-WDA-741/images/2025_ServiceLink-State-of-Homebuying-Report.pdf"
    ],
    "entities": {
        "persons": [
            {
                "name": "Scott Bridges",
                "sentiment": "none"
            }
        ],
        "locations": [],
        "organizations": [
            {
                "name": "Bankrate",
                "sentiment": "none",
                "tickers": []
            }
        ]
    },
    "syndication": {
        "syndicated": false,
        "syndicate_id": null,
        "first_syndicated": false
    },
    "trust": {
        "categories": [],
        "bias": null,
        "source": {
            "type": null,
            "city": null,
            "state": null,
            "country": null,
            "domain_type": null,
            "agency": null,
            "organization_name": null
        }
    },
    "rating": null,
    "crawled": "2025-04-24T00:47:52.343+03:00",
    "updated": "2025-04-24T00:47:52.343+03:00"
}