{
    "thread": {
        "uuid": "55c65a3f20239c296f6a804344682fad8149ac3a",
        "url": "https://www.kplctv.com/video/2025/04/23/watching-your-wallet-military-consumers-hit-hard-by-scams",
        "site_full": "www.kplctv.com",
        "site": "kplctv.com",
        "site_section": "http://www.kplctv.com/community",
        "site_categories": [
            "media"
        ],
        "section_title": "Community",
        "site_title": "KPLC 7 News, Lake Charles, Louisiana",
        "title": "Watching Your Wallet: Military consumers hit hard by scams",
        "title_full": "Watching Your Wallet: Military consumers hit hard by scams",
        "published": "2025-04-24T00:34:00.000+03:00",
        "replies_count": 0,
        "participants_count": 1,
        "site_type": "news",
        "country": "US",
        "main_image": "https://gray-kplc-prod.gtv-cdn.com/resizer/v2/https%3A%2F%2Fdo0bihdskp9dy.cloudfront.net%2F04-23-2025%2Ft_556b3e2cbc584d51b0b7f122efb1794a_name_file_1280x720_2000_v3_1_.jpg?auth=1a86b6c30d00ffe4c12669a2b782c3be278852768b647480024d0b694222dd97&amp;width=1200&amp;height=600&amp;smart=true",
        "performance_score": 0,
        "domain_rank": 22268,
        "domain_rank_updated": "2025-04-22T00:00:00.000+03:00",
        "licensing_agency": [],
        "social": {
            "facebook": {
                "likes": 0,
                "comments": 0,
                "shares": 0
            },
            "vk": {
                "shares": 0
            }
        }
    },
    "uuid": "55c65a3f20239c296f6a804344682fad8149ac3a",
    "url": "https://www.kplctv.com/video/2025/04/23/watching-your-wallet-military-consumers-hit-hard-by-scams",
    "ord_in_thread": 0,
    "author": "@KPLC7News",
    "published": "2025-04-24T00:34:00.000+03:00",
    "title": "Watching Your Wallet: Military consumers hit hard by scams",
    "text": "Skip to content\nVideo\nTraffic\nLegal Corner\nHealth\nLiving Your Best Life\nAbout Us\nNextGen TV\nZeam - News Streams\nPowerNation\nCircle Country\nInvestigateTV\nWatching Your Wallet\nGray DCC\nDigital Marketing\nWatching Your Wallet: Military consumers hit hard by scams\nPublished: Apr. 23, 2025 at 4:34 PM CDT\n|\nUpdated: seconds ago\nEmail This Link\nShare on Facebook\nShare on X (formerly Twitter)\nShare on Pinterest\nShare on LinkedIn\nI-10 E closed at La. 99 after 18-wheeler rolls over\nUpdated: 19 minutes ago\nMurder suspect arrested after man stabbed, left lying in field, police say\nUpdated: 25 minutes ago\nA man is facing a murder charge in connection with a deadly stabbing in Lake Charles Tuesday evening.\nKPLC 7 News Sunrise Birthdays - April 23, 2025\nUpdated: 5 hours ago\nSunrise Interview: Cheers for CASA\nUpdated: 5 hours ago",
    "highlightText": "",
    "highlightTitle": "",
    "highlightThreadTitle": "",
    "language": "english",
    "sentiment": "negative",
    "categories": [
        "Crime, Law and Justice",
        "Economy, Business and Finance",
        "Human Interest"
    ],
    "topics": [
        "Economy, Business and Finance->financial and economic news",
        "Economy, Business and Finance->human resources",
        "Economy, Business and Finance->business reporting and performance"
    ],
    "ai_allow": true,
    "has_canonical": false,
    "breaking": false,
    "webz_reporter": false,
    "external_links": [],
    "entities": {
        "persons": [],
        "locations": [],
        "organizations": [
            {
                "name": "KPLC",
                "sentiment": "none",
                "tickers": []
            }
        ]
    },
    "syndication": {
        "syndicated": false,
        "syndicate_id": null,
        "first_syndicated": false
    },
    "trust": {
        "categories": [],
        "bias": "center",
        "source": {
            "type": null,
            "city": null,
            "state": null,
            "country": null,
            "domain_type": null,
            "agency": null,
            "organization_name": null
        }
    },
    "rating": null,
    "crawled": "2025-04-24T00:47:47.271+03:00",
    "updated": "2025-04-24T00:47:47.271+03:00"
}