{
    "thread": {
        "uuid": "712c30d1ef8259b018f11c19c7bdd8f6d269b01b",
        "url": "https://www.dailysignal.com/2025/04/23/seeing-red-about-sea-red-ink",
        "site_full": "www.dailysignal.com",
        "site": "dailysignal.com",
        "site_section": "https://news.google.com/search?q=we%20when%3A1h&hl=en-US&gl=US&ceid=US%3Aen",
        "site_categories": [
            "politics",
            "law_government_and_politics",
            "media"
        ],
        "section_title": "Google News - Search",
        "site_title": "The Daily Signal: Policy News, Conservative Analysis and Opinion",
        "title": "We're Drowning in a Sea of Red Ink as Far as the Eye Can See",
        "title_full": "We're Drowning in a Sea of Red Ink as Far as the Eye Can See",
        "published": "2025-04-24T01:22:00.000+03:00",
        "replies_count": 0,
        "participants_count": 1,
        "site_type": "news",
        "country": "US",
        "main_image": "https://www.dailysignal.com/wp-content/uploads/2025/04/20250423_TradeDeficit-scaled.jpg",
        "performance_score": 0,
        "domain_rank": 6511,
        "domain_rank_updated": "2025-04-22T00:00:00.000+03:00",
        "licensing_agency": [],
        "social": {
            "facebook": {
                "likes": 0,
                "comments": 0,
                "shares": 0
            },
            "vk": {
                "shares": 0
            }
        }
    },
    "uuid": "712c30d1ef8259b018f11c19c7bdd8f6d269b01b",
    "url": "https://www.dailysignal.com/2025/04/23/seeing-red-about-sea-red-ink",
    "ord_in_thread": 0,
    "author": "Victor Davis Hanson",
    "published": "2025-04-24T01:22:00.000+03:00",
    "title": "We're Drowning in a Sea of Red Ink as Far as the Eye Can See",
    "text": "Editor’s note: This is a lightly edited transcript of today’s video from Daily Signal Senior Contributor Victor Davis Hanson. Subscribe to our YouTube channel to see more of his videos.\nI want to talk about red ink.\nRed ink has manifested in trade deficits , budget deficits , and national debt . They’re all connected, but here’s my point: We’ve been warned that trade deficits of the last consecutive 50 years really don’t matter because we grew so much in our gross domestic product and our per capita income.\nBut there were other factors that allowed the trade deficits not to matter as much, because we were not running huge budget deficits, nor had national debt climbed to the present levels. As well as, we weren’t the beneficiaries of a tech revolution in Silicon Valley. And we were not yet beneficiaries of being a net oil producer, rather than importer.\nBut, let me get to my point. In 2000, I’m just taking an arbitrary year a quarter-century ago, Rep. Nancy Pelosi , Sen. Chuck Schumer , and other Democrats made an impassioned case that it was unsustainable to have a $100 billion deficit with China, in particular, and to run up a $370 billion trade deficit in general. That was over 3.6%, 3.7% of GDP.\nIn 2025, despite the spectacular growth in GDP, we’re running a $300 billion, roughly, trade deficit with China. And a $1.1 trillion overall trade deficit with the rest of the world, including China. That’s well over 3%—that’s up into the 4%.\nWhat am I getting at?\nAt the time that they were worried about this, a quarter-century ago, we had prominent economists who said that if you got over 3% of your trade deficit, you were too deeply leveraged by foreign influences that could buy property, too much bonds they held of American debt, they would get influence, et cetera.\nWarren Buffett in 2003 warned us in his annual letter that was published in Fortune magazine. As late as 2018, Jason Furman, the Obama economist, warned in The Wall Street Journal, of all places, you don’t want to go over 3% of GDP with your annual trade deficits.\nSo, while we were doing this for the last quarter-century, and … and we’re up to 4% of GDP in our trade deficit, look at the budget—just to go back to that year—25 years ago, we were running—I can’t believe it—a $236 billion surplus. This was the grand [Rep. Newt] Gingrich, [then] speaker of the House, [and the-President] Bill Clinton budget that was still in effect. And we were adding to our national wealth by 2.4%-plus of GDP.\nNow, we’re running a $1.8 [trillion] to $2 trillion annual deficit. And that is a minus-6.4% of GDP. That has an influence on the trade deficit.\nAnd in addition to the debt, the debt was $5.6 trillion a quarter-century ago. That was high, but it was still only about 32%, 33% of GDP. Today, a quarter-century … later, the national debt is $37 trillion. That’s 125% of GDP.\nWhat is my larger point?\nTrade deficits don’t matter as much if your national debt is 35% of GDP or you’re running budget deficits that are manageable. But they do matter when you’ve got 125% of GDP, with your total debt—your $37 trillion debt—which is 125% GDP, and you’re running $2 trillion trade deficits.\nWhat has saved us In the past, we were the world’s reserve currency. … And we had 40% of the world’s market. People wanted to get in here, so they were willing to carry paper for us. But when you’ve got $37 trillion, that’s very different than $5 trillion, just a quarter-century ago.\nWe had an oil revolution with fracking and horizontal drilling. We went from paying an exorbitant amount of money to the Middle East and elsewhere to being really a net exporter, if you look at all the ways that we produce oil versus the oil we buy. And of course, we had $9 trillion in market capitalization that flowed into Silicon Valley, to Apple, Google, and these other start-ups that became mega and global corporations.\nMy final point: Trade deficits matter now. We are being crushed by budget deficits, national deficits, and trade deficits. And the people who warned us about this a quarter-century ago, when we did not have this problem with the national debt or the annual budget debt, were none other than Democratic Congresswoman Nancy Pelosi; Sen. Chuck Schumer; investment guru Warren Buffett; Jason Furman, an Obama economic adviser; and The Wall Street Journal.\nSo, trade deficits matter. ? We gotta get them down because we have no room to maneuver, given our budget and our national debt.\nWe publish a variety of perspectives. Nothing written here is to be construed as representing the views of The Daily Signal.",
    "highlightText": "",
    "highlightTitle": "",
    "highlightThreadTitle": "",
    "language": "english",
    "sentiment": "negative",
    "categories": [
        "Economy, Business and Finance",
        "Politics",
        "Social Issue"
    ],
    "topics": [
        "Economy, Business and Finance->business strategy and marketing",
        "Economy, Business and Finance->financial and economic news",
        "Politics->economic policy",
        "Politics->government budget",
        "Politics->political development",
        "Social Issue->values",
        "Social Issue->social problem",
        "Social Issue->social condition"
    ],
    "ai_allow": true,
    "has_canonical": false,
    "breaking": true,
    "webz_reporter": false,
    "external_links": [
        "https://www.youtube.com/@DailySignal?sub_confirmation=1",
        "https://www.youtube.com/@DailySignal",
        "https://youtube.com/@DailySignal?sub_confirmation=1"
    ],
    "entities": {
        "persons": [
            {
                "name": "Victor Davis Hanson",
                "sentiment": "none"
            },
            {
                "name": "Chuck Schumer",
                "sentiment": "none"
            },
            {
                "name": "Nancy Pelosi",
                "sentiment": "none"
            }
        ],
        "locations": [
            {
                "name": "Silicon",
                "sentiment": "none"
            }
        ],
        "organizations": []
    },
    "syndication": {
        "syndicated": false,
        "syndicate_id": null,
        "first_syndicated": false
    },
    "trust": {
        "categories": [],
        "bias": "right",
        "source": {
            "type": null,
            "city": null,
            "state": null,
            "country": null,
            "domain_type": null,
            "agency": null,
            "organization_name": null
        }
    },
    "rating": null,
    "crawled": "2025-04-24T01:29:00.877+03:00",
    "updated": "2025-04-24T03:57:10.915+03:00"
}