{
    "thread": {
        "uuid": "fe1bb607e7c3cdc71f31788b795cbf7979603e96",
        "url": "https://www.miragenews.com/sneaky-election-promises-alarm-farmers-1448998",
        "site_full": "www.miragenews.com",
        "site": "miragenews.com",
        "site_section": "https://miragenews.com/tag/health",
        "site_categories": [
            "media"
        ],
        "section_title": "Live Health updates | Mirage News",
        "site_title": "Australia&#039;s 24/7 live news &amp; media portal | Mirage News",
        "title": "Sneaky Election Promises Alarm Farmers | Mirage News",
        "title_full": "Sneaky Election Promises Alarm Farmers | Mirage News",
        "published": "2025-04-24T00:36:00.000+03:00",
        "replies_count": 0,
        "participants_count": 1,
        "site_type": "news",
        "country": "AU",
        "main_image": "https://nff.org.au/wp-content/uploads/2019/03/environment-cattle-trees.jpg",
        "performance_score": 0,
        "domain_rank": 10896,
        "domain_rank_updated": "2025-04-22T00:00:00.000+03:00",
        "licensing_agency": [],
        "social": {
            "facebook": {
                "likes": 0,
                "comments": 0,
                "shares": 0
            },
            "vk": {
                "shares": 0
            }
        }
    },
    "uuid": "fe1bb607e7c3cdc71f31788b795cbf7979603e96",
    "url": "https://www.miragenews.com/sneaky-election-promises-alarm-farmers-1448998",
    "ord_in_thread": 0,
    "author": "Mirage News",
    "published": "2025-04-24T00:36:00.000+03:00",
    "title": "Sneaky Election Promises Alarm Farmers | Mirage News",
    "text": "The National Farmers' Federation (NFF) has raised alarm bells over election policies on animal welfare, revealed in an activist-led Federal Election scorecard.\nThe Australian Alliance for Animals claims in a pre-election policy review that Labor and the Greens have made several major promises on animal welfare without informing the Australian public - or consulting the farm sector.\nNFF President David Jochinke said farmers were deeply worried Labor and the Greens were yet again taking advice from an uninformed, city-based minority whose only on-farm experience has been illegally sneaking into properties.\n\"Farmers' livelihoods depend on positive animal welfare outcomes - our animals are our number one priority. Decisions and regulations around animal welfare must be informed by science and evidence and done in consultation with industry.\"\nThe NFF notes the following commitments:\n- Develop an animal welfare trade policy and will seek to include animal welfare provisions in new trade agreements.\n- Expand the role of the Inspector-General of Animal Welfare and Live Animal Export.\n- In principle support for the Alliance's goal to \"extend eligibility for deductible gift recipient (DGR) status to all animal welfare charities\" - meaning some activist organisations could be given significant funding boosts instead of taxpayer dollars going to genuine charities.\nThis comes against a backdrop of banning live sheep exports at the behest of activists, and a lack of transparency around animal welfare provisions in the recent Australia-United Arab Emirates Comprehensive Economic Partnership Agreement.\n\"The NFF is extremely concerned with who these parties are choosing to listen to when developing policy,\" Mr Jochinke said.\n\"The sector has long said that the priority of trade negotiations should be market access, but should the Government seek to develop such a policy in a trade context, it must prioritise the input of Australian farmers and exporters, and exclude those ideologically opposed to farming.\n\"Giving DGR status to radical activist groups isn't about animal welfare – it's about bankrolling campaigns to tear down farming families and the industries that feed us.\n\"There are legitimate animal welfare organisations. But there are also extremist groups who ignore the law, trespass onto private farms and businesses, harass people online, and intimidate rural communities in pursuit of a reckless agenda to wipe out Australia's livestock sector. That's not charity. That's an attack on Australian agriculture.\n\"Farmers will be shocked, especially given farming organisations such as the NFF, government representatives and animal welfare groups are participating in a major roundtable on the renewed Australian Animal Welfare Strategy (AAWS) just next week,\" Mr Jochinke said.\n\"The NFF and farming bodies participated in good faith in the development of Australia's first-ever National Statement on Animal Welfare, released in December. And we're working together to revive AAWS.\n\"After the Government's appalling decision to ban live sheep exports, ignoring the facts and science around Australia's exceptional animal welfare record, this will again rattle the agriculture industry's confidence in the Government's policy-making process.\n\"Labor has promised that they won't ban live cattle exports like they did to Aussie sheep. But I can't imagine any cattle producers in Australia will be sleeping well at night given this news.\"\nThe Inspector-General of Live Animal Exports was first established in 2019, and in December 2023 the role was expanded and renamed to be the Inspector-General of Animal Welfare and Live Animal Exports.\nNew Inspector-General Dr Katherine Clift was only appointed to a five-year role in September 2024.\n\"Dr Clift hasn't even published her first review yet. \"It's beyond disappointing to see these significant policy ideas out there that will impact farmers' livelihoods, yet their voices and the science are being sidelined in favour of a blatant inner-city vote grab.\"\nhere.",
    "highlightText": "",
    "highlightTitle": "",
    "highlightThreadTitle": "",
    "language": "english",
    "sentiment": "negative",
    "categories": [
        "Economy, Business and Finance",
        "Politics"
    ],
    "topics": [
        "Economy, Business and Finance->agriculture",
        "Economy, Business and Finance->business governance",
        "Politics->political campaigns",
        "Politics->political candidates"
    ],
    "ai_allow": true,
    "has_canonical": false,
    "breaking": false,
    "webz_reporter": false,
    "external_links": [],
    "entities": {
        "persons": [
            {
                "name": "David Jochinke",
                "sentiment": "none"
            }
        ],
        "locations": [],
        "organizations": [
            {
                "name": "NFF",
                "sentiment": "negative",
                "tickers": []
            }
        ]
    },
    "syndication": {
        "syndicated": false,
        "syndicate_id": "fe1bb607e7c3cdc71f31788b795cbf7979603e96",
        "first_syndicated": true
    },
    "trust": {
        "categories": [],
        "bias": null,
        "source": {
            "type": null,
            "city": null,
            "state": null,
            "country": null,
            "domain_type": null,
            "agency": null,
            "organization_name": null
        }
    },
    "rating": null,
    "crawled": "2025-04-24T00:41:47.426+03:00",
    "updated": "2025-04-24T00:41:47.426+03:00"
}