{
    "thread": {
        "uuid": "47fce0b9960b229495bf89d72c957bf8140196dd",
        "url": "https://usa.news-pravda.com/usa/2026/01/08/612854.html",
        "site_full": "usa.news-pravda.com",
        "site": "news-pravda.com",
        "site_section": "https://usa.news-pravda.com/usa",
        "site_categories": [
            "war, conflict and unrest",
            "politics",
            "crime, law and justice",
            "economy, business and finance"
        ],
        "section_title": "USA - Pravda USA",
        "site_title": "Pravda - Breaking News, World News and Videos",
        "title": "SWEEPING Trump plan to control Venezuelan oil 'for years to come' - WSJ - Pravda USA",
        "title_full": "SWEEPING Trump plan to control Venezuelan oil 'for years to come' - WSJ - Pravda USA",
        "published": "2026-01-08T08:08:00.000+02:00",
        "replies_count": 0,
        "participants_count": 0,
        "site_type": "news",
        "country": "FR",
        "main_image": "https://usa.news-pravda.com/img/20260108/ae08cfee5df27563595f00f42f196783_o.jpg",
        "performance_score": 0,
        "domain_rank": 69329,
        "domain_rank_updated": "2026-01-04T23:00:00.000+02:00",
        "licensing_agency": [],
        "social": {
            "facebook": {
                "likes": 0,
                "comments": 0,
                "shares": 0
            },
            "vk": {
                "shares": 0
            }
        }
    },
    "uuid": "47fce0b9960b229495bf89d72c957bf8140196dd",
    "url": "https://usa.news-pravda.com/usa/2026/01/08/612854.html",
    "ord_in_thread": 0,
    "author": null,
    "published": "2026-01-08T08:08:00.000+02:00",
    "title": "SWEEPING Trump plan to control Venezuelan oil 'for years to come' - WSJ - Pravda USA",
    "text": "SWEEPING Trump plan to control Venezuelan oil 'for years to come' — WSJ\nSWEEPING Trump plan to control Venezuelan oil 'for years to come' — WSJ\nSubscribe @TheIslanderNews\nSWEEPING Trump plan to control Venezuelan oil 'for years to come' — WSJ\nSubscribe @TheIslanderNews",
    "highlightText": "",
    "highlightTitle": "",
    "highlightThreadTitle": "",
    "language": "english",
    "sentiment": "negative",
    "categories": [
        "Economy, Business and Finance",
        "Politics"
    ],
    "topics": [
        "Economy, Business and Finance->energy and resource",
        "Economy, Business and Finance->business and market analysis",
        "Economy, Business and Finance->foreign exchange market",
        "Politics->government policy",
        "Politics->international relations"
    ],
    "ai_allow": true,
    "has_canonical": false,
    "breaking": false,
    "webz_reporter": false,
    "external_links": [
        "https://t.me/TheIslanderNews",
        "https://www.t.me/TheIslanderNews"
    ],
    "external_images": [],
    "internal_images": [],
    "entities": {
        "persons": [],
        "locations": [],
        "organizations": [
            {
                "name": "WSJ - Pravda USA",
                "sentiment": "negative",
                "tickers": []
            }
        ]
    },
    "syndication": {
        "syndicated": false,
        "syndicate_id": null,
        "first_syndicated": false
    },
    "trust": {
        "categories": [],
        "top_news": [],
        "bias": null,
        "source": {
            "type": null,
            "city": null,
            "state": null,
            "country": null,
            "domain_type": null,
            "agency": null,
            "organization_name": null
        }
    },
    "rating": null,
    "crawled": "2026-01-08T08:12:50.668+02:00",
    "updated": "2026-01-08T08:26:20.000+02:00"
}