{
    "thread": {
        "uuid": "3d535938eec95dded7f2bcf3eb20a1bfbcbbc434",
        "url": "https://www.timesnownews.com/technology-science/is-microsoft-really-laying-off-20000-employees-heres-what-the-company-said-article-153414198",
        "site_full": "www.timesnownews.com",
        "site": "timesnownews.com",
        "site_section": "https://news.google.com/search?q=what%20when%3A1h&hl=en-US&gl=US&ceid=US%3Aen",
        "site_categories": [
            "media",
            "top_news_in",
            "top_news_ph",
            "top_news_pk",
            "top_news_ae",
            "top_news_za",
            "top_news_qa",
            "top_news_sg",
            "top_news_sa",
            "top_news_my",
            "top_news",
            "arts, culture and entertainment",
            "economy, business and finance",
            "science and technology",
            "lifestyle and leisure",
            "crime, law and justice",
            "politics",
            "sport"
        ],
        "section_title": "Google News - Search",
        "site_title": "Breaking News, Latest News Today, Live News and Videos | Times Now",
        "title": "Is Microsoft Really Laying Off 20,000 Employees? Here's What The Company Said | Technology & Science - Times Now",
        "title_full": "Is Microsoft Really Laying Off 20,000 Employees? Here's What The Company Said | Technology & Science - Times Now",
        "published": "2026-01-08T08:11:00.000+02:00",
        "replies_count": 0,
        "participants_count": 1,
        "site_type": "news",
        "country": "IN",
        "main_image": "https://images.timesnownews.com/thumb/msid-153414198,width-1280,height-720,resizemode-75/153414198.jpg",
        "performance_score": 0,
        "domain_rank": 4604,
        "domain_rank_updated": "2026-01-04T23:00:00.000+02:00",
        "licensing_agency": [
            "NLA"
        ],
        "social": {
            "facebook": {
                "likes": 0,
                "comments": 0,
                "shares": 0
            },
            "vk": {
                "shares": 0
            }
        }
    },
    "uuid": "3d535938eec95dded7f2bcf3eb20a1bfbcbbc434",
    "url": "https://www.timesnownews.com/technology-science/is-microsoft-really-laying-off-20000-employees-heres-what-the-company-said-article-153414198",
    "ord_in_thread": 0,
    "author": "Nishit Singh Raghuwanshi",
    "published": "2026-01-08T08:11:00.000+02:00",
    "title": "Is Microsoft Really Laying Off 20,000 Employees? Here's What The Company Said | Technology & Science - Times Now",
    "text": "The year has just begun, and the industry went into shock when the reports related to Microsoft's mass layoffs started emerging. According to a report published by TipRanks, it has been said that Microsoft was going to announce mass layoffs in the third week of January. As for the stats, the number of affected employees was set to range between 11,000 to 22,000. However, the amount of truth this information holds is rather scarce.\nIn response to the news, Microsoft Chief Communications Officer Frank X Shaw has posted on X that the news is 100 percent made up, wrong, and speculative. According to Shaw's X post, it can be said that the news has no source or base, and at best, it could be dubbed a fear mongering tactic. In the original TipRanks report, no source for the information has been mentioned clearly. Instead, they said that they got the details about the layoff via anonymous worker reports.\nWhy It Looked Like A Credible Point?\nMicrosoft has been very actively laying off and shutting down divisions in the past, which is a major concern for the employees. This could be a major reason why a rumour related to mass layoffs at Microsoft picked up pace like fire in a jungle, and most of the publications jumped the gun without verification.\nThese kind of rumours will keep circulating all over the year because times are tough for the tech industry, and everyone has accepted that layoffs are a part of the process because most of the companies want to cut costs from different departments and put all that money into the development or advancement of AI models. That being said, Microsoft is not going to have any layoffs for now, and the same has been confirmed by the higher-ups of the organisation.\nGet Latest News live on Times Now along with Breaking News and Top Headlines from Technology Science and around the world.",
    "highlightText": "",
    "highlightTitle": "",
    "highlightThreadTitle": "",
    "language": "english",
    "sentiment": "negative",
    "categories": [
        "Economy, Business and Finance"
    ],
    "topics": [
        "Economy, Business and Finance->layoffs",
        "Economy, Business and Finance->corporate news and profiles"
    ],
    "ai_allow": false,
    "has_canonical": false,
    "breaking": true,
    "webz_reporter": false,
    "external_links": [],
    "external_images": [],
    "internal_images": [],
    "entities": {
        "persons": [
            {
                "name": "Frank X Shaw",
                "sentiment": "none"
            }
        ],
        "locations": [],
        "organizations": [
            {
                "name": "Microsoft",
                "sentiment": "neutral",
                "tickers": [
                    {
                        "ticker": "MSFT",
                        "exchange": "NASDAQ"
                    }
                ]
            }
        ]
    },
    "syndication": {
        "syndicated": false,
        "syndicate_id": "3d535938eec95dded7f2bcf3eb20a1bfbcbbc434",
        "first_syndicated": true
    },
    "trust": {
        "categories": [],
        "top_news": [
            "top_news_in",
            "top_news_ph",
            "top_news_pk",
            "top_news_ae",
            "top_news_za",
            "top_news_qa",
            "top_news_sg",
            "top_news_sa",
            "top_news_my",
            "top_news"
        ],
        "bias": null,
        "source": {
            "type": null,
            "city": null,
            "state": null,
            "country": null,
            "domain_type": null,
            "agency": null,
            "organization_name": null
        }
    },
    "rating": null,
    "crawled": "2026-01-08T08:21:37.842+02:00",
    "updated": "2026-01-09T09:07:55.000+02:00"
}