{
    "thread": {
        "uuid": "5fd57b74f54778b06423b393f1064f6d85ae8cfa",
        "url": "https://www.trefis.com/stock/peng/articles2/586951/with-penguin-solutions-stock-sliding-have-you-assessed-the-risk/2026-01-08",
        "site_full": "www.trefis.com",
        "site": "trefis.com",
        "site_section": "https://www.trefis.com/stock/rmbs/articles",
        "site_categories": [
            "hobbies_and_interests",
            "investors_and_patents",
            "economy, business and finance"
        ],
        "section_title": "Rambus News, Articles, and Analysis &#x7c; Trefis",
        "site_title": "Understand How Products Impact Stock Prices &#x7c; Trefis",
        "title": "With Penguin Solutions Stock Sliding, Have You Assessed The Risk? | Trefis",
        "title_full": "With Penguin Solutions Stock Sliding, Have You Assessed The Risk? | Trefis",
        "published": "2026-01-08T07:55:00.000+02:00",
        "replies_count": 0,
        "participants_count": 1,
        "site_type": "news",
        "country": "US",
        "main_image": "",
        "performance_score": 0,
        "domain_rank": 83962,
        "domain_rank_updated": "2026-01-04T23:00:00.000+02:00",
        "licensing_agency": [],
        "social": {
            "facebook": {
                "likes": 0,
                "comments": 0,
                "shares": 0
            },
            "vk": {
                "shares": 0
            }
        }
    },
    "uuid": "5fd57b74f54778b06423b393f1064f6d85ae8cfa",
    "url": "https://www.trefis.com/stock/peng/articles2/586951/with-penguin-solutions-stock-sliding-have-you-assessed-the-risk/2026-01-08",
    "ord_in_thread": 0,
    "author": "Trefis Team",
    "published": "2026-01-08T07:55:00.000+02:00",
    "title": "With Penguin Solutions Stock Sliding, Have You Assessed The Risk? | Trefis",
    "text": "With Penguin Solutions Stock Sliding, Have You Assessed The Risk?\nPenguin Solutions (PENG) stock is down 13.8% in a day. The recent slide reflects renewed concerns around PENG’s lower-than-expected guidance in its edge AI platforms and growing cybersecurity competition, but sharp drops like this often raise a tougher question: is the weakness temporary, or a sign of deeper cracks in the story?\nBefore judging its downturn reslience, let’s look at where Penguin Solutions stands today.\n- Size: Penguin Solutions is a $983 Mil company with $1.4 Bil in revenue currently trading at $18.58.\n- Fundamentals: Last 12 month revenue growth of 10.8% and operating margin of 5.8%.\n- Liquidity: Has Debt to Equity ratio of 0.53 and Cash to Assets ratio of 0.29\n- Valuation: Penguin Solutions stock is currently trading at P/E multiple of 38.6 and P/EBIT multiple of 20.7\n- Has returned (median) 49.6% within a year following sharp dips since 2010. See\nPENG Dip Buy Analysis.\nThese metrics point to a Weak operational performance, alongside Moderate valuation – making the stock Unattractive. For details, see Buy or Sell PENG Stock\nThat brings us to the key consideration for investors worried about this fall: how resilient is PENG stock if markets turn south? This is where our downturn resilience framework comes in. Suppose PENG stock falls another 20-30% to $13 – can investors comfortably hold on? Turns out, the stock has fared much worse than the S&P 500 index during various economic downturns, based on (a) how much the stock fell and, (b) how quickly it recovered. Below, we dive deeper into each such downturn.\n2022 Inflation Shock\n- PENG stock fell 65.4% from a high of $36.50 on 3 January 2022 to $12.63 on 20 October 2022 vs. a peak-to-trough decline of 25.4% for the S&P 500.\n- The stock is yet to recover to its pre-Crisis high\n- The highest the stock has reached since then is $29.35 on 15 July 2024 , and currently trades at $18.58\n| PENG | S&P 500 | |\n|---|---|---|\n| % Change from Pre-Recession Peak | -65.4% | -25.4% |\n| Time to Full Recovery | Not Fully Recovered | 464 days |\n2020 Covid Pandemic\n- PENG stock fell 55.4% from a high of $19.47 on 2 January 2020 to $8.68 on 18 March 2020 vs. a peak-to-trough decline of 33.9% for the S&P 500.\n- However, the stock fully recovered to its pre-Crisis peak by 5 January 2021\n| PENG | S&P 500 | |\n|---|---|---|\n| % Change from Pre-Recession Peak | -55.4% | -33.9% |\n| Time to Full Recovery | 293 days | 148 days |\n2018 Correction\n- PENG stock fell 68.7% from a high of $27.23 on 27 March 2018 to $8.52 on 31 May 2019 vs. a peak-to-trough decline of 19.8% for the S&P 500.\n- However, the stock fully recovered to its pre-Crisis peak by 7 April 2021\n| PENG | S&P 500 | |\n|---|---|---|\n| % Change from Pre-Recession Peak | -68.7% | -19.8% |\n| Time to Full Recovery | 677 days | 120 days |\nFeeling jittery about PENG stock? Consider portfolio approach.\nWhy Stock Pickers Win More With Multi Asset Portfolios\nStocks can jump or crash but different assets move on different cycles. A multi asset portfolio helps you stay invested while cushioning swings in equities.\nThe asset allocation framework of Trefis’ Boston-based, wealth management partner yielded positive returns during the 2008-09 period when the S&P lost more than 40%. Our partner’ strategy now includes Trefis High Quality Portfolio, which has a track record of comfortably outperforming its benchmark that includes all 3 – the S&P 500, S&P mid-cap, and Russell 2000 indices",
    "highlightText": "",
    "highlightTitle": "",
    "highlightThreadTitle": "",
    "language": "english",
    "sentiment": "negative",
    "categories": [
        "Economy, Business and Finance"
    ],
    "topics": [
        "Economy, Business and Finance->investment and opinion pieces",
        "Economy, Business and Finance->business and market analysis"
    ],
    "ai_allow": true,
    "has_canonical": false,
    "breaking": false,
    "webz_reporter": false,
    "external_links": [],
    "external_images": [],
    "internal_images": [],
    "entities": {
        "persons": [],
        "locations": [],
        "organizations": [
            {
                "name": "Penguin Solutions",
                "sentiment": "none",
                "tickers": [
                    {
                        "ticker": null,
                        "exchange": null
                    }
                ]
            },
            {
                "name": "Bil",
                "sentiment": "none",
                "tickers": [
                    {
                        "ticker": "BIL",
                        "exchange": "NYSEARCA"
                    }
                ]
            }
        ]
    },
    "syndication": {
        "syndicated": false,
        "syndicate_id": null,
        "first_syndicated": false
    },
    "trust": {
        "categories": [],
        "top_news": [],
        "bias": null,
        "source": {
            "type": null,
            "city": null,
            "state": null,
            "country": null,
            "domain_type": null,
            "agency": null,
            "organization_name": null
        }
    },
    "rating": null,
    "crawled": "2026-01-08T08:14:46.630+02:00",
    "updated": "2026-01-08T08:17:30.000+02:00"
}