{
    "thread": {
        "uuid": "87f3a860c0b4a1c6295cbe273a8e8a205c65ac66",
        "url": "https://www.theweek.in/wire-updates/national/2026/01/08/rajasthan-acb-lodges-case-against-consumer-officials-private-firms-for-irregularities-in-food-supply-scheme.html",
        "site_full": "www.theweek.in",
        "site": "theweek.in",
        "site_section": "https://news.google.com/search?q=against%20when%3A1h&hl=en-US&gl=US&ceid=US%3Aen",
        "site_categories": [
            "media",
            "crime, law and justice",
            "politics",
            "economy, business and finance"
        ],
        "section_title": "Google News - Search",
        "site_title": "Latest News | Breaking News Today | Top News Headlines- The Week",
        "title": "Rajasthan ACB lodges case against consumer officials private firms for irregularities in food supply scheme- The Week",
        "title_full": "Rajasthan ACB lodges case against consumer officials private firms for irregularities in food supply scheme- The Week",
        "published": "2026-01-08T07:17:00.000+02:00",
        "replies_count": 0,
        "participants_count": 1,
        "site_type": "news",
        "country": "IN",
        "main_image": "https://www.theweek.in/content/dam/week/wire-updates/pti-preview-theweek.jpg",
        "performance_score": 0,
        "domain_rank": 24452,
        "domain_rank_updated": "2026-01-04T23:00:00.000+02:00",
        "licensing_agency": [],
        "social": {
            "facebook": {
                "likes": 0,
                "comments": 0,
                "shares": 0
            },
            "vk": {
                "shares": 0
            }
        }
    },
    "uuid": "87f3a860c0b4a1c6295cbe273a8e8a205c65ac66",
    "url": "https://www.theweek.in/wire-updates/national/2026/01/08/rajasthan-acb-lodges-case-against-consumer-officials-private-firms-for-irregularities-in-food-supply-scheme.html",
    "ord_in_thread": 0,
    "author": "PTI",
    "published": "2026-01-08T07:17:00.000+02:00",
    "title": "Rajasthan ACB lodges case against consumer officials private firms for irregularities in food supply scheme- The Week",
    "text": "Jaipur, Jan 8 (PTI) The Anti-Corruption Bureau (ACB) in Rajasthan has registered a case against several consumer federation officials and private firms for alleged irregularities and corruption involving over Rs 2,000 crore in the supply of food items under the state Mid-Day Meal scheme during COVID-19, the agency said on Thursday.\n The alleged irregularities took place when schools were closed due to the pandemic and combo packs containing pulses, oil and spices were supplied to students through the Rajasthan State Cooperative Consumer Federation Ltd (CONFED), according to an ACB statement.\n Complaints of large-scale irregularities in the scheme led the ACB to conduct a preliminary inquiry, followed by a detailed investigation.\n The probe found that officials associated with the scheme and CONFED allegedly changed rules in collusion to exclude eligible firms from the tender process and extended undue benefits to favoured companies. These firms allegedly sublet the work illegally to create a network of fake suppliers and transporters.\n The ACB found that in several cases, payments were released on the basis of inflated and fake bills without actual procurement or supply of goods.\n \"The scam caused an estimated loss of about Rs 2,000 crore to the state exchequer,\" the ACB said.\n Those named in the case include assistant accounts officer Sanwataram, managers Rajendra, Lokesh Kumar Bapna, Yogendra Sharma and Rajendra Singh Shekhawat, assistant manager Pratibha Saini, warehouse keeper Ramdhan Bairwa, supervisor Dinesh Kumar Sharma, and several officials of Central Bhandar, besides proprietors of private firms, including Tirupati Suppliers, Jagrat Enterprises, MT Enterprises and Sai Trading, among others.\n The ACB said further investigation is going into the role of the accused, financial transactions, alleged forgery of documents and misuse of government funds, and strict action will be taken as per law against those found guilty.",
    "highlightText": "",
    "highlightTitle": "",
    "highlightThreadTitle": "",
    "language": "english",
    "sentiment": "negative",
    "categories": [
        "Crime, Law and Justice",
        "Economy, Business and Finance"
    ],
    "topics": [
        "Crime, Law and Justice->corruption",
        "Crime, Law and Justice->law enforcement",
        "Economy, Business and Finance->business service",
        "Economy, Business and Finance->business governance"
    ],
    "ai_allow": true,
    "has_canonical": false,
    "breaking": true,
    "webz_reporter": false,
    "external_links": [],
    "external_images": [],
    "internal_images": [],
    "entities": {
        "persons": [],
        "locations": [
            {
                "name": "Rajasthan",
                "sentiment": "none"
            }
        ],
        "organizations": [
            {
                "name": "ACB",
                "sentiment": "negative",
                "tickers": [
                    {
                        "ticker": "ACB",
                        "exchange": "NASDAQ"
                    }
                ]
            },
            {
                "name": "Anti-Corruption Bureau",
                "sentiment": "negative",
                "tickers": [
                    {
                        "ticker": null,
                        "exchange": null
                    }
                ]
            },
            {
                "name": "Rajasthan State Cooperative Consumer Federation Ltd",
                "sentiment": "none",
                "tickers": []
            }
        ]
    },
    "syndication": {
        "syndicated": false,
        "syndicate_id": "87f3a860c0b4a1c6295cbe273a8e8a205c65ac66",
        "first_syndicated": true
    },
    "trust": {
        "categories": [],
        "top_news": [],
        "bias": null,
        "source": {
            "type": null,
            "city": null,
            "state": null,
            "country": null,
            "domain_type": null,
            "agency": null,
            "organization_name": null
        }
    },
    "rating": null,
    "crawled": "2026-01-08T07:54:12.863+02:00",
    "updated": "2026-01-08T07:59:32.000+02:00"
}