{
    "thread": {
        "uuid": "3b00f95d57eb738db4bfc9042abbf7806f1aa8b7",
        "url": "https://menafn.com/1110566880/Veteran-Investor-Says-Big-Correction-Is-Coming-in-US-Markets",
        "site_full": "menafn.com",
        "site": "menafn.com",
        "site_section": "https://menafn.com/rss/menafn_globaltopstories.xml",
        "site_categories": [
            "investing",
            "financial_news",
            "finance",
            "crime, law and justice",
            "politics",
            "war, conflict and unrest",
            "science and technology",
            "economy, business and finance"
        ],
        "section_title": "Centre Approves Rs 1,078 Crore For Gujarat Road Projects Under CRIF",
        "site_title": "Business &amp; Financial - International News, Currencies &amp; Economic Indicators",
        "title": "Veteran Investor Says \"Big Correction Is Coming\" in U.S. Markets",
        "title_full": "Veteran Investor Says \"Big Correction Is Coming\" in U.S. Markets",
        "published": "2026-01-07T08:33:00.000+02:00",
        "replies_count": 0,
        "participants_count": 1,
        "site_type": "news",
        "country": "US",
        "main_image": "https://menafn.com/updates/pr/Menafn_News_Images\\Local_Media_623.jpg",
        "performance_score": 0,
        "domain_rank": 27060,
        "domain_rank_updated": "2026-01-04T23:00:00.000+02:00",
        "licensing_agency": [],
        "social": {
            "facebook": {
                "likes": 0,
                "comments": 0,
                "shares": 0
            },
            "vk": {
                "shares": 0
            }
        }
    },
    "uuid": "3b00f95d57eb738db4bfc9042abbf7806f1aa8b7",
    "url": "https://menafn.com/1110566880/Veteran-Investor-Says-Big-Correction-Is-Coming-in-US-Markets",
    "ord_in_thread": 0,
    "author": "marketing@menafn.com (MENAFN)",
    "published": "2026-01-07T08:33:00.000+02:00",
    "title": "Veteran Investor Says \"Big Correction Is Coming\" in U.S. Markets",
    "text": "403\nSorry!!\nError! We're sorry, but the page you were looking for doesn't exist.\nVeteran Investor Says “Big Correction Is Coming” in U.S. Markets\n(\n\"We will have a big correction in the US market, and therefore in the world, whether it's because of Venezuela or who knows what. A big correction is coming,\" Rogers told media.\nWhile analyzing his U.S. market outlook, Rogers also weighed in on Washington's military action that resulted in the capture of Venezuelan President Nicolas Maduro.\nThe financial expert described the intervention as indefensible, stating: \"I find it outrageous that the US can just go around invading a country and kidnapping the president of another country. I find that absurd and dangerous. I just hope we don't have to suffer.\"\nHe continued: \"I guess Mr. Trump has a defense, but I don't think it's defensible. I think it's absurd.\"\nRogers emphasized that American markets have been climbing continuously since 2008, making a downturn overdue. \"We could very well have a big correction. If there is a correction, the market will blame it on Venezuela,\" he explained.\nThe U.S. equity rally has now exceeded every previous bull market in the nation's history, he observed.\n\"So we have never had such a long rising market in US history. If it starts going down, everything will go down,\" he warned.\nRogers highlighted that virtually every asset category has experienced dramatic appreciation, cautioning that the coming correction will be severe. \"We are in 2026. We will have a big correction in the US market, and therefore in the world,\" he stated.\nWhile indicating a correction might materialize this year, Rogers emphasized the importance of monitoring Venezuela's petroleum industry closely, suggesting crude prices could surge. Venezuela possesses the planet's most extensive oil reserves.\nRogers disclosed he has liquidated his entire U.S. equity portfolio. \"Silver, cash and Chinese stocks I still own, but most markets around the world have gone up a lot,\" he revealed.\n\"I still have China. I still have Uzbekistan, but I am worried about investments in markets all over the world,\" he added.\nAfter the military operation in Venezuela, U.S. President Donald Trump issued remarks indicating American corporations might participate in the country's petroleum sector. The White House separately confirmed the Trump administration has initiated discussions with U.S. oil firms concerning Venezuela.\nMultiple accounts in the American media indicate U.S. petroleum companies remain hesitant about Venezuelan crude due to political instability, infrastructure deterioration, and additional considerations.\nMENAFN) A seismic correction is approaching American markets that will send shockwaves through the global economy, according to legendary investor and financial commentator Jim Rogers.\"We will have a big correction in the US market, and therefore in the world, whether it's because of Venezuela or who knows what. A big correction is coming,\" Rogers told media.\nWhile analyzing his U.S. market outlook, Rogers also weighed in on Washington's military action that resulted in the capture of Venezuelan President Nicolas Maduro.\nThe financial expert described the intervention as indefensible, stating: \"I find it outrageous that the US can just go around invading a country and kidnapping the president of another country. I find that absurd and dangerous. I just hope we don't have to suffer.\"\nHe continued: \"I guess Mr. Trump has a defense, but I don't think it's defensible. I think it's absurd.\"\nRogers emphasized that American markets have been climbing continuously since 2008, making a downturn overdue. \"We could very well have a big correction. If there is a correction, the market will blame it on Venezuela,\" he explained.\nThe U.S. equity rally has now exceeded every previous bull market in the nation's history, he observed.\n\"So we have never had such a long rising market in US history. If it starts going down, everything will go down,\" he warned.\nRogers highlighted that virtually every asset category has experienced dramatic appreciation, cautioning that the coming correction will be severe. \"We are in 2026. We will have a big correction in the US market, and therefore in the world,\" he stated.\nWhile indicating a correction might materialize this year, Rogers emphasized the importance of monitoring Venezuela's petroleum industry closely, suggesting crude prices could surge. Venezuela possesses the planet's most extensive oil reserves.\nRogers disclosed he has liquidated his entire U.S. equity portfolio. \"Silver, cash and Chinese stocks I still own, but most markets around the world have gone up a lot,\" he revealed.\n\"I still have China. I still have Uzbekistan, but I am worried about investments in markets all over the world,\" he added.\nAfter the military operation in Venezuela, U.S. President Donald Trump issued remarks indicating American corporations might participate in the country's petroleum sector. The White House separately confirmed the Trump administration has initiated discussions with U.S. oil firms concerning Venezuela.\nMultiple accounts in the American media indicate U.S. petroleum companies remain hesitant about Venezuelan crude due to political instability, infrastructure deterioration, and additional considerations.\nLegal Disclaimer:\nMENAFN provides the\ninformation “as is” without warranty of any kind. We do not accept\nany responsibility or liability for the accuracy, content, images,\nvideos, licenses, completeness, legality, or reliability of the information\ncontained in this article. If you have any complaints or copyright\nissues related to this article, kindly contact the provider above.",
    "highlightText": "",
    "highlightTitle": "",
    "highlightThreadTitle": "",
    "language": "english",
    "sentiment": "negative",
    "categories": [
        "Economy, Business and Finance"
    ],
    "topics": [
        "Economy, Business and Finance->investment and opinion pieces",
        "Economy, Business and Finance->market and exchange"
    ],
    "ai_allow": true,
    "has_canonical": false,
    "breaking": null,
    "webz_reporter": false,
    "external_links": [],
    "external_images": [],
    "internal_images": [],
    "entities": {
        "persons": [
            {
                "name": "Nicolas Maduro",
                "sentiment": "none"
            },
            {
                "name": "Rogers",
                "sentiment": "none"
            },
            {
                "name": "Trump",
                "sentiment": "none"
            }
        ],
        "locations": [],
        "organizations": []
    },
    "syndication": {
        "syndicated": false,
        "syndicate_id": null,
        "first_syndicated": false
    },
    "trust": {
        "categories": [],
        "top_news": [],
        "bias": null,
        "source": {
            "type": null,
            "city": null,
            "state": null,
            "country": null,
            "domain_type": null,
            "agency": null,
            "organization_name": null
        }
    },
    "rating": null,
    "crawled": "2026-01-08T08:10:44.933+02:00",
    "updated": "2026-01-08T08:13:02.000+02:00"
}