{
    "thread": {
        "uuid": "09abaea373b3f022660f6e444514109994a2ea14",
        "url": "https://www.nationalheraldindia.com/international/us-seizes-russian-flagged-tanker-linked-to-venezuelan-oil-moscow-protests",
        "site_full": "www.nationalheraldindia.com",
        "site": "nationalheraldindia.com",
        "site_section": "https://www.nationalheraldindia.com/stories.rss?section=news",
        "site_categories": [
            "media",
            "politics",
            "crime, law and justice",
            "economy, business and finance",
            "social issue",
            "war, conflict and unrest"
        ],
        "section_title": "National Herald",
        "site_title": "National Herald: Live News Today, India News, Top Headlines, Political and World News",
        "title": "US seizes Russian-flagged tanker linked to Venezuelan oil, Moscow protests",
        "title_full": "US seizes Russian-flagged tanker linked to Venezuelan oil, Moscow protests",
        "published": "2026-01-08T07:28:00.000+02:00",
        "replies_count": 0,
        "participants_count": 1,
        "site_type": "news",
        "country": "IN",
        "main_image": "https://media.assettype.com/nationalherald%2F2026-01-08%2F64es4svh%2FG-EXIRtaEAA7RKW.jpg?rect=0%2C17%2C1035%2C543&amp;w=1200&amp;ar=40%3A21&amp;auto=format%2Ccompress&amp;ogImage=true&amp;mode=crop&amp;enlarge=true&amp;overlay=false&amp;overlay_position=bottom&amp;overlay_width=100",
        "performance_score": 0,
        "domain_rank": 132437,
        "domain_rank_updated": "2026-01-04T23:00:00.000+02:00",
        "licensing_agency": [],
        "social": {
            "facebook": {
                "likes": 0,
                "comments": 0,
                "shares": 0
            },
            "vk": {
                "shares": 0
            }
        }
    },
    "uuid": "09abaea373b3f022660f6e444514109994a2ea14",
    "url": "https://www.nationalheraldindia.com/international/us-seizes-russian-flagged-tanker-linked-to-venezuelan-oil-moscow-protests",
    "ord_in_thread": 0,
    "author": "NH Digital",
    "published": "2026-01-08T07:28:00.000+02:00",
    "title": "US seizes Russian-flagged tanker linked to Venezuelan oil, Moscow protests",
    "text": "US seizes Russian-flagged tanker linked to Venezuelan oil, Moscow protests\nWashington cites sanctions violations as Russia calls operation illegal under maritime law\nUS special forces have seized a Russian-flagged oil tanker in the North Atlantic after a prolonged pursuit, prompting a strong protest from Moscow and raising fresh tensions over Washington’s enforcement of sanctions on Venezuelan oil shipments.\nThe US military’s European Command said the tanker, Marinera — previously known as Bella-1 — was taken into custody on Wednesday for breaching US sanctions. Defence secretary Pete Hegseth said the action underscored that Washington’s blockade on illicit Venezuelan oil exports remained in force worldwide.\nAccording to US officials, the vessel is part of a so-called “shadow fleet” used to transport oil for sanctioned states including Venezuela, Russia and Iran. The tanker had evaded earlier efforts by the US Coast Guard to board it and had slipped through a US maritime blockade targeting vessels linked to Venezuela.\nRussian state media reported that American forces boarded the tanker from a helicopter, publishing images of the aircraft hovering above the ship. An earlier attempt to seize the vessel during stormy conditions had failed, according to unnamed sources cited by Russian broadcasters.\nThe tanker had been tracked by US forces since last month and was intercepted as it neared Iceland’s exclusive economic zone, shipping data showed. While a Russian submarine and a warship were reportedly operating in the area at the time, there were no indications of a direct confrontation between US and Russian forces.\nRussia’s Transport Ministry condemned the seizure, arguing it violated international maritime law. Citing the 1982 UN Convention on the Law of the Sea, the ministry said freedom of navigation applied on the high seas and that no state had the right to use force against a vessel registered under another country’s flag. It added that contact with the tanker was lost after US naval forces boarded it in international waters, beyond any state’s territorial limits.\nThe Russian foreign ministry said the ship was receiving what it described as disproportionate attention from US and NATO militaries, despite its “peaceful status”. Moscow has not confirmed whether it deployed naval assets to escort the vessel during the pursuit.\nThe Marinera was sanctioned by the US in 2024 for allegedly smuggling oil cargo on behalf of a company linked to Lebanon’s Hezbollah. In December, it refused a US Coast Guard request to board while in the Caribbean and instead sailed across the Atlantic.\nThe seizure marks the latest step in President Donald Trump’s intensified crackdown on oil tankers tied to Venezuela. The move follows the recent capture of Venezuelan President Nicolas Maduro, after which Trump said the US would take control of Venezuela’s oil sector and develop its reserves. He has also claimed that Venezuela would transfer tens of millions to billions of barrels of sanctioned oil to the United States.\nIn a separate development, US Secretary of Homeland Security Kristi Noem said American forces had also seized another vessel, the supertanker M Sophia, in international waters near the Caribbean. The Panama-flagged ship, which is under US sanctions, had reportedly departed Venezuelan waters earlier this month while transporting oil to China with its tracking transponder switched off.\nOfficials said both vessels had either recently docked in Venezuela or were heading there. Analysts described the coordinated seizures as a significant escalation in Washington’s global enforcement of sanctions against Venezuela’s oil trade.\nWith IANS inputs\nFollow us on: Facebook, Twitter, Google News, Instagram\nJoin our official telegram channel (@nationalherald) and stay updated with the latest headlines",
    "highlightText": "",
    "highlightTitle": "",
    "highlightThreadTitle": "",
    "language": "english",
    "sentiment": "negative",
    "categories": [
        "War, Conflict and Unrest",
        "Economy, Business and Finance"
    ],
    "topics": [
        "War, Conflict and Unrest->international military intervention",
        "Economy, Business and Finance->energy and resource",
        "Economy, Business and Finance->business and market analysis"
    ],
    "ai_allow": true,
    "has_canonical": false,
    "breaking": false,
    "webz_reporter": false,
    "external_links": [
        "https://www.instagram.com/nationalherald_nh/",
        "https://news.google.com/publications/CAAqBwgKMNbd-gow7JbyAg",
        "https://www.facebook.com/nationalheraldindia/",
        "https://twitter.com/nh_india",
        "https://t.me/National_Herald",
        "https://www.instagram.com/nationalherald_nh",
        "https://www.t.me/National_Herald",
        "https://www.facebook.com/nationalheraldindia",
        "https://www.news.google.com/publications/CAAqBwgKMNbd-gow7JbyAg",
        "https://facebook.com/nationalheraldindia/",
        "https://www.twitter.com/nh_india",
        "https://instagram.com/nationalherald_nh/"
    ],
    "external_images": [],
    "internal_images": [],
    "entities": {
        "persons": [
            {
                "name": "Pete Hegseth",
                "sentiment": "none"
            }
        ],
        "locations": [
            {
                "name": "North Atlantic",
                "sentiment": "none"
            }
        ],
        "organizations": []
    },
    "syndication": {
        "syndicated": false,
        "syndicate_id": null,
        "first_syndicated": false
    },
    "trust": {
        "categories": [],
        "top_news": [],
        "bias": null,
        "source": {
            "type": null,
            "city": null,
            "state": null,
            "country": null,
            "domain_type": null,
            "agency": null,
            "organization_name": null
        }
    },
    "rating": null,
    "crawled": "2026-01-08T07:41:33.701+02:00",
    "updated": "2026-01-08T07:45:03.000+02:00"
}