{
    "thread": {
        "uuid": "cd19bf75b0d078256a21dc7a3372e8c80f52f03f",
        "url": "https://101theeagle.com/gamestop-illinois-store-closures/",
        "site_full": "101theeagle.com",
        "site": "101theeagle.com",
        "site_section": "https://news.google.com/search?q=s%20when%3A1h&hl=en-US&gl=US&ceid=US%3Aen",
        "site_categories": [
            "arts, culture and entertainment",
            "lifestyle and leisure",
            "economy, business and finance"
        ],
        "section_title": "Google News - Search",
        "site_title": "100.9 The Eagle – The Tri-States' Classic Rock Station – Quincy/Hannibal",
        "title": "GameStop Shuts Down 10 Illinois Locations Without Warning",
        "title_full": "GameStop Shuts Down 10 Illinois Locations Without Warning",
        "published": "2026-01-08T07:02:00.000+02:00",
        "replies_count": 0,
        "participants_count": 1,
        "site_type": "news",
        "country": "US",
        "main_image": "https://townsquare.media/site/463/files/2026/01/attachment-gamestop-illinois-feature.jpg?w=1200&q=75&format=natural",
        "performance_score": 0,
        "domain_rank": null,
        "domain_rank_updated": null,
        "licensing_agency": [],
        "social": {
            "facebook": {
                "likes": 0,
                "comments": 0,
                "shares": 0
            },
            "vk": {
                "shares": 0
            }
        }
    },
    "uuid": "cd19bf75b0d078256a21dc7a3372e8c80f52f03f",
    "url": "https://101theeagle.com/gamestop-illinois-store-closures/",
    "ord_in_thread": 0,
    "author": "docholliday",
    "published": "2026-01-08T07:02:00.000+02:00",
    "title": "GameStop Shuts Down 10 Illinois Locations Without Warning",
    "text": "GameStop Has Suddenly Pulled the Plug on 10 Illinois Locations\nThere are more reports of a mass closure of stores by gaming retailer GameStop and that now includes at least 10 Illinois locations that have shut their doors this week.\nThe GameStop Store Closings website has just added 10 locations in Illinois that are reportedly a part of the mass closings the company has started executing this week. Here are the affected stores according to their list:\nGameStop - Alton Corners, 317 Homer Adams Pkwy., Alton, Illinois\nGameStop - Northland Plaza, 2564 Sycamore Rd., Dekalb, Illinois\nGameStop - Randall Square, 1492 N. Randall Rd., Geneva, Illinois\nGameStop - Quarry Outlot, 9404 Joliet Rd., Hodgkins, Illinois\nGameStop - Park Place Plaza, 17925 Halsted St., Homewood, Illinois\nGameStop - 2410 W. Jefferson St., Joliet, Illinois\nGameStop - McHenry Towne Center West, 2445 N. Richmond Rd., McHenry, Illinois\nGameStop - Lakeview Plaza, 15864 S. LaGrange Rd., Orland Park, Illinois\nGameStop - South Elgin Commons, 478 Randall Rd., South Elgin, Illinois\nGameStop - Tinley Park Plaza, 16205 Harlem Ave., Tinley Park, Illinois\nThe complete list of GameStop closures includes hundreds of new locations in 2026. While the closures in Illinois are sudden, it's not completely unexpected. Video gaming has gone from CD's, DVD's and cartridges to world of digital downloads where trips to stores are less necessary for new game releases. I would argue that used game sales are still something many families count on which won't be possible if the brick and mortar GameStop stores are gone. Gaming companies would probably love to eliminate used game sales since they don't make any money on games that have already been sold and most probably figure that used game sales reduce the number of new games sold. Still, I hope the remaining GameStop stores can find a successful way forward. This would be a sad development for families who are trying to keep entertainment affordable.\nInside Abandoned Illinois Video Store—1,000s of VHS Tapes Left\nGallery Credit: obsoleteVoids via YouTube",
    "highlightText": "",
    "highlightTitle": "",
    "highlightThreadTitle": "",
    "language": "english",
    "sentiment": "negative",
    "categories": [
        "Economy, Business and Finance"
    ],
    "topics": [
        "Economy, Business and Finance->layoffs",
        "Economy, Business and Finance->corporate news and profiles"
    ],
    "ai_allow": true,
    "has_canonical": false,
    "breaking": null,
    "webz_reporter": false,
    "external_links": [
        "https://gsclosing.blogspot.com/2025/12/january-2026-reported-closings.html?m=1",
        "https://gsclosing.blogspot.com/2025/12/january-2026-reported-closings.html",
        "https://www.gsclosing.blogspot.com/2025/12/january-2026-reported-closings.html?m=1"
    ],
    "external_images": [],
    "internal_images": [],
    "entities": {
        "persons": [],
        "locations": [
            {
                "name": "Rd.",
                "sentiment": "none"
            }
        ],
        "organizations": [
            {
                "name": "GameStop",
                "sentiment": "none",
                "tickers": [
                    {
                        "ticker": "GME",
                        "exchange": "NYSE"
                    }
                ]
            }
        ]
    },
    "syndication": {
        "syndicated": false,
        "syndicate_id": "cd19bf75b0d078256a21dc7a3372e8c80f52f03f",
        "first_syndicated": true
    },
    "trust": {
        "categories": null,
        "top_news": [],
        "bias": null,
        "source": {
            "type": "local_news",
            "city": [
                "Quincy"
            ],
            "state": [
                "Missouri"
            ],
            "country": [
                "US"
            ],
            "domain_type": null,
            "agency": null,
            "organization_name": null
        }
    },
    "rating": null,
    "crawled": "2026-01-08T08:09:26.592+02:00",
    "updated": "2026-01-08T08:10:49.000+02:00"
}