{
    "thread": {
        "uuid": "e10e568d70a7b83c61fd039240129c227aed58fe",
        "url": "https://m.dailyhunt.in/news/india/english/wion-epaper-wionnew/143+750+for+one+seat+fifa+world+cup+final+ticket+price+surges+41+times+on+resale+site-newsid-n700622127",
        "site_full": "m.dailyhunt.in",
        "site": "dailyhunt.in",
        "site_section": "https://m.dailyhunt.in/news/india/epaper-idunam/",
        "site_categories": [
            "arts, culture and entertainment",
            "media",
            "economy, business and finance",
            "crime, law and justice",
            "politics",
            "sport"
        ],
        "section_title": "Personalized News in 14 Indian Languages | Latest Updates",
        "site_title": null,
        "title": "$143,750 for one seat? FIFA World Cup final ticket price surges 41 times on resale site",
        "title_full": "$143,750 for one seat? FIFA World Cup final ticket price surges 41 times on resale site",
        "published": "2026-02-12T08:18:00.000+02:00",
        "replies_count": 0,
        "participants_count": 1,
        "site_type": "news",
        "country": "IN",
        "main_image": "https://assets-news-bcdn.dailyhunt.in/cmd/resize/1200x630_90/fetchdata20/images/4b/27/a0/4b27a07409744e687048f40c6062efa588ddecdb7b4aa39b7a01e3f23b6d0b03.jpg",
        "performance_score": 0,
        "domain_rank": 11578,
        "domain_rank_updated": "2026-02-08T23:00:00.000+02:00",
        "licensing_agency": [],
        "social": {
            "facebook": {
                "likes": 0,
                "comments": 0,
                "shares": 0
            },
            "vk": {
                "shares": 0
            }
        }
    },
    "uuid": "e10e568d70a7b83c61fd039240129c227aed58fe",
    "url": "https://m.dailyhunt.in/news/india/english/wion-epaper-wionnew/143+750+for+one+seat+fifa+world+cup+final+ticket+price+surges+41+times+on+resale+site-newsid-n700622127",
    "ord_in_thread": 0,
    "author": "@Dailyhuntapp",
    "published": "2026-02-12T08:18:00.000+02:00",
    "title": "$143,750 for one seat? FIFA World Cup final ticket price surges 41 times on resale site",
    "text": "Get the latest version\nRefresh\n$143,750 for one seat? FIFA World Cup final ticket price surges 41 times on resale site\nWION\n14m\nDailyhunt\nDisclaimer\n: This content has not been generated, created or edited by Dailyhunt. Publisher: Wion News\n#Hashtags\n#Sports\nEterno Infotech © 2022\nNo Internet connection\nDownload the app to view this section\nDownload the app to view this section\nLink Copied",
    "summary": null,
    "highlightText": "",
    "highlightTitle": "",
    "highlightThreadTitle": "",
    "language": "english",
    "sentiment": "negative",
    "categories": [
        "Economy, Business and Finance",
        "Sport"
    ],
    "topics": [
        "Economy, Business and Finance->market and exchange",
        "Economy, Business and Finance->consumer goods",
        "Economy, Business and Finance->financial and economic news"
    ],
    "ai_allow": true,
    "has_canonical": false,
    "breaking": false,
    "webz_reporter": false,
    "external_links": [],
    "external_images": [],
    "internal_images": [],
    "entities": {
        "persons": [],
        "locations": [],
        "organizations": [
            {
                "name": "Dailyhunt",
                "sentiment": "none",
                "tickers": [
                    {
                        "ticker": null,
                        "exchange": null
                    }
                ]
            },
            {
                "name": "Wion News",
                "sentiment": "none",
                "tickers": [
                    {
                        "ticker": null,
                        "exchange": null
                    }
                ]
            }
        ]
    },
    "syndication": {
        "syndicated": false,
        "syndicate_id": null,
        "first_syndicated": false
    },
    "trust": {
        "categories": [],
        "top_news": [],
        "bias": null,
        "source": {
            "type": null,
            "city": null,
            "state": null,
            "country": null,
            "domain_type": null,
            "agency": null,
            "organization_name": null
        }
    },
    "rating": null,
    "crawled": "2026-02-12T08:38:54.758+02:00",
    "updated": "2026-02-12T08:50:15.000+02:00"
}