{
    "thread": {
        "uuid": "73321800efccebefdb176575e7418d509c51a88f",
        "url": "https://www.capitalfm.co.ke/news/2026/02/suspected-cyber-fraudster-arraigned-over-sh11-4-million-microfinance-heist/",
        "site_full": "www.capitalfm.co.ke",
        "site": "capitalfm.co.ke",
        "site_section": "https://www.kenyamoja.com/index.php",
        "site_categories": [
            "crime, law and justice",
            "media",
            "sport",
            "economy, business and finance",
            "politics"
        ],
        "section_title": "Home | KenyaMOJA.com",
        "site_title": "Kenya breaking news | Kenya news today | Capitalfm.co.ke &#187; Capital News",
        "title": "Suspected Cyber-fraudster Arraigned Over Sh11.4 Million Microfinance Heist",
        "title_full": "Suspected Cyber-fraudster Arraigned Over Sh11.4 Million Microfinance Heist",
        "published": "2026-02-12T06:56:00.000+02:00",
        "replies_count": 0,
        "participants_count": 1,
        "site_type": "news",
        "country": "KE",
        "main_image": "https://www.capitalfm.co.ke/news/files/2018/02/bf41f0b0216ae47dd5be50ee55eaf2bbbd360e03.jpg",
        "performance_score": 0,
        "domain_rank": 58454,
        "domain_rank_updated": "2026-02-08T23:00:00.000+02:00",
        "licensing_agency": [],
        "social": {
            "facebook": {
                "likes": 0,
                "comments": 0,
                "shares": 0
            },
            "vk": {
                "shares": 0
            }
        }
    },
    "uuid": "73321800efccebefdb176575e7418d509c51a88f",
    "url": "https://www.capitalfm.co.ke/news/2026/02/suspected-cyber-fraudster-arraigned-over-sh11-4-million-microfinance-heist/",
    "ord_in_thread": 0,
    "author": "CAPITAL REPORTER",
    "published": "2026-02-12T06:56:00.000+02:00",
    "title": "Suspected Cyber-fraudster Arraigned Over Sh11.4 Million Microfinance Heist",
    "text": "NAIROBI, Kenya Feb 12 – A suspected cyber-fraudster was yesterday arraigned in court and charged with orchestrating a fraudulent scheme that siphoned off 11.4 million Shillings from a leading microfinance institution.\nThe Directorate of Criminal Investigations says the action follows a formal complaint lodged by the Microfinance institution, detailing a shocking incident that occurred on July 16, 2025.\nOn that day, a total of thirty-eight fraudulent transactions were executed through the institutions System, resulting in a loss of 11.4 Million Shillings.\nThe middle-aged suspect faced multiple serious charges, including Unauthorised Access to a Computer System, Computer Fraud, and Money Laundering.\nHe entered a plea of not guilty to all twenty counts.\nThe court granted him bail, allowing his release on a bond of Sh1,500,000 or a cash bail of Sh500,000.",
    "summary": "NAIROBI, Kenya Feb 12 – A suspected cyber-fraudster was yesterday arraigned in court and charged with orchestrating a fraudulent scheme that siphoned off 11.4 million Shillings from a leading microfinance institution. The Directorate of Criminal Investigations says the action follows a formal complaint lodged by the Microfinance institution, detailing a shocking incident that occurred on July 16, 2025. On that day, a total of thirty-eight fraudulent transactions were executed through the institutions System, resulting in a loss of 11.4 Million Shillings. The middle-aged suspect faced multiple serious charges, including Unauthorised Access to a Computer System, Computer Fraud, and Money Laundering.",
    "highlightText": "",
    "highlightTitle": "",
    "highlightThreadTitle": "",
    "language": "english",
    "sentiment": "negative",
    "categories": [
        "Crime, Law and Justice",
        "Economy, Business and Finance"
    ],
    "topics": [
        "Crime, Law and Justice->court",
        "Crime, Law and Justice->cyber crime",
        "Crime, Law and Justice->fraud",
        "Economy, Business and Finance->financial service"
    ],
    "ai_allow": true,
    "has_canonical": false,
    "breaking": false,
    "webz_reporter": false,
    "external_links": [],
    "external_images": [],
    "internal_images": [],
    "entities": {
        "persons": [],
        "locations": [
            {
                "name": "NAIROBI",
                "sentiment": "none"
            },
            {
                "name": "Kenya",
                "sentiment": "none"
            }
        ],
        "organizations": [
            {
                "name": "Directorate of Criminal Investigations",
                "sentiment": "none",
                "tickers": [
                    {
                        "ticker": null,
                        "exchange": null
                    }
                ]
            }
        ]
    },
    "syndication": {
        "syndicated": false,
        "syndicate_id": "73321800efccebefdb176575e7418d509c51a88f",
        "first_syndicated": true
    },
    "trust": {
        "categories": [],
        "top_news": [],
        "bias": null,
        "source": {
            "type": null,
            "city": null,
            "state": null,
            "country": null,
            "domain_type": null,
            "agency": null,
            "organization_name": null
        }
    },
    "rating": null,
    "crawled": "2026-02-12T07:38:26.659+02:00",
    "updated": "2026-02-12T07:43:44.000+02:00"
}