{
    "thread": {
        "uuid": "c4968ad5018b1bcd5f5591c8752fdfbda0120105",
        "url": "https://www.prlog.org/13127002-shocking-study-67-of-divorced-australians-discover-hidden-credit-damage-years-after-separation.html",
        "site_full": "www.prlog.org",
        "site": "prlog.org",
        "site_section": "https://www.prlog.org/news",
        "site_categories": [
            "health",
            "arts, culture and entertainment",
            "science and technology",
            "lifestyle and leisure",
            "economy, business and finance"
        ],
        "section_title": "Latest News (Press Releases)",
        "site_title": "Free Press Release Distribution Service - PRLog",
        "title": "SHOCKING STUDY: 67% of Divorced Australians Discover Hidden Credit Damage Years After Separation -- Australian Credit Solutions | PRLog",
        "title_full": "SHOCKING STUDY: 67% of Divorced Australians Discover Hidden Credit Damage Years After Separation -- Australian Credit Solutions | PRLog",
        "published": "2026-02-12T02:00:00.000+02:00",
        "replies_count": 0,
        "participants_count": 1,
        "site_type": "news",
        "country": "US",
        "main_image": "https://biz.prlog.org/ElisaRothschild/logo.jpg",
        "performance_score": 0,
        "domain_rank": 17755,
        "domain_rank_updated": "2026-02-08T23:00:00.000+02:00",
        "licensing_agency": [],
        "social": {
            "facebook": {
                "likes": 0,
                "comments": 0,
                "shares": 0
            },
            "vk": {
                "shares": 0
            }
        }
    },
    "uuid": "c4968ad5018b1bcd5f5591c8752fdfbda0120105",
    "url": "https://www.prlog.org/13127002-shocking-study-67-of-divorced-australians-discover-hidden-credit-damage-years-after-separation.html",
    "ord_in_thread": 0,
    "author": "Australian Credit Solutions",
    "published": "2026-02-12T02:00:00.000+02:00",
    "title": "SHOCKING STUDY: 67% of Divorced Australians Discover Hidden Credit Damage Years After Separation -- Australian Credit Solutions | PRLog",
    "text": "SHOCKING STUDY: 67% of Divorced Australians Discover Hidden Credit Damage Years After SeparationMelbourne Credit Repair Firm Exposes \"The Divorce Credit Trap\" Affecting 45,000+ Australians Annually—Most Have No Idea Their Ex-Partner Destroyed Their Financial Future\nWith over 2,000 clients helped and 10+ years of experience, the company offers free credit assessments to individuals struggling with bad credit preventing home loans, car finance, and financial freedom. \"Many Australians don't realize a single default can cost them $50,000+ in higher interest rates over a mortgage lifetime,\" says Elisa, founder of Australian Credit Solutions. \"We help remove errors, dispute unfair defaults, and rebuild credit scores.\" Services include: - Default removal - Credit report disputes - Credit score improvement strategies - Post-divorce credit repair - Financial recovery support About Australian Credit Solutions Australian Credit Solutions is a Melbourne-based credit repair and financial wellness firm specializing in helping Australians recover from credit damage caused by divorce, defaults, and financial hardship. Founded in 2015 by Elisa Rothschild, LLB, the company has helped over 2,000 Australians improve their credit scores and secure financial freedom. Australian Credit Solutions has been recognized as an industry leader in 2022, 2023, and 2024. Free Credit Assessment: Australians concerned about hidden credit damage can request a free credit assessment at australiancreditsolutions.com.au or by calling 0489 265 737. End\nIndustry | : |\nLocation | : |\nAccount Email Address Account Phone Number\n|",
    "summary": "SHOCKING STUDY: 67% of Divorced Australians Discover Hidden Credit Damage Years After SeparationMelbourne Credit Repair Firm Exposes \"The Divorce Credit Trap\" Affecting 45,000+ Australians Annually—Most Have No Idea Their Ex-Partner Destroyed Their Financial Future With over 2,000 clients helped and 10+ years of experience, the company offers free credit assessments to individuals struggling with bad credit preventing home loans, car finance, and financial freedom. \"Many Australians don't realize a single default can cost them $50,000+ in higher interest rates over a mortgage lifetime,\" says Elisa, founder of Australian Credit Solutions.",
    "highlightText": "",
    "highlightTitle": "",
    "highlightThreadTitle": "",
    "language": "english",
    "sentiment": "negative",
    "categories": [
        "Economy, Business and Finance"
    ],
    "topics": [
        "Economy, Business and Finance->financial service"
    ],
    "ai_allow": true,
    "has_canonical": false,
    "breaking": null,
    "webz_reporter": false,
    "external_links": [],
    "external_images": [],
    "internal_images": [],
    "entities": {
        "persons": [],
        "locations": [],
        "organizations": [
            {
                "name": "Australian Credit Solutions",
                "sentiment": "negative",
                "tickers": []
            },
            {
                "name": "ourne Credit Repair",
                "sentiment": "none",
                "tickers": []
            }
        ]
    },
    "syndication": {
        "syndicated": false,
        "syndicate_id": null,
        "first_syndicated": false
    },
    "trust": {
        "categories": null,
        "top_news": [],
        "bias": null,
        "source": {
            "type": "newsroom",
            "city": null,
            "state": null,
            "country": null,
            "domain_type": null,
            "agency": null,
            "organization_name": "PRLog"
        }
    },
    "rating": null,
    "crawled": "2026-02-12T08:17:52.267+02:00",
    "updated": "2026-02-12T08:19:51.000+02:00"
}