{
    "thread": {
        "uuid": "d3eb8e31d6525da51613185146a5bae0e84b5403",
        "url": "https://news3lv.com/news/local/las-vegas-woman-pleads-guilty-to-counterfeit-coupon-scheme",
        "site_full": "news3lv.com",
        "site": "news3lv.com",
        "site_section": "https://news3lv.com/news/local",
        "site_categories": [
            "social issue",
            "economy, business and finance",
            "arts, culture and entertainment",
            "crime, law and justice",
            "politics",
            "lifestyle and leisure",
            "media"
        ],
        "section_title": "Local",
        "site_title": "chevron-right",
        "title": "Las Vegas woman pleads guilty to counterfeit coupon scheme",
        "title_full": "Las Vegas woman pleads guilty to counterfeit coupon scheme",
        "published": "2026-02-12T08:01:00.000+02:00",
        "replies_count": 0,
        "participants_count": 1,
        "site_type": "news",
        "country": "US",
        "main_image": "https://news3lv.com/resources/media2/16x9/3504/1320/0x183/90/c6cd6f36-0804-4f2f-b411-79249114b07e-GettyImages157289117.jpg",
        "performance_score": 0,
        "domain_rank": 31443,
        "domain_rank_updated": "2026-02-08T23:00:00.000+02:00",
        "licensing_agency": [],
        "social": {
            "facebook": {
                "likes": 0,
                "comments": 0,
                "shares": 0
            },
            "vk": {
                "shares": 0
            }
        }
    },
    "uuid": "d3eb8e31d6525da51613185146a5bae0e84b5403",
    "url": "https://news3lv.com/news/local/las-vegas-woman-pleads-guilty-to-counterfeit-coupon-scheme",
    "ord_in_thread": 0,
    "author": "Martha Cruz",
    "published": "2026-02-12T08:01:00.000+02:00",
    "title": "Las Vegas woman pleads guilty to counterfeit coupon scheme",
    "text": "Las Vegas woman pleads guilty to counterfeit coupon scheme\nLas Vegas (KSNV) — A woman has pleaded guilty to manufacturing and selling counterfeit store coupons as part of a multi-year scheme.\nSerena Reamy Hedden, a Las Vegas resident, has pleaded guilty after investigators found that she would sell the coupons with inflated values online and via social media to co-conspirators.\nAuthorities say Hedden created nearly 3.5 million fake coupons at her home, allowing accomplices to obtain merchandise for free or at steep discounts between August 2017 and September 2019.\nHedden was later arrested after a federal search of her home revealed equipment and supplies used in the operation.\nShe faces one count of conspiracy to commit mail fraud, with a maximum penalty of 20 years in prison.\nHedden's sentencing is scheduled for May 7, 2026.",
    "summary": "Las Vegas woman pleads guilty to counterfeit coupon scheme Las Vegas (KSNV) — A woman has pleaded guilty to manufacturing and selling counterfeit store coupons as part of a multi-year scheme. Serena Reamy Hedden, a Las Vegas resident, has pleaded guilty after investigators found that she would sell the coupons with inflated values online and via social media to co-conspirators. Authorities say Hedden created nearly 3.5 million fake coupons at her home, allowing accomplices to obtain merchandise for free or at steep discounts between August 2017 and September 2019.",
    "highlightText": "",
    "highlightTitle": "",
    "highlightThreadTitle": "",
    "language": "english",
    "sentiment": "negative",
    "categories": [
        "Crime, Law and Justice",
        "Economy, Business and Finance"
    ],
    "topics": [
        "Crime, Law and Justice->criminal law",
        "Crime, Law and Justice->fraud",
        "Economy, Business and Finance->consumer goods",
        "Economy, Business and Finance->business service"
    ],
    "ai_allow": true,
    "has_canonical": false,
    "breaking": false,
    "webz_reporter": false,
    "external_links": [],
    "external_images": [],
    "internal_images": [],
    "entities": {
        "persons": [
            {
                "name": "Serena Reamy Hedden",
                "sentiment": "none"
            }
        ],
        "locations": [
            {
                "name": "Las Vegas",
                "sentiment": "none"
            }
        ],
        "organizations": []
    },
    "syndication": {
        "syndicated": false,
        "syndicate_id": null,
        "first_syndicated": false
    },
    "trust": {
        "categories": [
            "trusted_news"
        ],
        "top_news": [],
        "bias": "center",
        "source": {
            "type": "local_news",
            "city": [
                "North Las Vegas",
                "Paradise"
            ],
            "state": [
                "Nevada"
            ],
            "country": [
                "US"
            ],
            "domain_type": null,
            "agency": null,
            "organization_name": null
        }
    },
    "rating": null,
    "crawled": "2026-02-12T08:13:25.663+02:00",
    "updated": "2026-02-12T08:16:21.000+02:00"
}