{
    "thread": {
        "uuid": "86cb18ffb06d3bdb59929639821209f6da501676",
        "url": "https://www.ainvest.com/news/bitcoin-miners-sell-40-march-coins-economic-uncertainty-2504",
        "site_full": "www.ainvest.com",
        "site": "ainvest.com",
        "site_section": "https://www.ainvest.com",
        "site_categories": [],
        "section_title": "AInvest: AI Stock Analysis, Quotes &amp; News - Get Free Tools Now!",
        "site_title": "AInvest: AI Stock Analysis, Quotes &amp; News - Get Free Tools Now!",
        "title": "Bitcoin Miners Sell 40% of March Coins Amid Economic Uncertainty",
        "title_full": "Bitcoin Miners Sell 40% of March Coins Amid Economic Uncertainty",
        "published": "2025-04-17T00:03:13.545+03:00",
        "replies_count": 0,
        "participants_count": 1,
        "site_type": "news",
        "country": "US",
        "main_image": "https://lh-prod-oper-pub-opercenter.s3.amazonaws.com/discovery-image/compress-1a8af35b56c20001.png",
        "performance_score": 0,
        "domain_rank": 188551,
        "domain_rank_updated": "2025-04-15T00:00:00.000+03:00",
        "licensing_agency": [],
        "social": {
            "facebook": {
                "likes": 0,
                "comments": 0,
                "shares": 0
            },
            "vk": {
                "shares": 0
            }
        }
    },
    "uuid": "86cb18ffb06d3bdb59929639821209f6da501676",
    "url": "https://www.ainvest.com/news/bitcoin-miners-sell-40-march-coins-economic-uncertainty-2504",
    "ord_in_thread": 0,
    "author": "Coin World",
    "published": "2025-04-17T00:03:13.545+03:00",
    "title": "Bitcoin Miners Sell 40% of March Coins Amid Economic Uncertainty",
    "text": "Bitcoin Miners Sell 40% of March Coins Amid Economic Uncertainty\nPublicly listed Bitcoin miners sold over 40% of the collective coins mined in March, marking the largest monthly BTC liquidation for mining firms since October 2024. This trend reverses the post-halving strategy of accumulating Bitcoin for corporate treasuries, according to a report that analyzed data from 15 publicly traded mining companies.\nThe surge in liquidations coincides with widespread macroeconomic uncertainty in financial markets and the business sector. This suggests that companies are selling their BTC to mitigate shortfalls caused by the current economic climate. The increased selling pressure from mining firms offloading BTC to cover operational expenses contributes to the volatility in the cryptocurrency market.\nBitcoin experienced a 2.3% loss in March, following a 17.39% correction the previous month. This volatility can be attributed to the selling pressure from mining firms, which are under significant financial strain due to high costs, operational hurdles, and fierce competitiveness within the industry.\nThe effects of a trade war on businesses, financial markets, and global supply chains have exacerbated these challenges. Producing all hardware components used for mining BTC in the United States is not feasible, according to the chief marketing officer at a BTC mining service provider. Tariff policies have made components and business-to-business services more expensive, eroding miner profitability.\nThreats of taxing energy imports have added to the uncertainty facing some US-based mining firms, as energy costs are a critical input in determining profit margins for miners. Higher costs from trade tensions may benefit mining firms outside the US, as hardware manufacturers and resellers offload equipment originally meant for US customers to other jurisdictions at lower prices.\nImporting machines to the US will now cost at least 24% more compared to tariff-free countries. This makes mining Bitcoin in the US economically unfeasible if 24% tariffs are levied on mining components. As a result, US firms may gradually lose market share due to the tariffs.",
    "highlightText": "",
    "highlightTitle": "",
    "highlightThreadTitle": "",
    "language": "english",
    "sentiment": "negative",
    "categories": [
        "Economy, Business and Finance",
        "Crime, Law and Justice",
        "Social Issue"
    ],
    "topics": [
        "Economy, Business and Finance->foreign exchange market",
        "Economy, Business and Finance->financial and economic news",
        "Social Issue->social problem"
    ],
    "ai_allow": true,
    "has_canonical": false,
    "breaking": false,
    "webz_reporter": false,
    "external_links": [],
    "entities": {
        "persons": [],
        "locations": [],
        "organizations": []
    },
    "syndication": {
        "syndicated": false,
        "syndicate_id": null,
        "first_syndicated": false
    },
    "trust": {
        "categories": [],
        "bias": null,
        "source": {
            "type": null,
            "city": null,
            "state": null,
            "country": null,
            "domain_type": null,
            "agency": null,
            "organization_name": null
        }
    },
    "rating": null,
    "crawled": "2025-04-17T00:03:13.545+03:00",
    "updated": "2025-04-17T00:03:13.545+03:00"
}