{
    "thread": {
        "uuid": "5f16526a1784ba8b56c17b44d2648f11964ee51d",
        "url": "https://www.marketscreener.com/quote/index/S-P-500-4985/news/Utilities-Edge-Lower-on-Defensive-Shift-Utilities-Roundup-49639254",
        "site_full": "www.marketscreener.com",
        "site": "marketscreener.com",
        "site_section": "http://www.marketscreener.com",
        "site_categories": [
            "photography",
            "hobbies_and_interests"
        ],
        "section_title": "MarketScreener - Financial News &amp; Stock Market Quotes",
        "site_title": "Stock Market Today : Reports, Quotes and News - MarketScreener",
        "title": "Utilities Edge Lower on Defensive Shift - Utilities Roundup | MarketScreener",
        "title_full": "Utilities Edge Lower on Defensive Shift - Utilities Roundup | MarketScreener",
        "published": "2025-04-17T00:37:00.000+03:00",
        "replies_count": 0,
        "participants_count": 1,
        "site_type": "news",
        "country": "DE",
        "main_image": "https://cdn.zonebourse.com/static/resize/0/0//images/reuters/2016-08-05T142300Z_1_LYNXNPEC740QD_RTROPTP_2_USA-STOCKS.JPG",
        "performance_score": 0,
        "domain_rank": 3591,
        "domain_rank_updated": "2025-04-15T00:00:00.000+03:00",
        "licensing_agency": [],
        "social": {
            "facebook": {
                "likes": 0,
                "comments": 0,
                "shares": 0
            },
            "vk": {
                "shares": 0
            }
        }
    },
    "uuid": "5f16526a1784ba8b56c17b44d2648f11964ee51d",
    "url": "https://www.marketscreener.com/quote/index/S-P-500-4985/news/Utilities-Edge-Lower-on-Defensive-Shift-Utilities-Roundup-49639254",
    "ord_in_thread": 0,
    "author": "MarketScreener",
    "published": "2025-04-17T00:37:00.000+03:00",
    "title": "Utilities Edge Lower on Defensive Shift - Utilities Roundup | MarketScreener",
    "text": "Shares of power producers fell, but not by as much as the broad market, as Federal Reserve Chairman Jerome Powell's warnings about the implications of the trade war for economic conditions sent investors into safe havens.\nGold futures surged, topping $3300 an ounce.\nThe utility industry group of the S&P 500 lost about 1%, but remains up slightly for the year to date, compared to a roughly 11% loss for the broad S&P 500.\nThis crisis could worsen unless the Trump administration \"pivots\" on trade policy, said Lorenzo Di Mattia, manage of hedge fund Sibilla Global Fund. In the absence of such a change of heart from Mr. Trump, \"investor confidence in the U.S. deteriorates rapidly, and the U.S. dollar falls sharply -- more than even the most bearish forecasters expect,\" said Di Mattia.\n\"The S&P drops...continuing to slide until a credible policy shift is seen.\"\nWrite to Rob Curran at rob.curran@dowjones.com\n(END) Dow Jones Newswires\n04-16-25 1736ET\nShare © Dow Jones - 2025",
    "highlightText": "",
    "highlightTitle": "",
    "highlightThreadTitle": "",
    "language": "english",
    "sentiment": "negative",
    "categories": [
        "Economy, Business and Finance",
        "Politics",
        "Social Issue"
    ],
    "topics": [
        "Economy, Business and Finance->financial and economic news",
        "Economy, Business and Finance->utilities",
        "Politics->economic policy",
        "Politics->political development",
        "Politics->government policy",
        "Social Issue->population and census",
        "Social Issue->social condition"
    ],
    "ai_allow": false,
    "has_canonical": false,
    "breaking": false,
    "webz_reporter": false,
    "external_links": [
        "https://twitter.com/intent/tweet?text=Utilities",
        "https://www.linkedin.com/shareArticle?mini=true&url=https%3A%2F%2Fwww.marketscreener.com%2Fquote%2Findex%2FS-P-500-4985%2Fnews%2FUtilities-Edge-Lower-on-Defensive-Shift-Utilities-Roundup-49639254%2F%3Futm_source%3Dlinkedin%26utm_medium%3Dsocial%26utm_campaign%3Dshare&title=Utilities",
        "https://cdn.zonebourse.com/static/resize/464/261//images/reuters/2016-08-05T142300Z_1_LYNXNPEC740QD_RTROPTP_2_USA-STOCKS.JPG",
        "https://wa.me/?text=https%3A%2F%2Fwww.marketscreener.com%2Fquote%2Findex%2FS-P-500-4985%2Fnews%2FUtilities-Edge-Lower-on-Defensive-Shift-Utilities-Roundup-49639254%2F%3Futm_source%3Dwhatsapp%26utm_medium%3Dsocial%26utm_campaign%3Dshare",
        "https://telegram.me/share/url?url=https%3A%2F%2Fwww.marketscreener.com%2Fquote%2Findex%2FS-P-500-4985%2Fnews%2FUtilities-Edge-Lower-on-Defensive-Shift-Utilities-Roundup-49639254%2F%3Futm_source%3Dtelegram%26utm_medium%3Dsocial%26utm_campaign%3Dshare",
        "https://www.facebook.com/sharer/sharer.php?u=https%3A%2F%2Fwww.marketscreener.com%2Fquote%2Findex%2FS-P-500-4985%2Fnews%2FUtilities-Edge-Lower-on-Defensive-Shift-Utilities-Roundup-49639254%2F%3Futm_source%3Dfacebook%26utm_medium%3Dsocial%26utm_campaign%3Dshare",
        "https://www.twitter.com/intent/tweet?text=Utilities",
        "https://telegram.me/share/url",
        "https://wa.me/",
        "https://www.facebook.com/sharer/sharer.php",
        "https://www.linkedin.com/shareArticle",
        "https://www.telegram.me/share/url?url=https%3A%2F%2Fwww.marketscreener.com%2Fquote%2Findex%2FS-P-500-4985%2Fnews%2FUtilities-Edge-Lower-on-Defensive-Shift-Utilities-Roundup-49639254%2F%3Futm_source%3Dtelegram%26utm_medium%3Dsocial%26utm_campaign%3Dshare",
        "https://linkedin.com/shareArticle?mini=true&url=https%3A%2F%2Fwww.marketscreener.com%2Fquote%2Findex%2FS-P-500-4985%2Fnews%2FUtilities-Edge-Lower-on-Defensive-Shift-Utilities-Roundup-49639254%2F%3Futm_source%3Dlinkedin%26utm_medium%3Dsocial%26utm_campaign%3Dshare&title=Utilities",
        "https://www.wa.me/?text=https%3A%2F%2Fwww.marketscreener.com%2Fquote%2Findex%2FS-P-500-4985%2Fnews%2FUtilities-Edge-Lower-on-Defensive-Shift-Utilities-Roundup-49639254%2F%3Futm_source%3Dwhatsapp%26utm_medium%3Dsocial%26utm_campaign%3Dshare",
        "https://www.cdn.zonebourse.com/static/resize/464/261//images/reuters/2016-08-05T142300Z_1_LYNXNPEC740QD_RTROPTP_2_USA-STOCKS.JPG",
        "https://facebook.com/sharer/sharer.php?u=https%3A%2F%2Fwww.marketscreener.com%2Fquote%2Findex%2FS-P-500-4985%2Fnews%2FUtilities-Edge-Lower-on-Defensive-Shift-Utilities-Roundup-49639254%2F%3Futm_source%3Dfacebook%26utm_medium%3Dsocial%26utm_campaign%3Dshare",
        "https://twitter.com/intent/tweet"
    ],
    "entities": {
        "persons": [
            {
                "name": "Lorenzo Di Mattia",
                "sentiment": "none"
            },
            {
                "name": "Jerome Powell",
                "sentiment": "none"
            },
            {
                "name": "Rob Curran",
                "sentiment": "none"
            },
            {
                "name": "Trump",
                "sentiment": "none"
            }
        ],
        "locations": [],
        "organizations": [
            {
                "name": "Federal Reserve",
                "sentiment": "negative",
                "tickers": []
            },
            {
                "name": "Sibilla Global Fund",
                "sentiment": "none",
                "tickers": []
            },
            {
                "name": "S&P",
                "sentiment": "none",
                "tickers": []
            }
        ]
    },
    "syndication": {
        "syndicated": false,
        "syndicate_id": null,
        "first_syndicated": false
    },
    "trust": {
        "categories": [],
        "bias": null,
        "source": {
            "type": null,
            "city": null,
            "state": null,
            "country": null,
            "domain_type": null,
            "agency": null,
            "organization_name": null
        }
    },
    "rating": null,
    "crawled": "2025-04-17T00:42:12.260+03:00",
    "updated": "2025-04-17T00:42:12.260+03:00"
}