{
    "thread": {
        "uuid": "c1bb41ac903995da2a9656d11280b802d966224e",
        "url": "https://www.businessinsider.com/subaru-outback-wagon-now-a-new-suv-2025-4",
        "site_full": "www.businessinsider.com",
        "site": "businessinsider.com",
        "site_section": "https://news.google.com/search?q=was%20when%3A1h&hl=en-US&gl=US&ceid=US%3Aen",
        "site_categories": [
            "media",
            "tech",
            "top_news_nz",
            "top_news_au",
            "top_news_ae",
            "top_news_us",
            "top_news_gb",
            "top_news_th",
            "top_news_sg",
            "top_news_rs",
            "top_news_ph",
            "top_news_hk",
            "top_news_qa",
            "top_news_ie",
            "top_news_pk",
            "top_news_se",
            "top_news_id",
            "top_news_dk",
            "top_news_za",
            "top_news_my",
            "top_news_il",
            "top_news_kw",
            "top_news_fi",
            "top_news_ca",
            "top_news"
        ],
        "section_title": "Google News - Search",
        "site_title": "Business Insider - Latest News in Tech, Markets, Economy & Innovation",
        "title": "RIP Subaru's Famous Wagon: the Outback Is Now Just Another SUV - Business Insider",
        "title_full": "RIP Subaru's Famous Wagon: the Outback Is Now Just Another SUV - Business Insider",
        "published": "2025-04-17T00:15:00.000+03:00",
        "replies_count": 0,
        "participants_count": 1,
        "site_type": "news",
        "country": "US",
        "main_image": "https://i.insider.com/680016a43fe8d3928363468a?width=1200&format=jpeg",
        "performance_score": 0,
        "domain_rank": 126,
        "domain_rank_updated": "2025-04-15T00:00:00.000+03:00",
        "licensing_agency": [],
        "social": {
            "facebook": {
                "likes": 0,
                "comments": 0,
                "shares": 0
            },
            "vk": {
                "shares": 0
            }
        }
    },
    "uuid": "c1bb41ac903995da2a9656d11280b802d966224e",
    "url": "https://www.businessinsider.com/subaru-outback-wagon-now-a-new-suv-2025-4",
    "ord_in_thread": 0,
    "author": "Benjamin Zhang",
    "published": "2025-04-17T00:15:00.000+03:00",
    "title": "RIP Subaru's Famous Wagon: the Outback Is Now Just Another SUV - Business Insider",
    "text": "Related stories Business Insider tells the innovative stories you want to know Business Insider tells the innovative stories you want to know There are also significant improvements.\nThe new Outback will still come standard with Subaru's outstanding Symmetrical All-Wheel Drive, which now locks its center differential quicker to reduce wheel spin, and an updated version of its EyeSight driver assistance tech, which includes a third front-facing camera and newly added radar sensors.\nThe Outback will benefit from extra passenger and cargo space thanks to its taller SUV body.\nThe 2026 Subaru Outback updated cabin. Subaru Inside, Subaru says the cabin will see a 10% reduction in wind noise due to improved aerodynamics. There will also be an all-new standard 12.3-inch digital instrument display in front of the driver and a new 12.1-inch infotainment touchscreen with a more powerful processor for greater responsiveness and customizability.\nThe new Outback is expected to hit dealerships later this year, while the Wildnerness edition will arrive in early 2026.\nSubaru has not announced pricing for the new Outback, which will continue to be built in Indiana, but the current 2025 Outback starts at just under $29,000.\nRecommended video Read next Business Insider tells the innovative stories you want to know Business Insider tells the innovative stories you want to know Business Insider tells the innovative stories you want to know Business Insider tells the innovative stories you want to know",
    "highlightText": "",
    "highlightTitle": "",
    "highlightThreadTitle": "",
    "language": "english",
    "sentiment": "negative",
    "categories": [
        "Economy, Business and Finance",
        "Lifestyle and Leisure",
        "Social Issue"
    ],
    "topics": [
        "Economy, Business and Finance->products and services",
        "Economy, Business and Finance->consumer goods",
        "Lifestyle and Leisure->trend",
        "Lifestyle and Leisure->lifestyle"
    ],
    "ai_allow": true,
    "has_canonical": false,
    "breaking": true,
    "webz_reporter": false,
    "external_links": [
        "http://www.youtube.com/watch?v=_vG4W1aMG6g",
        "http://www.youtube.com/watch",
        "http://youtube.com/watch?v=_vG4W1aMG6g"
    ],
    "entities": {
        "persons": [],
        "locations": [],
        "organizations": []
    },
    "syndication": {
        "syndicated": false,
        "syndicate_id": "c1bb41ac903995da2a9656d11280b802d966224e",
        "first_syndicated": true
    },
    "trust": {
        "categories": [],
        "bias": null,
        "source": {
            "type": null,
            "city": null,
            "state": null,
            "country": null,
            "domain_type": null,
            "agency": null,
            "organization_name": null
        }
    },
    "rating": null,
    "crawled": "2025-04-17T00:23:13.684+03:00",
    "updated": "2025-04-17T17:17:07.607+03:00"
}