{
    "thread": {
        "uuid": "139f59434859803f94a5f1cc908ab213ca965fda",
        "url": "https://www.marketbeat.com/instant-alerts/aerovironment-nasdaqavav-stock-price-down-33-heres-why-2025-04-14",
        "site_full": "www.marketbeat.com",
        "site": "marketbeat.com",
        "site_section": "https://news.google.com/search?q=why%20when%3A1h&hl=en-US&gl=US&ceid=US%3Aen",
        "site_categories": [
            "investing",
            "financial_news",
            "finance",
            "stocks"
        ],
        "section_title": "Google News - Search",
        "site_title": "MarketBeat: Stock Market News and Research Tools",
        "title": "AeroVironment (NASDAQ:AVAV) Stock Price Down 3.3% - Here's Why",
        "title_full": "AeroVironment (NASDAQ:AVAV) Stock Price Down 3.3% - Here's Why",
        "published": "2025-04-17T00:15:00.000+03:00",
        "replies_count": 0,
        "participants_count": 1,
        "site_type": "news",
        "country": "US",
        "main_image": "https://www.marketbeat.com/logos/aerovironment-inc-logo-1200x675.png?v=20221123110236",
        "performance_score": 0,
        "domain_rank": 7938,
        "domain_rank_updated": "2025-04-15T00:00:00.000+03:00",
        "licensing_agency": [],
        "social": {
            "facebook": {
                "likes": 0,
                "comments": 0,
                "shares": 0
            },
            "vk": {
                "shares": 0
            }
        }
    },
    "uuid": "139f59434859803f94a5f1cc908ab213ca965fda",
    "url": "https://www.marketbeat.com/instant-alerts/aerovironment-nasdaqavav-stock-price-down-33-heres-why-2025-04-14",
    "ord_in_thread": 0,
    "author": "MarketBeat",
    "published": "2025-04-17T00:15:00.000+03:00",
    "title": "AeroVironment (NASDAQ:AVAV) Stock Price Down 3.3% - Here's Why",
    "text": "AeroVironment (NASDAQ:AVAV) Stock Price Down 3.3% - Here's Why Written by MarketBeat April 16, 2025 Share Link copied to clipboard. Remove Ads AeroVironment, Inc. ( NASDAQ:AVAV - Get Free Report ) shares fell 3.3% during mid-day trading on Monday . The stock traded as low as $140.91 and last traded at $141.46. 239,029 shares traded hands during mid-day trading, a decline of 42% from the average session volume of 410,020 shares. The stock had previously closed at $146.33. Get AeroVironment alerts: Sign Up Analyst Upgrades and Downgrades Amprius Market Gets Amped Up on Growth Outlook\nA number of research analysts recently issued reports on AVAV shares. Jefferies Financial Group decreased their price objective on AeroVironment from $230.00 to $190.00 and set a \"buy\" rating for the company in a report on Wednesday, March 5th. Raymond James upgraded shares of AeroVironment from a \"market perform\" rating to a \"strong-buy\" rating and set a $200.00 target price for the company in a report on Tuesday, April 8th. William Blair reiterated an \"outperform\" rating on shares of AeroVironment in a research note on Wednesday, March 5th. Finally, Robert W. Baird reduced their price objective on shares of AeroVironment from $220.00 to $146.00 and set an \"outperform\" rating for the company in a research note on Wednesday, March 5th. Six equities research analysts have rated the stock with a buy rating and two have assigned a strong buy rating to the company's stock. Based on data from MarketBeat, the company presently has a consensus rating of \"Buy\" and an average target price of $202.00.\nRead Our Latest Stock Analysis on AVAV AeroVironment Stock Performance Top 3 High-Momentum Companies Analysts Are Still Bullish On\nThe company has a debt-to-equity ratio of 0.02, a current ratio of 4.61 and a quick ratio of 3.36. The stock has a 50-day moving average price of $140.26 and a 200-day moving average price of $171.53. The company has a market capitalization of $4.03 billion, a price-to-earnings ratio of 82.07 and a beta of 0.74. Insiders Place Their Bets\nIn other news, CEO Wahid Nawabi sold 29,366 shares of the firm's stock in a transaction dated Monday, March 24th. The shares were sold at an average price of $128.20, for a total transaction of $3,764,721.20. Following the completion of the sale, the chief executive officer now owns 115,174 shares in the company, valued at approximately $14,765,306.80. This trade represents a 20.32 % decrease in their position. The transaction was disclosed in a filing with the SEC, which can be accessed through this link . Company insiders own 1.27% of the company's stock. Institutional Inflows and Outflows 3 Underrated Robotics Stocks Poised for Major Growth\nA number of institutional investors and hedge funds have recently bought and sold shares of the stock. CoreCap Advisors LLC grew its position in shares of AeroVironment by 120.2% in the fourth quarter. CoreCap Advisors LLC now owns 185 shares of the aerospace company's stock valued at $28,000 after purchasing an additional 101 shares during the last quarter. Modus Advisors LLC bought a new stake in shares of AeroVironment in the fourth quarter valued at about $31,000. Golden State Wealth Management LLC bought a new stake in shares of AeroVironment in the fourth quarter valued at about $31,000. Colonial Trust Advisors acquired a new position in shares of AeroVironment in the fourth quarter valued at about $31,000. Finally, Accredited Wealth Management LLC bought a new position in AeroVironment during the fourth quarter worth about $31,000. Institutional investors and hedge funds own 86.38% of the company's stock. About AeroVironment ( Get Free Report )\nAeroVironment, Inc designs, develops, produces, delivers, and supports a portfolio of robotic systems and related services for government agencies and businesses in the United States and internationally. It operates through Small Unmanned Aircraft Systems (SUAS), Tactical Missile System (TMS), Medium Unmanned Aircraft Systems (MUAS), and High Altitude Pseudo-Satellite Systems (HAPS) segments. See Also\nThis instant news alert was generated by narrative science technology and financial data from MarketBeat in order to provide readers with the fastest and most accurate reporting. This story was reviewed by MarketBeat's editorial team prior to publication. Please send any questions or comments about this story to contact@marketbeat.com.\nRemove Ads Should You Invest $1,000 in AeroVironment Right Now? Before you consider AeroVironment, you'll want to hear this.\nMarketBeat keeps track of Wall Street's top-rated and best performing research analysts and the stocks they recommend to their clients on a daily basis. MarketBeat has identified the five stocks that top analysts are quietly whispering to their clients to buy now before the broader market catches on... and AeroVironment wasn't on the list.\nWhile AeroVironment currently has a Buy rating among analysts, top-rated analysts believe these five stocks are better buys.\nView The Five Stocks Here\n(Almost) Everything You Need To Know About The EV Market Looking to profit from the electric vehicle mega-trend? Enter your email address and we'll send you our list of which EV stocks show the most long-term potential.\nGet This Free Report Like this article? Share it with a colleague. Link copied to clipboard.",
    "highlightText": "",
    "highlightTitle": "",
    "highlightThreadTitle": "",
    "language": "english",
    "sentiment": "negative",
    "categories": [
        "Economy, Business and Finance",
        "Politics",
        "Social Issue"
    ],
    "topics": [
        "Economy, Business and Finance->financial service",
        "Social Issue->social problem",
        "Social Issue->social condition",
        "Social Issue->population and census"
    ],
    "ai_allow": true,
    "has_canonical": false,
    "breaking": true,
    "webz_reporter": false,
    "external_links": [
        "https://twitter.com/intent/tweet?text=AeroVironment+(NASDAQ%3aAVAV)+Stock+Price+Down+3.3%25++-+Here%27s+Why%20%24AVAV%20%23AVAV%20https://www.marketbeat.com/instant-alerts/aerovironment-nasdaqavav-stock-price-down-33-heres-why-2025-04-14/",
        "https://api.stocktwits.com/widgets/share?via=MarketBeat&body=AeroVironment+(NASDAQ%3aAVAV)+Stock+Price+Down+3.3%25++-+Here%27s+Why%20https://www.marketbeat.com/instant-alerts/aerovironment-nasdaqavav-stock-price-down-33-heres-why-2025-04-14/",
        "https://twitter.com/intent/tweet?text=AeroVironment+(NASDAQ%3aAVAV)+Stock+Price+Down+3.3%25++-+Here%27s+Why%20https://www.marketbeat.com/instant-alerts/aerovironment-nasdaqavav-stock-price-down-33-heres-why-2025-04-14/",
        "https://www.americanconsumernews.net/scripts/standalone/viewcount.ashx?type=h&id=2785070&domain=marketbeat.com&referrer=",
        "https://www.insidertrades.com/aerovironment-inc-stock/wahid-nawabi/",
        "https://www.american",
        "http://www.sec.gov/Archives/edgar/data/1368622/000141588925009041/xslF345X05/form4-03262025_090355.xml",
        "https://www.facebook.com/sharer/sharer.php?u=https://www.marketbeat.com/instant-alerts/aerovironment-nasdaqavav-stock-price-down-33-heres-why-2025-04-14/",
        "https://www.linkedin.com/cws/share?mini=true&url=https://www.marketbeat.com/instant-alerts/aerovironment-nasdaqavav-stock-price-down-33-heres-why-2025-04-14/",
        "https://api.stocktwits.com/widgets/share?via=MarketBeat&body=AeroVironment+(NASDAQ%3aAVAV)+Stock+Price+Down+3.3%25++-+Here%27s+Why%20https://marketbeat.com/instant-alerts/aerovironment-nasdaqavav-stock-price-down-33-heres-why-2025-04-14/",
        "https://facebook.com/sharer/sharer.php?u=https://marketbeat.com/instant-alerts/aerovironment-nasdaqavav-stock-price-down-33-heres-why-2025-04-14/",
        "http://sec.gov/Archives/edgar/data/1368622/000141588925009041/xslF345X05/form4-03262025_090355.xml",
        "https://american",
        "https://www.insidertrades.com/aerovironment-inc-stock/wahid-nawabi",
        "https://linkedin.com/cws/share?mini=true&url=https://marketbeat.com/instant-alerts/aerovironment-nasdaqavav-stock-price-down-33-heres-why-2025-04-14/",
        "https://www.linkedin.com/cws/share",
        "https://twitter.com/intent/tweet?text=AeroVironment+(NASDAQ%3aAVAV)+Stock+Price+Down+3.3%25++-+Here%27s+Why%20%24AVAV%20%23AVAV%20https://www.marketbeat.com/instant-alerts/aerovironment-nasdaqavav-stock-price-down-33-heres-why-2025-04-14",
        "https://twitter.com/intent/tweet?text=AeroVironment+(NASDAQ%3aAVAV)+Stock+Price+Down+3.3%25++-+Here%27s+Why%20https://marketbeat.com/instant-alerts/aerovironment-nasdaqavav-stock-price-down-33-heres-why-2025-04-14/",
        "https://api.stocktwits.com/widgets/share?via=MarketBeat&body=AeroVironment+(NASDAQ%3aAVAV)+Stock+Price+Down+3.3%25++-+Here%27s+Why%20https://www.marketbeat.com/instant-alerts/aerovironment-nasdaqavav-stock-price-down-33-heres-why-2025-04-14",
        "https://www.facebook.com/sharer/sharer.php",
        "https://twitter.com/intent/tweet?text=AeroVironment+(NASDAQ%3aAVAV)+Stock+Price+Down+3.3%25++-+Here%27s+Why%20%24AVAV%20%23AVAV%20https://marketbeat.com/instant-alerts/aerovironment-nasdaqavav-stock-price-down-33-heres-why-2025-04-14/",
        "https://insidertrades.com/aerovironment-inc-stock/wahid-nawabi/",
        "https://www.americanconsumernews.net/scripts/standalone/viewcount.ashx",
        "https://api.stocktwits.com/widgets/share",
        "https://americanconsumernews.net/scripts/standalone/viewcount.ashx?type=h&id=2785070&domain=marketbeat.com&referrer=",
        "https://www.linkedin.com/cws/share?mini=true&url=https://www.marketbeat.com/instant-alerts/aerovironment-nasdaqavav-stock-price-down-33-heres-why-2025-04-14",
        "https://www.facebook.com/sharer/sharer.php?u=https://www.marketbeat.com/instant-alerts/aerovironment-nasdaqavav-stock-price-down-33-heres-why-2025-04-14",
        "https://twitter.com/intent/tweet",
        "https://twitter.com/intent/tweet?text=AeroVironment+(NASDAQ%3aAVAV)+Stock+Price+Down+3.3%25++-+Here%27s+Why%20https://www.marketbeat.com/instant-alerts/aerovironment-nasdaqavav-stock-price-down-33-heres-why-2025-04-14"
    ],
    "entities": {
        "persons": [
            {
                "name": "William Blair",
                "sentiment": "none"
            },
            {
                "name": "Raymond James",
                "sentiment": "none"
            }
        ],
        "locations": [],
        "organizations": [
            {
                "name": "Jefferies Financial Group",
                "sentiment": "none",
                "tickers": [
                    {
                        "ticker": "JEF",
                        "exchange": "NYSE"
                    }
                ]
            },
            {
                "name": "AeroVironment",
                "sentiment": "none",
                "tickers": []
            }
        ]
    },
    "syndication": {
        "syndicated": false,
        "syndicate_id": null,
        "first_syndicated": false
    },
    "trust": {
        "categories": [],
        "bias": null,
        "source": {
            "type": null,
            "city": null,
            "state": null,
            "country": null,
            "domain_type": null,
            "agency": null,
            "organization_name": null
        }
    },
    "rating": null,
    "crawled": "2025-04-17T00:26:44.142+03:00",
    "updated": "2025-04-17T00:26:44.142+03:00"
}