{
    "thread": {
        "uuid": "d7ed4aef718b46b53e4c0f5e0dd10e93066ac525",
        "url": "https://news.webindia123.com/news/Articles/World/20250417/4308076.html",
        "site_full": "news.webindia123.com",
        "site": "webindia123.com",
        "site_section": "https://www.webindia123.com",
        "site_categories": [
            "media"
        ],
        "section_title": "Latest News,India news,bollywood news,career guidance,Education,business listings,travel,health,entertainment,videos,food,craft,automobile|webindia123.com ",
        "site_title": null,
        "title": "Temporary tariff pause mitigates trade contraction, but strong downside risks persist: WTO",
        "title_full": "Temporary tariff pause mitigates trade contraction, but strong downside risks persist: WTO",
        "published": "2025-04-17T00:13:01.795+03:00",
        "replies_count": 0,
        "participants_count": 0,
        "site_type": "news",
        "country": "IN",
        "main_image": "",
        "performance_score": 0,
        "domain_rank": 20233,
        "domain_rank_updated": "2025-04-15T00:00:00.000+03:00",
        "licensing_agency": [],
        "social": {
            "facebook": {
                "likes": 0,
                "comments": 0,
                "shares": 0
            },
            "vk": {
                "shares": 0
            }
        }
    },
    "uuid": "d7ed4aef718b46b53e4c0f5e0dd10e93066ac525",
    "url": "https://news.webindia123.com/news/Articles/World/20250417/4308076.html",
    "ord_in_thread": 0,
    "author": null,
    "published": "2025-04-17T00:13:01.795+03:00",
    "title": "Temporary tariff pause mitigates trade contraction, but strong downside risks persist: WTO",
    "text": "Geneva [Switzerland], April 17 (ANI/ WAM): The volume of world merchandise trade is expected to decline by 0.2 per cent in 2025 under current conditions, nearly three percentage points lower than what would have been expected under a low tariff baseline scenario, according to the WTO Secretariats latest Global Trade Outlook and Statistics report released on April 16.",
    "highlightText": "",
    "highlightTitle": "",
    "highlightThreadTitle": "",
    "language": "english",
    "sentiment": "negative",
    "categories": [
        "Economy, Business and Finance",
        "Politics",
        "Social Issue"
    ],
    "topics": [
        "Economy, Business and Finance->macro economics",
        "Politics->economic policy",
        "Politics->international relations",
        "Social Issue->social condition",
        "Social Issue->social problem",
        "Social Issue->demographics"
    ],
    "ai_allow": true,
    "has_canonical": false,
    "breaking": false,
    "webz_reporter": false,
    "external_links": [],
    "entities": {
        "persons": [],
        "locations": [],
        "organizations": [
            {
                "name": "WTO",
                "sentiment": "none",
                "tickers": []
            }
        ]
    },
    "syndication": {
        "syndicated": false,
        "syndicate_id": null,
        "first_syndicated": false
    },
    "trust": {
        "categories": [],
        "bias": null,
        "source": {
            "type": null,
            "city": null,
            "state": null,
            "country": null,
            "domain_type": null,
            "agency": null,
            "organization_name": null
        }
    },
    "rating": null,
    "crawled": "2025-04-17T00:13:01.795+03:00",
    "updated": "2025-04-17T00:13:01.795+03:00"
}