{
    "thread": {
        "uuid": "63313223f587d71022c34ab1c47f27c631537d48",
        "url": "https://au.rollingstone.com/music/music-news/fyre-festival-2-postponed-75475",
        "site_full": "au.rollingstone.com",
        "site": "rollingstone.com",
        "site_section": "https://news.google.com/search?q=did%20when%3A1h&hl=en-US&gl=US&ceid=US%3Aen",
        "site_categories": [
            "politics",
            "television",
            "law_government_and_politics",
            "entertainment"
        ],
        "section_title": "Google News - Search",
        "site_title": null,
        "title": "Fyre Fest 2 Postponed, Obviously",
        "title_full": "Fyre Fest 2 Postponed, Obviously",
        "published": "2025-04-17T00:25:00.000+03:00",
        "replies_count": 0,
        "participants_count": 1,
        "site_type": "news",
        "country": "AU",
        "main_image": "https://images.thebrag.com/cdn-cgi/image/fit=crop,width=1200,height=628/https://images-r2-1.thebrag.com/rs/uploads/2025/04/GettyImages-2208866592.jpg",
        "performance_score": 0,
        "domain_rank": 494,
        "domain_rank_updated": "2025-04-15T00:00:00.000+03:00",
        "licensing_agency": [],
        "social": {
            "facebook": {
                "likes": 0,
                "comments": 0,
                "shares": 0
            },
            "vk": {
                "shares": 0
            }
        }
    },
    "uuid": "63313223f587d71022c34ab1c47f27c631537d48",
    "url": "https://au.rollingstone.com/music/music-news/fyre-festival-2-postponed-75475",
    "ord_in_thread": 0,
    "author": "Neil Griffiths",
    "published": "2025-04-17T00:25:00.000+03:00",
    "title": "Fyre Fest 2 Postponed, Obviously",
    "text": "Shocking absolutely no one: Fyre Festival 2 is not happening.\nOrganizers for the fest announced that it had been “postponed” in a message sent to ticket holders Wednesday, April 16, per ABC News.\n“The event has been postponed and a new date will be announced,” the message read. “We have issued you a refund. Once the new date is announced, at that time, you can repurchase if it works for your schedule.”\nThe exact reasons for the postponement are unclear, and a rep for the fest did not immediately return a request for comment. Fyre Fest 2 was supposed to take May 30 to June 2 on Isla Mujeres in Mexico, with tickets going on sale in February (despite pushback from local officials).\nThe sequel to the disastrous 2017 festival — which landed founder and organizer Billy McFarland in prison on fraud charges — was set to offer attendees “boundary-pushing excursions by day” and “intimate beach-side performances at night.” The lineup was set to feature “international and local talent,” but no artists were ever announced.\nMcFarland previously pleaded guilty to fraud charges related to the disastrous first Fyre Festival and was released from prison in 2022 after serving less than four years.\nUnfazed by his punishment, McFarland announced Fyre Fest 2 in August 2023, putting tickets on sale to gullible festival goers before he even detailed the date, location, or lineup. “Guys, this is your chance to get in,” McFarland said at the end of the clip. “This is everything I’ve been working towards — let’s fucking go.”\nThe 2023 sequel did not happen, obviously. Then, earlier this year, McFarland reemerged with vague plans for a 2025 Fyre Fest 2, this time with a date and potential locations in Mexico: Isla Mujeres — whose tourist board denied the fest was happening there, and Playa Del Carmen, whose government also said no Fyre Fest 2 was planned.\nYet, tickets again went on sale, with “Ignite” and “Fuego” packages ranging from $1,100 to $5,000 (neither provided airfare or accommodations; “There are dozens of hotels and many rental villas available in Playa Del Carmen,” organizers suggested), while the “Phoenix” package was priced at $25,000.\nMcFarland claimed that the event had 1,800 confirmed guests and that its lineup would feature rappers, DJs, pilots, creators, and athletes, but did not share who would actually be attending.\n“I’m sure many people think I’m crazy for doing this again,” McFarland said at the time. “But I feel I’d be crazy not to do it again. After years of reflection and now thoughtful planning, the new team and I have amazing plans for Fyre 2.”\nFrom Rolling Stone US",
    "highlightText": "",
    "highlightTitle": "",
    "highlightThreadTitle": "",
    "language": "english",
    "sentiment": "negative",
    "categories": [
        "Economy, Business and Finance",
        "Politics",
        "Social Issue"
    ],
    "topics": [
        "Economy, Business and Finance->media and entertainment industry",
        "Economy, Business and Finance->business strategy and marketing",
        "Economy, Business and Finance->tourism and leisure industry",
        "Politics->cultural policies",
        "Politics->government",
        "Politics->political development"
    ],
    "ai_allow": true,
    "has_canonical": false,
    "breaking": true,
    "webz_reporter": false,
    "external_links": [
        "https://www.instagram.com/p/DH1ma2KvB4K/?hl=en",
        "https://abcnews.go.com/US/fyre-festival-2-postponed-new-date-set/story?id=120881219",
        "https://abcnews.go.com/US/fyre-festival-2-postponed-new-date-set/story",
        "https://www.abcnews.go.com/US/fyre-festival-2-postponed-new-date-set/story?id=120881219",
        "https://instagram.com/p/DH1ma2KvB4K/?hl=en",
        "https://www.instagram.com/p/DH1ma2KvB4K/"
    ],
    "entities": {
        "persons": [
            {
                "name": "Billy McFarland",
                "sentiment": "none"
            }
        ],
        "locations": [],
        "organizations": []
    },
    "syndication": {
        "syndicated": false,
        "syndicate_id": "63313223f587d71022c34ab1c47f27c631537d48",
        "first_syndicated": true
    },
    "trust": {
        "categories": [],
        "bias": null,
        "source": {
            "type": null,
            "city": null,
            "state": null,
            "country": null,
            "domain_type": null,
            "agency": null,
            "organization_name": null
        }
    },
    "rating": null,
    "crawled": "2025-04-17T01:04:59.795+03:00",
    "updated": "2025-04-17T01:04:59.795+03:00"
}