{
    "thread": {
        "uuid": "046ed7c6479b17df4c0e769eeb0edb9ba5849560",
        "url": "https://www.msnbc.com/deadline-white-house/watch/-every-client-should-fire-them-law-firms-that-took-trump-s-deals-find-themselves-at-his-mercy-237610053700",
        "site_full": "www.msnbc.com",
        "site": "msnbc.com",
        "site_section": "https://www.msnbc.com/deadline-white-house",
        "site_categories": [
            "politics",
            "media",
            "",
            "law_government_and_politics",
            "top_news_ca",
            "top_news_us",
            "top_news_nz",
            "top_news"
        ],
        "section_title": "Deadline: White House on MSNBC with Nicolle Wallace",
        "site_title": "MSNBC News - Breaking News and News Today | Latest News",
        "title": "'Every client should fire them': Law firms that took Trump's deals find themselves at his mercy",
        "title_full": "'Every client should fire them': Law firms that took Trump's deals find themselves at his mercy",
        "published": "2025-04-17T00:19:00.000+03:00",
        "replies_count": 0,
        "participants_count": 1,
        "site_type": "news",
        "country": "US",
        "main_image": "https://media-cldnry.s-nbcnews.com/image/upload/t_nbcnews-fp-1200-630,f_auto,q_auto:best/mpx/2704722219/2025_04/1744838350557_n_wh_deadline_firms_250416_1920x1080-25zfz2.jpg",
        "performance_score": 0,
        "domain_rank": 987,
        "domain_rank_updated": "2025-04-15T00:00:00.000+03:00",
        "licensing_agency": [],
        "social": {
            "facebook": {
                "likes": 0,
                "comments": 0,
                "shares": 0
            },
            "vk": {
                "shares": 0
            }
        }
    },
    "uuid": "046ed7c6479b17df4c0e769eeb0edb9ba5849560",
    "url": "https://www.msnbc.com/deadline-white-house/watch/-every-client-should-fire-them-law-firms-that-took-trump-s-deals-find-themselves-at-his-mercy-237610053700",
    "ord_in_thread": 0,
    "author": "MSNBC",
    "published": "2025-04-17T00:19:00.000+03:00",
    "title": "'Every client should fire them': Law firms that took Trump's deals find themselves at his mercy",
    "text": "New York Times Investigative Reporter Mike Schmidt and Founder of Democracy Docket Marc Elias join Nicolle Wallace to discuss the new reporting from the New York Times on law firms who have accepted Trump's demands in order to avoid being targeted as judges continue to shoot down executive orders hitting other firms. April 16, 2025",
    "highlightText": "",
    "highlightTitle": "",
    "highlightThreadTitle": "",
    "language": "english",
    "sentiment": "negative",
    "categories": [
        "Politics",
        "Economy, Business and Finance",
        "Social Issue"
    ],
    "topics": [
        "Politics->political parties and movements",
        "Politics->political candidates",
        "Economy, Business and Finance->corporate news and profiles",
        "Economy, Business and Finance->business governance",
        "Social Issue->discrimination",
        "Social Issue->social problem",
        "Social Issue->social services"
    ],
    "ai_allow": true,
    "has_canonical": false,
    "breaking": true,
    "webz_reporter": false,
    "external_links": [],
    "entities": {
        "persons": [
            {
                "name": "Trump",
                "sentiment": "negative"
            },
            {
                "name": "Marc Elias",
                "sentiment": "negative"
            },
            {
                "name": "Mike Schmidt",
                "sentiment": "negative"
            }
        ],
        "locations": [],
        "organizations": [
            {
                "name": "New York Times",
                "sentiment": "negative",
                "tickers": []
            }
        ]
    },
    "syndication": {
        "syndicated": false,
        "syndicate_id": null,
        "first_syndicated": false
    },
    "trust": {
        "categories": [],
        "bias": null,
        "source": {
            "type": null,
            "city": null,
            "state": null,
            "country": null,
            "domain_type": null,
            "agency": null,
            "organization_name": null
        }
    },
    "rating": null,
    "crawled": "2025-04-17T00:31:31.069+03:00",
    "updated": "2025-04-17T00:31:31.069+03:00"
}