{
    "thread": {
        "uuid": "b45863ed9b9192d4d9966b43a804330412e3221e",
        "url": "https://www.newsbreak.com/kolr10-news-1589940/3965867283304-camdenton-business-employee-accused-of-stealing-over-3k-worth-of-lottery-and-winnings",
        "site_full": "www.newsbreak.com",
        "site": "newsbreak.com",
        "site_section": "https://www.newsbreak.com/kolr10-news-1589940",
        "site_categories": [
            "under_construction",
            "non_standard_content"
        ],
        "section_title": "KOLR10 News&#x27;s Home Page | NewsBreak",
        "site_title": "NewsBreak: Local News &amp; Alerts",
        "title": "Camdenton business employee accused of stealing over $3k worth of lottery and winnings - NewsBreak",
        "title_full": "Camdenton business employee accused of stealing over $3k worth of lottery and winnings - NewsBreak",
        "published": "2025-04-17T00:03:00.000+03:00",
        "replies_count": 0,
        "participants_count": 0,
        "site_type": "news",
        "country": "US",
        "main_image": "https://img.particlenews.com/img/id/1ViWg4_10R5mMnA00",
        "performance_score": 0,
        "domain_rank": 3155,
        "domain_rank_updated": "2025-04-15T00:00:00.000+03:00",
        "licensing_agency": [],
        "social": {
            "facebook": {
                "likes": 0,
                "comments": 0,
                "shares": 0
            },
            "vk": {
                "shares": 0
            }
        }
    },
    "uuid": "b45863ed9b9192d4d9966b43a804330412e3221e",
    "url": "https://www.newsbreak.com/kolr10-news-1589940/3965867283304-camdenton-business-employee-accused-of-stealing-over-3k-worth-of-lottery-and-winnings",
    "ord_in_thread": 0,
    "author": null,
    "published": "2025-04-17T00:03:00.000+03:00",
    "title": "Camdenton business employee accused of stealing over $3k worth of lottery and winnings - NewsBreak",
    "text": "CAMDENTON, Mo. — A woman from Camdenton faces a felony after allegedly stealing lottery tickets, scratch-off tickets and winnings while working at a business in Camdenton last year. Online court records show Lindsey Diane Wells, born in 2001, is charged with stealing $750 or more, a class D felony, in Camden County Circuit Court. The probable cause statement says a Camdenton Police Department officer responded to a report of theft at a business — which is redacted and not named in the report — on Sept. 4, 2024. Store management advised the officer that Wells, who was one of the store’s employees, had stolen lottery tickets and scratch-offs around a week earlier during her shift on Aug. 31, 2024. The statement says management reviewed security video that showed Wells “pulling scratchers, scratching the bottom barcode and then checking them with the lottery machine.” For evidence, the officer was provided with a printed photo of a trash bag filled with scratchers, as well as an audit summary for the store’s lottery and scratchers during that shift. Wells allegedly took 52 scratchers over the course of her shift — a number that matches up with the amount of scratchers counted as missing from the audit, the statement says. Allegedly, when Wells found winning scratchers during the shift, she pulled money from the business’ cash register. She stole a total amount of $1,630 in winnings during the shift, according to the statement. In total, Wells allegedly stole $3,338 worth of lottery tickets, scratchers and winnings, per the statement. Wells is due in court for an arraignment on May 13. If convicted, she faces up to seven years in prison. For the latest news, weather, sports, and streaming video, head to KOLR - OzarksFirst.com.",
    "highlightText": "",
    "highlightTitle": "",
    "highlightThreadTitle": "",
    "language": "english",
    "sentiment": "negative",
    "categories": [
        "Crime, Law and Justice",
        "Economy, Business and Finance",
        "Social Issue"
    ],
    "topics": [
        "Crime, Law and Justice->fraud",
        "Economy, Business and Finance->consumer goods",
        "Economy, Business and Finance->financial and economic news",
        "Economy, Business and Finance->business governance",
        "Social Issue->discrimination",
        "Social Issue->social problem"
    ],
    "ai_allow": true,
    "has_canonical": true,
    "breaking": false,
    "webz_reporter": false,
    "external_links": [
        "https://www.ozarksfirst.com",
        "https://img.particlenews.com/image.php?url=1ViWg4_10R5mMnA00",
        "https://img.particlenews.com/image.php?type=thumbnail_580x000&url=1ViWg4_10R5mMnA00",
        "https://img.particlenews.com/image.php",
        "https://www.img.particlenews.com/image.php?url=1ViWg4_10R5mMnA00",
        "https://www.img.particlenews.com/image.php?type=thumbnail_580x000&url=1ViWg4_10R5mMnA00",
        "https://ozarksfirst.com"
    ],
    "entities": {
        "persons": [
            {
                "name": "Lindsey Diane Wells",
                "sentiment": "none"
            }
        ],
        "locations": [
            {
                "name": "NewsBreak CAMDENTON",
                "sentiment": "none"
            }
        ],
        "organizations": [
            {
                "name": "Camdenton Police Department",
                "sentiment": "none",
                "tickers": []
            }
        ]
    },
    "syndication": {
        "syndicated": false,
        "syndicate_id": null,
        "first_syndicated": false
    },
    "trust": {
        "categories": [],
        "bias": null,
        "source": {
            "type": null,
            "city": null,
            "state": null,
            "country": null,
            "domain_type": null,
            "agency": null,
            "organization_name": null
        }
    },
    "rating": null,
    "crawled": "2025-04-17T01:04:34.010+03:00",
    "updated": "2025-04-17T01:04:34.010+03:00"
}