{
    "thread": {
        "uuid": "5542de2f2cb63446083ff1fd669ff4752c84c3ad",
        "url": "https://cricketaddictor.com/cricket-news/gautam-gambhir-removes-star-pacer-from-squad-after-indias-1st-test-horror-show-123025",
        "site_full": "cricketaddictor.com",
        "site": "cricketaddictor.com",
        "site_section": "https://cricketaddictor.com/feed",
        "site_categories": [
            "cricket",
            "sports"
        ],
        "section_title": "Cricket Addictor",
        "site_title": "Latest Cricket News, Stats, Match Predictions, Fantasy Tips &amp;amp; Results - Cricket Addictor",
        "title": "Gautam Gambhir removes star pacer from squad after India's 1st Test horror show",
        "title_full": "Gautam Gambhir removes star pacer from squad after India's 1st Test horror show",
        "published": "2025-06-26T07:43:00.000+03:00",
        "replies_count": 0,
        "participants_count": 1,
        "site_type": "news",
        "country": "IN",
        "main_image": "https://static.cricketaddictor.com/images/posts/2025/Gautam-Gambhir-Morne-Morkel.webp?q=80",
        "performance_score": 0,
        "domain_rank": 64326,
        "domain_rank_updated": "2025-06-03T00:00:00.000+03:00",
        "licensing_agency": [],
        "social": {
            "facebook": {
                "likes": 0,
                "comments": 0,
                "shares": 0
            },
            "vk": {
                "shares": 0
            }
        }
    },
    "uuid": "5542de2f2cb63446083ff1fd669ff4752c84c3ad",
    "url": "https://cricketaddictor.com/cricket-news/gautam-gambhir-removes-star-pacer-from-squad-after-indias-1st-test-horror-show-123025",
    "ord_in_thread": 0,
    "author": "Sai Vaitla",
    "published": "2025-06-26T07:43:00.000+03:00",
    "title": "Gautam Gambhir removes star pacer from squad after India's 1st Test horror show",
    "text": "Gautam Gambhir removes star pacer from squad after India's 1st Test horror show\nSai Vaitla\nPublished - 26 Jun 2025, 10:11 AM | Updated - 26 Jun 2025, 10:13 AM\nFast bowler Harshit Rana has been released from India’s Test squad in England, just a day after head coach Gautam Gambhir's explanation for his late inclusion. Following the five-wicket defeat at Headingley, Rana reportedly didn't travel to Birmingham ahead of the second Test of the five-match series.\nRana was included in the Test squad despite a disappointing performance ahead of the series. He managed just one wicket in India A’s recent four-day match against the England Lions. Rana was picked over Anshul Kamboj and Mukesh Kumar, who had more impactful performances in unofficial Tests.\nHarshit Rana Released From Team After Disappointing Defeat In Headingley\nAccording to the Press Trust of India, Harshit Rana, who was brought in as injury cover, has been released from India’s Test squad. The pacer did not travel with the rest of the team to Birmingham, the venue for the second Test of the Anderson-Tendulkar Trophy.\n\"Harshit Rana has been released from the squad. He hasn't travelled with the Indian team to Birmingham for the second Test starting July 2,\" PTI quoted a BCCI source as saying.\nThe Indian squad left Leeds for Birmingham by bus around 4 PM IST (11:30 AM local time) on Wednesday. The players will take a two-day break before resuming training in preparation for the Edgbaston Test. They aim to bounce back and level the series after their defeat at Headingley.\nI Haven't Spoken to the Chairman Selector - Gautam Gambhir\nDuring a press conference, Gautam Gambhir was asked about Harshit Rana’s selection. Gambhir said that Rana was added due to a minor injury concern within the squad. The head coach Gautam Gambhir also added that he has not spoken to the chairman of selectors.\n\"I haven't spoken to the chairman selector; I will speak to the chairman of selectors because there was a bit of a niggle in the group. That is why we wanted him as a backup. But at the moment, everything looks fine, so if everyone is fine, he would have to fly back,\" Gautam Gambhir said.\nRana made his Test debut during the 2024-25 Border-Gavaskar Trophy in Australia. The Delhi pacer grabbed attention after his performances for Kolkata Knight Riders in the IPL under Gambhir’s mentorship. He has played in two Tests for India, taking a total of four wickets.\nIndia’s Bowling Attack Struggled as a Unit in the First Test vs England\nIn the opening Test, India picked Jasprit Bumrah, Mohammed Siraj, and Prasidh Krishna as specialist pacers, leaving Harshit Rana, Akash Deep, and Arshdeep Singh on the bench. Shardul Thakur was selected as the only seam-bowling all-rounder.\nBumrah impressed with a five-wicket haul in the first innings, helping bowl England out for 465, but the rest of the bowling attack failed to provide consistent support.\nIndia scored five centuries across both innings but couldn’t defend the 371-run target. England chased it down comfortably to win by five wickets. With the bowling unit struggling in the final innings, India are likely to consider changes to their attack ahead of the second Test in Birmingham.\nAlso read: Sam Konstas sensationally calls Virat Kohli \"Big Idol\" while creating the perfect batter\nAbout the Author\nSai Vaitla is an author at Cricketaddictor and he has been working since September 2022.\nSai Vaitla...\nRead more",
    "highlightText": "",
    "highlightTitle": "",
    "highlightThreadTitle": "",
    "language": "english",
    "sentiment": "negative",
    "categories": [
        "Sport",
        "Economy, Business and Finance",
        "Social Issue"
    ],
    "topics": [
        "Sport->sports management and ownership",
        "Sport->cricket",
        "Sport->regular competition",
        "Economy, Business and Finance->business governance",
        "Economy, Business and Finance->tourism and leisure industry",
        "Economy, Business and Finance->business reporting and performance",
        "Social Issue->demographics",
        "Social Issue->communities"
    ],
    "ai_allow": true,
    "has_canonical": false,
    "breaking": false,
    "webz_reporter": false,
    "external_links": [],
    "entities": {
        "persons": [
            {
                "name": "Gautam Gambhir",
                "sentiment": "negative"
            },
            {
                "name": "Mukesh Kumar",
                "sentiment": "none"
            },
            {
                "name": "Harshit Rana",
                "sentiment": "none"
            }
        ],
        "locations": [
            {
                "name": "Headingley",
                "sentiment": "none"
            }
        ],
        "organizations": [
            {
                "name": "England Lions",
                "sentiment": "none",
                "tickers": []
            }
        ]
    },
    "syndication": {
        "syndicated": false,
        "syndicate_id": null,
        "first_syndicated": false
    },
    "trust": {
        "categories": [],
        "top_news": [],
        "bias": null
    },
    "rating": null,
    "crawled": "2025-06-26T08:05:07.234+03:00",
    "updated": "2025-06-26T05:19:37.000+00:00"
}