{
    "thread": {
        "uuid": "ebc4b35359e0878a5c154ec9879a53092b2cfa00",
        "url": "https://www.steelorbis.com/steel-news/latest-news/us-hot-rolled-bar-exports-down-121-percent-in-april-2025-1397626.htm",
        "site_full": "www.steelorbis.com",
        "site": "steelorbis.com",
        "site_section": "https://www.steelorbis.com/steel-news",
        "site_categories": [
            "metals",
            "business"
        ],
        "section_title": "Steel news and interviews with top steel executives | SteelOrbis.com",
        "site_title": "Steel prices, steel news, steel price news, historical steel prices, steel market analyses, online steel trading",
        "title": "US hot rolled bar exports down 12.1 percent in April 2025",
        "title_full": "US hot rolled bar exports down 12.1 percent in April 2025",
        "published": "2025-06-26T03:00:00.000+03:00",
        "replies_count": 0,
        "participants_count": 1,
        "site_type": "news",
        "country": "TR",
        "main_image": "https://tr.steelorbis.com/so/img/cmn/logo-steelorbis-og.png",
        "performance_score": 0,
        "domain_rank": 188012,
        "domain_rank_updated": "2025-06-03T00:00:00.000+03:00",
        "licensing_agency": [],
        "social": {
            "facebook": {
                "likes": 0,
                "comments": 0,
                "shares": 0
            },
            "vk": {
                "shares": 0
            }
        }
    },
    "uuid": "ebc4b35359e0878a5c154ec9879a53092b2cfa00",
    "url": "https://www.steelorbis.com/steel-news/latest-news/us-hot-rolled-bar-exports-down-121-percent-in-april-2025-1397626.htm",
    "ord_in_thread": 0,
    "author": "@SteelOrbis",
    "published": "2025-06-26T03:00:00.000+03:00",
    "title": "US hot rolled bar exports down 12.1 percent in April 2025",
    "text": "According to export data from the US Department of Commerce, US exports of hot rolled bar totaled 25,757 mt in April this year, down 12.1 percent from March and down 20.9 percent in April last year. By value, hot rolled bar exports totaled $42.9 million in April, compared to $50.6 million in the previous month and $56.8 million in the same month last year.\nThe US shipped the most hot rolled bar to Mexico in April with 17,542 mt, compared to 15,672 mt in March and 18,736 mt in April last year. The other top destination was Canada with 7,076 mt. There were no other significant destinations (1,000 mt or more) for US hot rolled bar in April.",
    "highlightText": "",
    "highlightTitle": "",
    "highlightThreadTitle": "",
    "language": "english",
    "sentiment": "negative",
    "categories": [
        "Economy, Business and Finance"
    ],
    "topics": [
        "Economy, Business and Finance->business reporting and performance",
        "Economy, Business and Finance->commodity market"
    ],
    "ai_allow": true,
    "has_canonical": false,
    "breaking": null,
    "webz_reporter": false,
    "external_links": [],
    "entities": {
        "persons": [],
        "locations": [],
        "organizations": [
            {
                "name": "US Department of Commerce",
                "sentiment": "none",
                "tickers": []
            }
        ]
    },
    "syndication": {
        "syndicated": false,
        "syndicate_id": null,
        "first_syndicated": false
    },
    "trust": {
        "categories": [],
        "top_news": [],
        "bias": null
    },
    "rating": null,
    "crawled": "2025-06-26T08:10:31.621+03:00",
    "updated": "2025-06-26T05:19:30.000+00:00"
}