{
    "thread": {
        "uuid": "5e1ccdfd35927ddd78737a37ecfaa0de574e33c2",
        "url": "https://www.independent.ie/irish-news/revealed-how-where-you-live-could-see-you-having-to-pay-out-5200-more-for-your-childcare/a313600159.html",
        "site_full": "www.independent.ie",
        "site": "independent.ie",
        "site_section": "https://news.google.com/search?q=having%20when%3A1h&hl=en-US&gl=US&ceid=US%3Aen",
        "site_categories": [
            "media",
            "rugby",
            "sports",
            "top_news_ie",
            "top_news"
        ],
        "section_title": "Google News - Search",
        "site_title": "Irish Independent",
        "title": "Revealed: How where you live could see you having to pay out €5,200 more for your childcare",
        "title_full": "Revealed: How where you live could see you having to pay out €5,200 more for your childcare",
        "published": "2025-06-26T07:30:00.000+03:00",
        "replies_count": 0,
        "participants_count": 1,
        "site_type": "news",
        "country": "IE",
        "main_image": "https://focus.independent.ie/thumbor/1P1iGKYnW__kYV5iuRGP4YXYc8M=/113x0:2291x1452/629x0/prod-mh-ireland/de4730df-28c4-422e-bfd1-2aee5baaa677/838c6c1a-7304-4955-9405-fb2e47bb9084/de4730df-28c4-422e-bfd1-2aee5baaa677.jpg",
        "performance_score": 0,
        "domain_rank": 1799,
        "domain_rank_updated": "2025-06-03T00:00:00.000+03:00",
        "licensing_agency": [],
        "social": {
            "facebook": {
                "likes": 0,
                "comments": 0,
                "shares": 0
            },
            "vk": {
                "shares": 0
            }
        }
    },
    "uuid": "5e1ccdfd35927ddd78737a37ecfaa0de574e33c2",
    "url": "https://www.independent.ie/irish-news/revealed-how-where-you-live-could-see-you-having-to-pay-out-5200-more-for-your-childcare/a313600159.html",
    "ord_in_thread": 0,
    "author": "Mary Regan, Political Editor",
    "published": "2025-06-26T07:30:00.000+03:00",
    "title": "Revealed: How where you live could see you having to pay out €5,200 more for your childcare",
    "text": "Revealed: How where you live could see you having to pay out €5,200 more for your childcare\nGovernment urged to speed up work on its promise of €200-a-month cap\nA Fine Gael TD is urging the Children’s Minister to fast-track plans to cap childcare fees at €200 a month, as new figures show parents across the country are paying an average of €190 a week.\nA county-by-county breakdown shows huge differences in fees across different parts of the country, with discrepancies of €5,200 a year depending on where you live.\nJoin the Irish Independent WhatsApp channel\nStay up to date with all the latest news",
    "highlightText": "",
    "highlightTitle": "",
    "highlightThreadTitle": "",
    "language": "english",
    "sentiment": "negative",
    "categories": [
        "Economy, Business and Finance",
        "Social Issue"
    ],
    "topics": [
        "Economy, Business and Finance->economy",
        "Economy, Business and Finance->financial and economic news",
        "Economy, Business and Finance->human resources",
        "Social Issue->child care",
        "Social Issue->social services",
        "Social Issue->demographics"
    ],
    "ai_allow": true,
    "has_canonical": false,
    "breaking": true,
    "webz_reporter": false,
    "external_links": [
        "https://www.whatsapp.com/channel/0029VaEoLtFIt5rzvz2Vd22O",
        "https://whatsapp.com/channel/0029VaEoLtFIt5rzvz2Vd22O"
    ],
    "entities": {
        "persons": [],
        "locations": [],
        "organizations": []
    },
    "syndication": {
        "syndicated": false,
        "syndicate_id": null,
        "first_syndicated": false
    },
    "trust": {
        "categories": [],
        "top_news": [
            "top_news_ie",
            "top_news"
        ],
        "bias": "center"
    },
    "rating": null,
    "crawled": "2025-06-26T07:33:15.575+03:00",
    "updated": "2025-06-27T05:08:20.000+00:00"
}