{
    "thread": {
        "uuid": "01a37cfdce2ab959f067d097ed51bea200bfda0c",
        "url": "https://www.stocktitan.net/news/ACN/accenture-report-european-firms-must-accelerate-ai-adoption-to-close-a7hjqmtarppc.html",
        "site_full": "www.stocktitan.net",
        "site": "stocktitan.net",
        "site_section": "https://news.google.com/search?q=at%20when%3A1h&hl=en-US&gl=US&ceid=US%3Aen",
        "site_categories": [
            "stocks",
            "finance"
        ],
        "section_title": "Google News - Search",
        "site_title": "Stock Titan: AI-Powered Tools for Smarter Trading &amp; Investing",
        "title": "European Firms at 76% US Productivity Level, AI Adoption Lags Behind | ACN Stock News",
        "title_full": "European Firms at 76% US Productivity Level, AI Adoption Lags Behind | ACN Stock News",
        "published": "2025-06-26T07:59:00.000+03:00",
        "replies_count": 0,
        "participants_count": 1,
        "site_type": "news",
        "country": "US",
        "main_image": "https://static.stocktitan.net/company-logo/acn-lg.png",
        "performance_score": 0,
        "domain_rank": 35341,
        "domain_rank_updated": "2025-06-03T00:00:00.000+03:00",
        "licensing_agency": [],
        "social": {
            "facebook": {
                "likes": 0,
                "comments": 0,
                "shares": 0
            },
            "vk": {
                "shares": 0
            }
        }
    },
    "uuid": "01a37cfdce2ab959f067d097ed51bea200bfda0c",
    "url": "https://www.stocktitan.net/news/ACN/accenture-report-european-firms-must-accelerate-ai-adoption-to-close-a7hjqmtarppc.html",
    "ord_in_thread": 0,
    "author": "StockTitan",
    "published": "2025-06-26T07:59:00.000+03:00",
    "title": "European Firms at 76% US Productivity Level, AI Adoption Lags Behind | ACN Stock News",
    "text": "Accenture Report: European Firms Must Accelerate AI Adoption to Close Productivity Gap\nNew research finds that stronger capabilities are needed for European companies to scale AI faster and drive competitiveness\nnew report released by Accenture (NYSE:ACN).\nThe study highlights that the average European worker now produces only\nDespite the recent Draghi report into European competitiveness pointing to AI as a potential solution to Europe’s productivity problems, Accenture’s research found that European companies are yet to take full advantage of the AI opportunity. Currently more than half (\nMauro Macchi, CEO of Accenture in EMEA, said: “At a time when geopolitical uncertainties are on the rise, finding a solution to Europe’s productivity gap has never been more crucial. AI provides a unique opportunity for\nThe study found that large European companies are adopting AI more quickly than smaller companies, which could further impact Europe’s productivity and competitiveness. Whilst nearly half (\nAI adoption also varies across industries. Some sectors such as automotive, aerospace and defense are leading the way, while others, including telecommunications and utilities, lag behind. The report emphasizes that since these sectors provide critical regional infrastructure such as energy systems and digital networks, their relatively low AI maturity poses a competitiveness and sovereignty concern for the region. The industrial sector, which accounts for more than a quarter of Europe’s GDP is also yet to tap into the full potential of AI. These disparities underscore the need for a more uniform approach to AI adoption across all industries.\nThe report also identifies key capabilities, from data to talent, that companies need to drive value from AI investments. These AI capabilities are well spread across countries, with\nTo fully realize the benefits of AI, the report calls for the development of a robust, competitive AI ecosystem in\nAdditionally, AI literacy and workforce development are critical, as many European workers (\nThe report identifies several key barriers to scaling AI, including setting up a robust data foundation, building and maintaining multi-disciplinary teams, managing security and privacy risks, and demonstrating business value. To overcome these challenges, the report recommends:\n- Data Foundation: Invest in breaking down data silos and building an end-to-end data foundation with quality data.\n- Multi-Disciplinary Teams: Focus on talent development, including training and continuous learning opportunities, to build and maintain the necessary expertise.\n- Security Risks: Adopt a secure digital core to reduce vulnerabilities, redundancy, and technical debt.\n- Business Value: Identify and implement concrete use cases with proven ROI.\n- AI Literacy: Provide more training and support to employees and ensure that AI tools are accessible and user-friendly.\nAbout Accenture\nAccenture is a leading global professional services company that helps the world’s leading businesses, governments and other organizations build their digital core, optimize their operations, accelerate revenue growth and enhance citizen services—creating tangible value at speed and scale. We are a talent- and innovation-led company with approximately 791,000 people serving clients in more than 120 countries. Technology is at the core of change today, and we are one of the world’s leaders in helping drive that change, with strong ecosystem relationships. We combine our strength in technology and leadership in cloud, data and AI with unmatched industry experience, functional expertise and global delivery capability. Our broad range of services, solutions and assets across Strategy & Consulting, Technology, Operations, Industry X and Song, together with our culture of shared success and commitment to creating 360° value, enable us to help our clients reinvent and build trusted, lasting relationships. We measure our success by the 360° value we create for our clients, each other, our shareholders, partners and communities. Visit us at accenture.com.\nCopyright © 2025 Accenture. All rights reserved. Accenture and its logo are registered trademarks of Accenture.\nView source version on businesswire.com: https://www.businesswire.com/news/home/20250625196101/en/\nAndy Rowlands\nAccenture\n+44 7952 594784\nandy.rowlands@accenture.com\nFrancois Luu\nAccenture\n+33 1 53 23 68 55\nfrancois.luu@accenture.com\nSource: Accenture",
    "highlightText": "",
    "highlightTitle": "",
    "highlightThreadTitle": "",
    "language": "english",
    "sentiment": "negative",
    "categories": [
        "Economy, Business and Finance",
        "Science and Technology"
    ],
    "topics": [
        "Economy, Business and Finance->financial and economic news",
        "Economy, Business and Finance->business strategy and marketing",
        "Economy, Business and Finance->business reporting and performance",
        "Science and Technology->scientific research",
        "Science and Technology->technology and engineering"
    ],
    "ai_allow": true,
    "has_canonical": false,
    "breaking": true,
    "webz_reporter": false,
    "external_links": [
        "https://cts.businesswire.com/ct/CT?id=smartlink&url=https%3A%2F%2Fwww.accenture.com%2Fgb-en%2Finsights%2Fdata-ai%2Feuropes-ai-reckoning&esheet=54281607&newsitemid=20250625196101&lan=en-US&anchor=new+report&index=1&md5=7c0b7bf5e170e8d17e4452325b27fef6",
        "https://www.businesswire.com/news/home/20250625196101/en/",
        "https://www.cts.businesswire.com/ct/CT?id=smartlink&url=https%3A%2F%2Fwww.accenture.com%2Fgb-en%2Finsights%2Fdata-ai%2Feuropes-ai-reckoning&esheet=54281607&newsitemid=20250625196101&lan=en-US&anchor=new+report&index=1&md5=7c0b7bf5e170e8d17e4452325b27fef6",
        "https://www.businesswire.com/news/home/20250625196101/en",
        "https://businesswire.com/news/home/20250625196101/en/",
        "https://cts.businesswire.com/ct/CT"
    ],
    "entities": {
        "persons": [
            {
                "name": "Mauro Macchi",
                "sentiment": "none"
            }
        ],
        "locations": [
            {
                "name": "Europe",
                "sentiment": "none"
            }
        ],
        "organizations": [
            {
                "name": "EMEA",
                "sentiment": "none",
                "tickers": []
            }
        ]
    },
    "syndication": {
        "syndicated": false,
        "syndicate_id": null,
        "first_syndicated": false
    },
    "trust": {
        "categories": [],
        "top_news": [],
        "bias": null
    },
    "rating": null,
    "crawled": "2025-06-26T08:09:48.257+03:00",
    "updated": "2025-06-26T05:21:11.000+00:00"
}