{
    "thread": {
        "uuid": "93d2088f2cb23a11a34666fdc598bdfd4628cc32",
        "url": "https://cbs58.com/news/trump-administration-to-end-988-suicide-prevention-specialized-service-for-lgbtq-youth-in-july",
        "site_full": "cbs58.com",
        "site": "cbs58.com",
        "site_section": "https://cbs58.com/national-news",
        "site_categories": [
            "media"
        ],
        "section_title": "National News",
        "site_title": "CBS58 Home",
        "title": "Trump administration to end 988 suicide prevention specialized service for LGBTQ+ youth in July",
        "title_full": "Trump administration to end 988 suicide prevention specialized service for LGBTQ+ youth in July",
        "published": "2025-06-19T03:00:00.000+03:00",
        "replies_count": 0,
        "participants_count": 1,
        "site_type": "news",
        "country": "US",
        "main_image": "https://newscdn2.weigelbroadcasting.com/4SX39-1750282783-300075-blog-cnn-L19jb21wb25lbnRzL2ltYWdlL2luc3RhbmNlcy9jbWMyOXY4dDgwMDAxM2I2bTU2M210NDd1-L19jb21wb25lbnRzL2FydGljbGUvaW5zdGFuY2VzL2NtYzI4cm56ZzAwYXEyNnBhYngydDBiNGE%3D.JPG",
        "performance_score": 0,
        "domain_rank": 17048,
        "domain_rank_updated": "2025-06-03T00:00:00.000+03:00",
        "licensing_agency": [],
        "social": {
            "facebook": {
                "likes": 0,
                "comments": 0,
                "shares": 0
            },
            "vk": {
                "shares": 0
            }
        }
    },
    "uuid": "93d2088f2cb23a11a34666fdc598bdfd4628cc32",
    "url": "https://cbs58.com/news/trump-administration-to-end-988-suicide-prevention-specialized-service-for-lgbtq-youth-in-july",
    "ord_in_thread": 0,
    "author": "CNN",
    "published": "2025-06-19T03:00:00.000+03:00",
    "title": "Trump administration to end 988 suicide prevention specialized service for LGBTQ+ youth in July",
    "text": "Trump administration to end 988 suicide prevention specialized service for LGBTQ+ youth in July\n(CNN) — The 988 Suicide & Crisis Lifeline’s specialized services for LGBTQ+ youth will no longer be in operation starting July 17, according to a statement from the US Department of Health and Human Services’ Substance Abuse and Mental Health Services Administration (SAMHSA).\nThe administration said in its statement that everyone who contacts the 988 lifeline will continue to receive access to crisis counselors who can help with suicidal, substance misuse or mental health crises, or any other kind of emotional distress, but there will no longer be the LGBTQ+ specialized services.\nSoon after its launch in July 2022, the 988 Lifeline included a subnetwork for LGBTQ+ individuals to connect with specialized services, in which people dialing 988 are given the option to press 3 to reach crisis counselors trained to work with LGBTQ+ youth and adults under 25.\nAccording to the latest data from SAMHSA, more than 14.5 million people have called, texted or sent chats to the 988 Lifeline and have been transferred to a crisis contact center since July 2022. Nearly 1.3 million of those were routed to the LGBTQ+ specialized service.\n“On July 17, the 988 Suicide & Crisis Lifeline will no longer silo LGB+ youth services, also known as the ‘Press 3 option,’ to focus on serving all help seekers, including those previously served through the Press 3 option,” SAMHSA’s statement said Tuesday.\n“The Press 3 option was established as a pilot program in Fiscal Year 2022 under a government agreement with a third party. The Fiscal Year 2023 Omnibus included a Congressional directive for $29.7 million to fund the specialized services. Federal funding in FY24 for the Press 3 services increased to $33 million,” the statement said. “As of June 2025, more than $33 million in funds have been spent to support the subnetworks, fully expending the monies allocated for 988 Lifeline LGB+ subnetwork services.”\nIn October 2020, President Donald Trump signed a bipartisan bill making 988 the universal telephone number to reach the national suicide prevention hotline.\nAbout two years later, the 988 Suicide & Crisis Lifeline launched under the Biden administration, transitioning what was a 10-digit number to an easier-to-remember three-digit number. People seeking emotional and mental health support can dial 988 for help in the same way they might dial 911 for medical emergencies.\nSince 2022, the federal government has invested some $1.5 billion in the 988 project, including expanding access to services for Spanish speakers, LGBTQ+ youth and young adults, and people who are deaf or hard of hearing by creating sub-lifelines or sub-networks for those groups.\nThis month, the Trump administration officially proposed to eliminate the 988 Lifeline’s LGBTQ+ youth services in budget plans for fiscal year 2026. While some supporters of the move may view it as an efficient way to save spending, critics have called it “deeply upsetting.”\n“It is deeply upsetting to see the administration reverse course on an evidence-backed, bipartisan program that has successfully provided life-saving crisis care to 1.3 million LGBTQ+ young people, and counting,” Jaymes Black, CEO of the nonprofit The Trevor Project, said in a news release last week when the proposed budget was posted.\nThe Trevor Project, a suicide prevention organization for LGBTQ+ youth, has been a subcontractor to the specialized service since 2022, serving as one of seven call centers.\n“We are grateful to the many people who continue to urge this administration and Congress to protect access to these life-saving services alongside us. In a nation where our children’s tears fall without distinction of how they identify, we must rise with one voice – across every faith, every belief, and every political line – now is the time for the full volume of our conviction,” Black said in part. “Now is the time to act.”\nSome Democratic lawmakers have spoken out against retiring 988’s specialized services for LGBTQ+ youth, including Wisconsin Sen. Tammy Baldwin. She said in a statement Wednesday that the Trump administration’s plan to cut the specialized services comes at a time when it is estimated that nearly 40% of LGBTQ+ young people have reported seriously considering attempting suicide in the past year.\nIn 2019, Baldwin, along with Senators Cory Gardner (R-CO), Jerry Moran (R-KS) and Jack Reed (D-RI), introduced the legislation to designate a three-digit phone number for a national suicide prevention and mental health crisis hotline.\n“I worked hard to stand up a special line for LGBTQ+ youth because we are losing too many of our kids to suicide, and it’s well past time we did something about it. Children facing dark times and even contemplating taking their life often have nowhere else to turn besides this 988 Lifeline, and the Trump Administration is cruelly and needlessly taking that away,” Baldwin said in the statement.\n“During Pride Month, a time to celebrate the progress we’ve made, the Trump Administration is taking us a step back and telling LGBTQ+ kids that they don’t matter and don’t deserve help when they are in crisis,” Baldwin said. “This is not the final chapter of this story, and I’ll fight tooth and nail to protect these children.”\nThe-CNN-Wire\n™ & © 2025 Cable News Network, Inc., a Warner Bros. Discovery Company. All rights reserved.",
    "highlightText": "",
    "highlightTitle": "",
    "highlightThreadTitle": "",
    "language": "english",
    "sentiment": "negative",
    "categories": [
        "Politics",
        "Social Issue",
        "Economy, Business and Finance"
    ],
    "topics": [
        "Politics->fundamental rights",
        "Politics->government policy",
        "Politics->civil rights",
        "Social Issue->social services",
        "Social Issue->lgbtq",
        "Economy, Business and Finance->human resources",
        "Economy, Business and Finance->healthcare industry"
    ],
    "ai_allow": true,
    "has_canonical": false,
    "breaking": null,
    "webz_reporter": false,
    "external_links": [
        "https://www.samhsa.gov/mental-health/988/faqs#roles-and-funding",
        "https://www.thetrevorproject.org/survey-2024/",
        "https://988lifeline.org/",
        "https://www.cnn.com/2020/10/17/politics/national-suicide-hotline-988-trump-signs-law/index.html",
        "https://988lifeline.org/help-yourself/lgbtqi/",
        "https://www.hhs.gov/sites/default/files/fy-2026-aha-cj.pdf",
        "https://www.cnn.com/2020/05/14/politics/senate-suicide-hotline-act/index.html",
        "http://thetrevorproject.org/",
        "https://www.samhsa.gov/about/news-announcements/statements/2025/samhsa-statement-988-press-3-option",
        "https://www.thetrevorproject.org/blog/confirmed-white-house-officially-proposes-cutting-national-suicide-lifeline-for-lgbtq-youth/",
        "https://www.samhsa.gov/mental-health/988/performance-metrics",
        "https://www.baldwin.senate.gov/news/press-releases/three-digit-suicide-prevention-hotline-legislation",
        "https://www.cnn.com/2022/07/09/politics/988-national-suicide-prevention-lifeline-lgbtq-subnetwork-wellness/index.html",
        "https://samhsa.gov/mental-health/988/faqs#roles-and-funding",
        "https://thetrevorproject.org/blog/confirmed-white-house-officially-proposes-cutting-national-suicide-lifeline-for-lgbtq-youth/",
        "https://988lifeline.org/help-yourself/lgbtqi",
        "http://thetrevorproject.org",
        "https://thetrevorproject.org/survey-2024/",
        "http://www.thetrevorproject.org/",
        "https://samhsa.gov/about/news-announcements/statements/2025/samhsa-statement-988-press-3-option",
        "https://hhs.gov/sites/default/files/fy-2026-aha-cj.pdf",
        "https://cnn.com/2020/10/17/politics/national-suicide-hotline-988-trump-signs-law/index.html",
        "https://www.thetrevorproject.org/survey-2024",
        "https://988lifeline.org",
        "https://www.988lifeline.org/help-yourself/lgbtqi/",
        "https://samhsa.gov/mental-health/988/performance-metrics",
        "https://www.thetrevorproject.org/blog/confirmed-white-house-officially-proposes-cutting-national-suicide-lifeline-for-lgbtq-youth",
        "https://www.988lifeline.org/",
        "https://cnn.com/2022/07/09/politics/988-national-suicide-prevention-lifeline-lgbtq-subnetwork-wellness/index.html",
        "https://cnn.com/2020/05/14/politics/senate-suicide-hotline-act/index.html",
        "https://baldwin.senate.gov/news/press-releases/three-digit-suicide-prevention-hotline-legislation"
    ],
    "entities": {
        "persons": [
            {
                "name": "Trump",
                "sentiment": "negative"
            }
        ],
        "locations": [],
        "organizations": [
            {
                "name": "US Department of Health and Human Services’ Substance Abuse and Mental Health Services Administration",
                "sentiment": "none",
                "tickers": []
            }
        ]
    },
    "syndication": {
        "syndicated": false,
        "syndicate_id": "93d2088f2cb23a11a34666fdc598bdfd4628cc32",
        "first_syndicated": true
    },
    "trust": {
        "categories": [],
        "top_news": [],
        "bias": null
    },
    "rating": null,
    "crawled": "2025-06-26T07:53:26.713+03:00",
    "updated": "2025-06-26T05:12:24.000+00:00"
}