{
    "thread": {
        "uuid": "66a7877bb3dbe5ac3a809c95e3bff5a3fd7a6924",
        "url": "https://motorcyclesports.net/yang-hansen-shocks-nba-world-as-surprise-draft-ignites-fury-among-lakers-and-warriors-executives",
        "site_full": "motorcyclesports.net",
        "site": "motorcyclesports.net",
        "site_section": "https://www.motorcyclesports.net",
        "site_categories": [],
        "section_title": "Sports News - MotoGP, F1, Football, Basketball, and more - M Sports",
        "site_title": "Top Sports News - MotoGP, F1, Football, Basketball, and more - M Sports",
        "title": "Yang Hansen shocks NBA world as surprise draft ignites fury among Lakers and Warriors executives",
        "title_full": "Yang Hansen shocks NBA world as surprise draft ignites fury among Lakers and Warriors executives",
        "published": "2025-06-26T07:51:00.000+03:00",
        "replies_count": 0,
        "participants_count": 1,
        "site_type": "news",
        "country": "US",
        "main_image": "https://motorcyclesports.net/wp-content/uploads/2025/06/USATSI_26533535_168415193_lowres-scaled.webp",
        "performance_score": 0,
        "domain_rank": 75200,
        "domain_rank_updated": "2025-06-03T00:00:00.000+03:00",
        "licensing_agency": [],
        "social": {
            "facebook": {
                "likes": 0,
                "comments": 0,
                "shares": 0
            },
            "vk": {
                "shares": 0
            }
        }
    },
    "uuid": "66a7877bb3dbe5ac3a809c95e3bff5a3fd7a6924",
    "url": "https://motorcyclesports.net/yang-hansen-shocks-nba-world-as-surprise-draft-ignites-fury-among-lakers-and-warriors-executives",
    "ord_in_thread": 0,
    "author": "Sam Scott",
    "published": "2025-06-26T07:51:00.000+03:00",
    "title": "Yang Hansen shocks NBA world as surprise draft ignites fury among Lakers and Warriors executives",
    "text": "Unexpected Selection Stirs Controversy\nIn a move that sent shockwaves through the NBA, the Portland Trail Blazers made a surprising selection in the recent draft, choosing 19-year-old Yang Hansen, a standout from the Chinese Basketball Association. This unexpected decision has ignited a fierce backlash from executives within the Los Angeles Lakers and Golden State Warriors, raising questions about the future of their front offices.\nYang Hansen, often referred to as the “Chinese Jokic” by those familiar with his game, was largely projected to land in the second round of the draft. His selection in the first round caught many off guard, especially as he was seen casually seated among the crowd when his name echoed through the arena, announced by the league’s commissioner. This moment of triumph for Hansen quickly transformed into a point of contention among rival franchises.\nThe Rise of Yang Hansen\nHansen’s journey to the NBA has been remarkable. Hailing from a league that has produced notable talents, he has carved a niche for himself with his unique skill set and basketball IQ. His ability to facilitate plays and score efficiently has drawn comparisons to established stars, further fueling excitement about his potential impact in the league.\nDespite the enthusiasm surrounding his talent, the decision by the Blazers to draft him has raised eyebrows. Analysts and executives alike are questioning the strategic foresight of the selection, particularly in a league where established stars are often prioritized. The Lakers and Warriors, both of whom are in pursuit of championship contention, view this pick as a potential misstep that could alter the balance of power in the Western Conference.\nReactions from the League\nThe fallout from Hansen’s selection has been palpable. Executives from both the Lakers and Warriors have expressed frustration, feeling blindsided by the Blazers’ choice. The implications of this draft pick extend beyond the immediate roster decisions; they threaten to reshape the front office dynamics of these storied franchises. The pressure is mounting, as the stakes rise in a league where every decision can have lasting consequences.\nAs the dust settles from the draft, the focus shifts to how Hansen will adapt to the rigors of the NBA. The expectations placed upon him will be immense, not only from fans eager to see his talents unfold but also from a league that is now watching closely. The potential for greatness looms large, but so does the weight of expectations that accompany such a high-profile selection.\nLooking Ahead\nThe selection of Yang Hansen marks a pivotal moment in the NBA landscape, one that could redefine the trajectories of multiple franchises. As the season approaches, all eyes will be on Hansen—not just to see if he can live up to the hype, but to gauge how his presence will influence the competitive fabric of the league.\nIn a sport where every decision is scrutinized and every player can shift the balance of power, the implications of this draft will resonate far beyond the immediate aftermath. The future of the Lakers and Warriors, and perhaps the entire Western Conference, may hinge on how this young talent develops and how his selection impacts the strategic decisions of their front offices. The NBA is in for an intriguing season ahead, and Yang Hansen is poised to be at the center of it all.",
    "highlightText": "",
    "highlightTitle": "",
    "highlightThreadTitle": "",
    "language": "english",
    "sentiment": "negative",
    "categories": [
        "Sport",
        "Economy, Business and Finance",
        "Social Issue"
    ],
    "topics": [
        "Sport->basketball",
        "Economy, Business and Finance->tourism and leisure industry"
    ],
    "ai_allow": true,
    "has_canonical": false,
    "breaking": false,
    "webz_reporter": false,
    "external_links": [],
    "entities": {
        "persons": [
            {
                "name": "Yang Hansen\nHansen",
                "sentiment": "neutral"
            }
        ],
        "locations": [],
        "organizations": [
            {
                "name": "NBA",
                "sentiment": "neutral",
                "tickers": []
            },
            {
                "name": "Chinese Basketball Association",
                "sentiment": "none",
                "tickers": []
            },
            {
                "name": "Los Angeles Lakers",
                "sentiment": "none",
                "tickers": []
            }
        ]
    },
    "syndication": {
        "syndicated": false,
        "syndicate_id": null,
        "first_syndicated": false
    },
    "trust": {
        "categories": [],
        "top_news": [],
        "bias": null
    },
    "rating": null,
    "crawled": "2025-06-26T08:23:28.917+03:00",
    "updated": "2025-06-26T05:34:42.000+00:00"
}