{
    "thread": {
        "uuid": "daa5354d0230ba09df81eba2444304af48ad1322",
        "url": "https://www.myrtlebeachonline.com/news/business/",
        "site_full": "www.myrtlebeachonline.com",
        "site": "myrtlebeachonline.com",
        "site_section": "https://www.myrtlebeachonline.com/news/business",
        "site_categories": [
            "media"
        ],
        "section_title": "Business | Myrtle Beach Sun News",
        "site_title": "Myrtle Beach SC Breaking News &amp; More | Myrtle Beach Sun News",
        "title": "Business | Myrtle Beach Sun News",
        "title_full": "Business | Myrtle Beach Sun News",
        "published": "2025-10-01T03:00:00.000+03:00",
        "replies_count": 0,
        "participants_count": 0,
        "site_type": "news",
        "country": "US",
        "main_image": "https://www.myrtlebeachonline.com/wps/build/images/myrtlebeachonline/facebook.jpg",
        "performance_score": 0,
        "domain_rank": 21045,
        "domain_rank_updated": "2025-09-29T00:00:00.000+03:00",
        "licensing_agency": [],
        "social": {
            "facebook": {
                "likes": 0,
                "comments": 0,
                "shares": 0
            },
            "vk": {
                "shares": 0
            }
        }
    },
    "uuid": "daa5354d0230ba09df81eba2444304af48ad1322",
    "url": "https://www.myrtlebeachonline.com/news/business/",
    "ord_in_thread": 0,
    "author": null,
    "published": "2025-10-01T03:00:00.000+03:00",
    "title": "Business | Myrtle Beach Sun News",
    "text": "Japanese automaker Nissan has been through the ringer, as in recent months, its recently appointed CEO Ivan Espinosa has led the company through a corporate restructuring program known as Re:Nissan, which saw some significant changes take place within the company. Updated October 1, 2025 at 10:08 PM\nKelly: Dolphins preparing for offense without Tyreek Hill | OpinionUpdated October 2, 2025 at 12:01 AM\nSC seafood restaurant is 3rd-best casual dining spot in the US, Tripadvisor says. Here’s whyUpdated October 1, 2025 at 9:10 AM\nUpdate: Pedestrian walking on sidewalk struck, killed by car near Murrells InletUpdated October 1, 2025 at 10:39 AM\nSC judge denies temporary injunction in Election Commission voter privacy caseUpdated October 1, 2025 at 4:40 PM\n‘Be a sponge’: Former Gamecock Sania Feagin reflects on rookie year in WNBASeptember 30, 2025 at 8:00 AM\nBusinessRocket finalizes Mr. Cooper purchase in mega-deal now worth $14.2B Updated October 1, 2025 at 9:44 PM\nBusinessChicago had record summer hotel occupancy despite being painted as a war zone by Trump Updated October 1, 2025 at 9:44 PM\nBusinessStellantis US sales rise, snapping streak of quarterly declines Updated October 1, 2025 at 9:44 PM\nBusinessGov. Newsom orders study of California's ailing utility and insurance markets Updated October 1, 2025 at 9:44 PM\nBusinessUCLA forecasts 'stagflation-lite' economy with higher inflation and unemployment Updated October 1, 2025 at 9:42 PM\nBusinessGM EV sales more than double, boosting third-quarter totals Updated October 1, 2025 at 9:40 PM\nBusinessYouTube, Disney and Meta have all settled. Inside President Trump's $90 million payday Updated October 1, 2025 at 9:40 PM\nBusinessFord posts big EV sales increase ahead of federal tax credit's end Updated October 1, 2025 at 9:40 PM\nBusinessUS firms shed 32,000 jobs in ADP report after data adjustment Updated October 1, 2025 at 9:40 PM\nBusinessTech review: Are you prepared for car trouble? Wolfbox wants to get you out of a jam Updated October 1, 2025 at 9:36 PM\nBusinessCan driverless cars get tickets? What happened when Bay Area police pulled over a Waymo Updated October 1, 2025 at 9:36 PM\nBusinessTarget leads industry in launching self-checkouts for visually impaired shoppers Updated October 1, 2025 at 9:36 PM\nBusinessStruggling soybean farmers look to Washington for help on tariffs, but resources less available this time Updated October 1, 2025 at 9:32 PM\nBusinessFannie Mae predicts major mortgage rate change coming soon Updated October 1, 2025 at 9:26 PM\nBusinessAnalyst revamps Dell stock price target before key meeting Updated October 1, 2025 at 8:15 PM\nBusinessLast Ford Focus ST rolls off production line – will we ever see another one?October 1, 2025 at 8:00 PM\nBusinessWhat CarMax's Q2 Earnings Miss Tells Us About The Used Car Market Updated October 1, 2025 at 6:43 PM",
    "highlightText": "",
    "highlightTitle": "",
    "highlightThreadTitle": "",
    "language": "english",
    "sentiment": "negative",
    "categories": [
        "Economy, Business and Finance"
    ],
    "topics": [
        "Economy, Business and Finance->business restructuring",
        "Economy, Business and Finance->corporate governance and csr",
        "Economy, Business and Finance->business strategy and marketing"
    ],
    "ai_allow": true,
    "has_canonical": false,
    "breaking": null,
    "webz_reporter": false,
    "external_links": [],
    "external_images": [],
    "internal_images": [],
    "entities": {
        "persons": [
            {
                "name": "Ivan Espinosa",
                "sentiment": "none"
            },
            {
                "name": "Sania Feagin",
                "sentiment": "none"
            },
            {
                "name": "Cooper",
                "sentiment": "none"
            }
        ],
        "locations": [],
        "organizations": [
            {
                "name": "Nissan",
                "sentiment": "negative",
                "tickers": [
                    {
                        "ticker": "NSANY",
                        "exchange": "OTC"
                    }
                ]
            },
            {
                "name": "Myrtle Beach Sun News",
                "sentiment": "neutral",
                "tickers": [
                    {
                        "ticker": null,
                        "exchange": null
                    }
                ]
            },
            {
                "name": "Tripadvisor",
                "sentiment": "none",
                "tickers": [
                    {
                        "ticker": "TRIP",
                        "exchange": "NASDAQ"
                    }
                ]
            }
        ]
    },
    "syndication": {
        "syndicated": false,
        "syndicate_id": null,
        "first_syndicated": false
    },
    "trust": {
        "categories": [
            "fake_news"
        ],
        "top_news": [],
        "bias": "center",
        "source": {
            "type": "local_news",
            "city": [
                "Myrtle Beach"
            ],
            "state": [
                "South Carolina"
            ],
            "country": [
                "US"
            ],
            "domain_type": null,
            "agency": null,
            "organization_name": null
        }
    },
    "rating": null,
    "crawled": "2025-10-02T07:57:16.553+03:00",
    "updated": "2025-10-02T08:00:46.000+03:00"
}