{
    "thread": {
        "uuid": "890a765b7df23fda21f59f707b2b7aaba62fa6ad",
        "url": "https://www.ans.org/news/article-5713/orise-report-shows-decreases-in-ne-degrees-and-enrollment-numbers",
        "site_full": "www.ans.org",
        "site": "ans.org",
        "site_section": "https://www.ans.org/news/article-4468",
        "site_categories": [],
        "section_title": "University of Tennessee hosts inaugural NEDHO Diversity Panel -- ANS / Nuclear Newswire",
        "site_title": "American Nuclear Society -- ANS",
        "title": "ORISE report shows decreases in NE degrees and enrollment numbers -- ANS / Nuclear Newswire",
        "title_full": "ORISE report shows decreases in NE degrees and enrollment numbers -- ANS / Nuclear Newswire",
        "published": "2025-10-02T04:06:00.000+03:00",
        "replies_count": 0,
        "participants_count": 0,
        "site_type": "news",
        "country": "US",
        "main_image": "",
        "performance_score": 0,
        "domain_rank": 21421,
        "domain_rank_updated": "2025-09-29T00:00:00.000+03:00",
        "licensing_agency": [],
        "social": {
            "facebook": {
                "likes": 0,
                "comments": 0,
                "shares": 0
            },
            "vk": {
                "shares": 0
            }
        }
    },
    "uuid": "890a765b7df23fda21f59f707b2b7aaba62fa6ad",
    "url": "https://www.ans.org/news/article-5713/orise-report-shows-decreases-in-ne-degrees-and-enrollment-numbers",
    "ord_in_thread": 0,
    "author": null,
    "published": "2025-10-02T04:06:00.000+03:00",
    "title": "ORISE report shows decreases in NE degrees and enrollment numbers -- ANS / Nuclear Newswire",
    "text": "The recently released 2021–2022 data from the Nuclear Engineering Enrollment and Degrees Survey , prepared by the Oak Ridge Institute for Science and Education (ORISE), might be considered a mix of good news and bad. In 2022, there were 208 doctoral degrees awarded in nuclear engineering in the United States—the most since 1966, when the survey began. However, the overall number of nuclear engineering degrees awarded in 2021 and 2022 was at the lowest level in more than a decade. The results are based on data collected from 34 U.S. universities with nuclear engineering programs.\nTo continue reading, log in or create a free account !",
    "highlightText": "",
    "highlightTitle": "",
    "highlightThreadTitle": "",
    "language": "english",
    "sentiment": "negative",
    "categories": [
        "Economy, Business and Finance",
        "Education",
        "Social Issue"
    ],
    "topics": [
        "Economy, Business and Finance->human resources",
        "Economy, Business and Finance->financial and economic news",
        "Education->college and university",
        "Education->educational testing and examinations",
        "Education->educational grading",
        "Social Issue->demographics",
        "Social Issue->social services"
    ],
    "ai_allow": true,
    "has_canonical": false,
    "breaking": null,
    "webz_reporter": false,
    "external_links": [
        "https://orise.orau.gov/news/archive/2024/nuclear-engineering-degrees-decrease-to-lowest-level-in-more-than-a-decade.html",
        "https://orise.orau.gov/stem/reports/ne-brief-84-2022-data.pdf",
        "https://www.orise.orau.gov/news/archive/2024/nuclear-engineering-degrees-decrease-to-lowest-level-in-more-than-a-decade.html",
        "https://www.orise.orau.gov/stem/reports/ne-brief-84-2022-data.pdf"
    ],
    "external_images": [],
    "internal_images": [],
    "entities": {
        "persons": [],
        "locations": [],
        "organizations": [
            {
                "name": "Oak Ridge Institute for Science and Education",
                "sentiment": "none",
                "tickers": []
            }
        ]
    },
    "syndication": {
        "syndicated": false,
        "syndicate_id": null,
        "first_syndicated": false
    },
    "trust": {
        "categories": [],
        "top_news": [],
        "bias": null,
        "source": {
            "type": null,
            "city": null,
            "state": null,
            "country": null,
            "domain_type": null,
            "agency": null,
            "organization_name": null
        }
    },
    "rating": null,
    "crawled": "2025-10-02T08:16:44.820+03:00",
    "updated": "2025-10-02T08:20:25.000+03:00"
}