{
    "thread": {
        "uuid": "ae0de5e47d117e4da5be7568249d9320657d3dc1",
        "url": "https://www.news8000.com/news/partial-government-shutdown-enters-second-day/video_76b069fb-5b2b-5942-bd9e-0b2c300168ac.html",
        "site_full": "www.news8000.com",
        "site": "news8000.com",
        "site_section": "https://www.golf.einnews.com/live_feed",
        "site_categories": [
            "media"
        ],
        "section_title": "Live Feed Wire - Golf News Today - EIN Presswire",
        "site_title": "news8000.com",
        "title": "Partial government shutdown enters second day | News | news8000.com",
        "title_full": "Partial government shutdown enters second day | News | news8000.com",
        "published": "2025-10-02T06:18:00.000+03:00",
        "replies_count": 0,
        "participants_count": 0,
        "site_type": "news",
        "country": "US",
        "main_image": "https://bloximages.newyork1.vip.townnews.com/news8000.com/content/tncms/assets/v3/editorial/7/6b/76b069fb-5b2b-5942-bd9e-0b2c300168ac/68ddf5689e58d.image.jpg?crop=1280%2C672%2C0%2C23&amp;resize=1200%2C630&amp;order=crop%2Cresize",
        "performance_score": 0,
        "domain_rank": 43367,
        "domain_rank_updated": "2025-09-29T00:00:00.000+03:00",
        "licensing_agency": [],
        "social": {
            "facebook": {
                "likes": 0,
                "comments": 0,
                "shares": 0
            },
            "vk": {
                "shares": 0
            }
        }
    },
    "uuid": "ae0de5e47d117e4da5be7568249d9320657d3dc1",
    "url": "https://www.news8000.com/news/partial-government-shutdown-enters-second-day/video_76b069fb-5b2b-5942-bd9e-0b2c300168ac.html",
    "ord_in_thread": 0,
    "author": null,
    "published": "2025-10-02T06:18:00.000+03:00",
    "title": "Partial government shutdown enters second day | News | news8000.com",
    "text": "Partial government shutdown enters second day Oct 1, 2025 Oct 1, 2025 Updated 3 hrs ago Facebook Twitter WhatsApp SMS Email Print Copy article link Save Facebook Twitter WhatsApp SMS Email Print Copy article link Save",
    "highlightText": "",
    "highlightTitle": "",
    "highlightThreadTitle": "",
    "language": "english",
    "sentiment": "negative",
    "categories": [
        "Politics",
        "Economy, Business and Finance"
    ],
    "topics": [
        "Politics->government",
        "Politics->political process",
        "Politics->political crisis",
        "Economy, Business and Finance->economy",
        "Economy, Business and Finance->financial and economic news",
        "Economy, Business and Finance->business governance"
    ],
    "ai_allow": false,
    "has_canonical": false,
    "breaking": null,
    "webz_reporter": false,
    "external_links": [],
    "external_images": [],
    "internal_images": [],
    "entities": {
        "persons": [],
        "locations": [],
        "organizations": []
    },
    "syndication": {
        "syndicated": false,
        "syndicate_id": null,
        "first_syndicated": false
    },
    "trust": {
        "categories": [
            "trusted_news"
        ],
        "top_news": [],
        "bias": "center",
        "source": {
            "type": "local_news",
            "city": [
                "Livingston",
                "La Crosse",
                "Viroqua",
                "Tomah",
                "Westboro",
                "Galesville",
                "Onalaska",
                "Wyeville",
                "Bangor"
            ],
            "state": [
                "Wisconsin"
            ],
            "country": [
                "US"
            ],
            "domain_type": null,
            "agency": null,
            "organization_name": null
        }
    },
    "rating": null,
    "crawled": "2025-10-02T07:53:26.509+03:00",
    "updated": "2025-10-02T17:02:26.888+03:00"
}