{
    "thread": {
        "uuid": "383bf83ac36fbd7f71e4342bd5369b67c34e2943",
        "url": "https://www.rttnews.com/3579104/akanda-stock-drops-19-despite-strategic-infrastructure-gains.aspx",
        "site_full": "www.rttnews.com",
        "site": "rttnews.com",
        "site_section": "https://www.rttnews.com/list/stock-alerts.aspx",
        "site_categories": [
            "media",
            "education"
        ],
        "section_title": "\r\n\tStock Alerts, Stock Updates - RTTNews\r\n",
        "site_title": "Realtime Business News, Economic News, Breaking News and Forex News – RTTNews",
        "title": "Akanda Stock Drops 19% Despite Strategic Infrastructure Gains",
        "title_full": "Akanda Stock Drops 19% Despite Strategic Infrastructure Gains",
        "published": "2025-10-01T17:51:00.000+03:00",
        "replies_count": 0,
        "participants_count": 1,
        "site_type": "news",
        "country": "US",
        "main_image": "https://cdn.rttnews.com/images/v4/RTTNews-logo-512x512.png",
        "performance_score": 0,
        "domain_rank": 18022,
        "domain_rank_updated": "2025-09-29T00:00:00.000+03:00",
        "licensing_agency": [],
        "social": {
            "facebook": {
                "likes": 0,
                "comments": 0,
                "shares": 0
            },
            "vk": {
                "shares": 0
            }
        }
    },
    "uuid": "383bf83ac36fbd7f71e4342bd5369b67c34e2943",
    "url": "https://www.rttnews.com/3579104/akanda-stock-drops-19-despite-strategic-infrastructure-gains.aspx",
    "ord_in_thread": 0,
    "author": "RTTNews Staff Writer",
    "published": "2025-10-01T17:51:00.000+03:00",
    "title": "Akanda Stock Drops 19% Despite Strategic Infrastructure Gains",
    "text": "Akanda Corp. (AKAN) shares fell 18.71 percent to $3.54 on Wednesday, losing $0.81, despite the company confirming that its subsidiary, First Towers & Fiber, was named a preferred contractor in Mexico's Altán Redes/Red Compartida initiative, a $7 billion national telecom infrastructure program. The stock opened at $4.64 and traded between $3.40 and $9.29, compared with a previous close of $4.36 on the Nasdaq. Trading volume surged to 29.46 million shares, far exceeding the average of 142,499. Akanda now trades within a 52-week range of $2.91 to $9.29. The company controls 700 kilometers of fiber across five cities and has roughly thirty revenue-generating towers, all backed by long-term leases.\nFor comments and feedback contact: editorial@rttnews.com\nSeptember 26, 2025 14:42 ET Revised economic growth data for the second quarter and the Fed chief Jerome Powell’s speech were the highlights in the U.S. on a busy week for economic news. Housing market data also gained attention. Elsewhere, the Paris-based think tank OECD released its latest projection for the global economy that threw light on the impact of the U.S. trade tariffs. In Europe, the interest rate decision announcement by Switzerland’s central bank was in focus.",
    "highlightText": "",
    "highlightTitle": "",
    "highlightThreadTitle": "",
    "language": "english",
    "sentiment": "negative",
    "categories": [
        "Economy, Business and Finance",
        "Social Issue",
        "Politics"
    ],
    "topics": [
        "Economy, Business and Finance->financial service",
        "Economy, Business and Finance->business reporting and performance",
        "Social Issue->social networking",
        "Social Issue->social problem",
        "Social Issue->social condition",
        "Politics->economic policy",
        "Politics->government policy"
    ],
    "ai_allow": true,
    "has_canonical": false,
    "breaking": null,
    "webz_reporter": false,
    "external_links": [],
    "external_images": [],
    "internal_images": [],
    "entities": {
        "persons": [
            {
                "name": "Jerome Powell",
                "sentiment": "none"
            }
        ],
        "locations": [],
        "organizations": [
            {
                "name": "Akanda Corp.",
                "sentiment": "negative",
                "tickers": [
                    {
                        "ticker": null,
                        "exchange": null
                    }
                ]
            },
            {
                "name": "OECD",
                "sentiment": "none",
                "tickers": [
                    {
                        "ticker": null,
                        "exchange": null
                    }
                ]
            },
            {
                "name": "Fed",
                "sentiment": "none",
                "tickers": [
                    {
                        "ticker": null,
                        "exchange": null
                    }
                ]
            }
        ]
    },
    "syndication": {
        "syndicated": false,
        "syndicate_id": null,
        "first_syndicated": false
    },
    "trust": {
        "categories": [],
        "top_news": [],
        "bias": null,
        "source": {
            "type": null,
            "city": null,
            "state": null,
            "country": null,
            "domain_type": null,
            "agency": null,
            "organization_name": null
        }
    },
    "rating": null,
    "crawled": "2025-10-02T08:26:05.405+03:00",
    "updated": "2025-10-02T08:28:35.000+03:00"
}