{
    "thread": {
        "uuid": "0a553e2ebab9e190bf383763e57229d714d03ddf",
        "url": "https://bizsugar.com/small-business-news/chairman-williams-addresses-impact-of-potential-government-shutdown-on-small-businesses/",
        "site_full": "bizsugar.com",
        "site": "bizsugar.com",
        "site_section": "https://bizsugar.com",
        "site_categories": [],
        "section_title": "BizSugar - Small Business News and Advice",
        "site_title": "BizSugar - Small Business News and Advice",
        "title": "Chairman Williams Addresses Impact of Potential Government Shutdown on Small Businesses",
        "title_full": "Chairman Williams Addresses Impact of Potential Government Shutdown on Small Businesses",
        "published": "2025-10-02T04:30:00.000+03:00",
        "replies_count": 0,
        "participants_count": 1,
        "site_type": "news",
        "country": "IN",
        "main_image": "https://bizsugar.com/wp-content/uploads/2025/10/chairman-williams-addresses-impact-of-potential-government-shutdown-on-small-businesses.jpg",
        "performance_score": 0,
        "domain_rank": 92518,
        "domain_rank_updated": "2025-09-29T00:00:00.000+03:00",
        "licensing_agency": [],
        "social": {
            "facebook": {
                "likes": 0,
                "comments": 0,
                "shares": 0
            },
            "vk": {
                "shares": 0
            }
        }
    },
    "uuid": "0a553e2ebab9e190bf383763e57229d714d03ddf",
    "url": "https://bizsugar.com/small-business-news/chairman-williams-addresses-impact-of-potential-government-shutdown-on-small-businesses/",
    "ord_in_thread": 0,
    "author": "Sarah Lewis",
    "published": "2025-10-02T04:30:00.000+03:00",
    "title": "Chairman Williams Addresses Impact of Potential Government Shutdown on Small Businesses",
    "text": "The recent federal government shutdown is posing significant implications for America’s small businesses, and industry leaders are sounding the alarm. House Committee on Small Business Chairman Roger Williams of Texas expressed grave concerns over how the funding lapse could affect the critical support systems small businesses depend on.\n“The House Committee on Small Business had planned a full October agenda to strengthen Main Street, yet with government funding at a standstill, America’s 36 million small businesses will pay the price,” Williams stated. He emphasized that the House-passed continuing resolution included essential provisions aimed at safeguarding small businesses’ access to capital, which is vital for their growth and sustainability.\nAs small business owners face uncertain economic conditions, this shutdown may result in multiple ripple effects that could hinder their operations. Access to funding is one of the primary concerns, as many small enterprises rely on government programs for loans and grants. Without these resources, business owners could struggle to meet payroll, stock inventory, or invest in crucial improvements.\nThe statement points out that the current political gridlock jeopardizes the “vital measures” that entrepreneurs depend upon. “By voting against this clean funding extension, Democrats have left Main Street without certainty,” Williams remarked, demonstrating the urgent need for bipartisan cooperation to restore funding swiftly. The standstill in government functions inevitably leads to delays in loan processing and other financial services, a situation that could squeeze cash flow for small businesses.\nFor many small business owners, a shutdown means heightened anxiety over day-to-day operations. When capital becomes less accessible, maintaining operations or scaling up initiatives can become increasingly difficult. It underscores the importance of having contingency plans in place, such as diversifying funding sources and preparing for longer lead times on financial approvals.\nThe implications extend beyond financial concerns as well; programs that small businesses rely on for mentorship, training, and networking could also face interruptions. These kinds of initiatives often provide the guidance and resources that new and growing enterprises need to thrive. With the current stalemate, potential disruptions to these services could lead to lost opportunities for small businesses trying to innovate or expand.\nDespite the challenges posed by the shutdown, Williams pointed toward a commitment among House Republicans to not only reopen the government but also deliver much-needed stability and resources to invigorate small businesses. The call to action suggests that small business owners can advocate for policies that prioritize a stable economic environment conducive to growth and security.\nSmall businesses represent a backbone of the American economy, employing nearly half of the private workforce and generating significant revenue. Thus, the effects of a shutdown resonate well beyond individual businesses, impacting local economies and community stability.\nIn navigating these turbulent waters, small business owners may want to engage more actively with their local representatives, urging them to prioritize funding solutions that protect small businesses. As the political climate evolves, staying informed and prepared can make all the difference in adapting to any changes the shutdown may bring.\nUnderstanding the dynamics of government funding and its direct implications on small businesses can empower owners to make informed decisions. Whether it involves adjusting budgets, seeking alternative funding solutions, or confronting potential operational slowdowns, the proactive approach can be crucial during uncertain times.\nFor ongoing updates and insights related to small business challenges and resources, small business owners can refer to the original statement by Chairman Williams at smallbusiness.house.gov .\nImage Via BizSugar",
    "highlightText": "",
    "highlightTitle": "",
    "highlightThreadTitle": "",
    "language": "english",
    "sentiment": "negative",
    "categories": [
        "Economy, Business and Finance",
        "Politics",
        "Social Issue"
    ],
    "topics": [
        "Economy, Business and Finance->business governance",
        "Economy, Business and Finance->business information",
        "Politics->government",
        "Social Issue->social problem",
        "Social Issue->social services",
        "Social Issue->social networking"
    ],
    "ai_allow": true,
    "has_canonical": false,
    "breaking": null,
    "webz_reporter": false,
    "external_links": [
        "https://smallbusiness.house.gov/news/documentsingle.aspx?DocumentID=407322",
        "https://smallbusiness.house.gov/news/documentsingle.aspx",
        "https://www.smallbusiness.house.gov/news/documentsingle.aspx?DocumentID=407322"
    ],
    "external_images": [],
    "internal_images": [],
    "entities": {
        "persons": [
            {
                "name": "Roger Williams",
                "sentiment": "none"
            }
        ],
        "locations": [],
        "organizations": []
    },
    "syndication": {
        "syndicated": false,
        "syndicate_id": null,
        "first_syndicated": false
    },
    "trust": {
        "categories": [],
        "top_news": [],
        "bias": null,
        "source": {
            "type": null,
            "city": null,
            "state": null,
            "country": null,
            "domain_type": null,
            "agency": null,
            "organization_name": null
        }
    },
    "rating": null,
    "crawled": "2025-10-02T07:39:35.547+03:00",
    "updated": "2025-10-02T07:46:17.000+03:00"
}