{
    "thread": {
        "uuid": "ee03d2fff6ca46ec96d794d89ddb5e4dc3061dfd",
        "url": "https://www.chaincatcher.com/en/article/2191889",
        "site_full": "www.chaincatcher.com",
        "site": "chaincatcher.com",
        "site_section": "https://chaincatcher.com",
        "site_categories": [],
        "section_title": "Chain Catcher - a professional blockchain technology research and information platform",
        "site_title": "链捕手ChainCatcher — 专业的区块链技术研究与资讯平台-Chain Catcher",
        "title": "Bank of America CEO: Pausing stablecoin plans, regulatory and demand uncertainties are key constraints",
        "title_full": "Bank of America CEO: Pausing stablecoin plans, regulatory and demand uncertainties are key constraints",
        "published": "2025-07-17T08:21:26.731+03:00",
        "replies_count": 0,
        "participants_count": 1,
        "site_type": "news",
        "country": "RU",
        "main_image": "https://www.chaincatcher.com/_nuxt/img/wx_icon2.c6d0b0c.png",
        "performance_score": 0,
        "domain_rank": 111030,
        "domain_rank_updated": "2025-06-03T00:00:00.000+03:00",
        "licensing_agency": [],
        "social": {
            "facebook": {
                "likes": 0,
                "comments": 0,
                "shares": 0
            },
            "vk": {
                "shares": 0
            }
        }
    },
    "uuid": "ee03d2fff6ca46ec96d794d89ddb5e4dc3061dfd",
    "url": "https://www.chaincatcher.com/en/article/2191889",
    "ord_in_thread": 0,
    "author": "@ChainCatcher_",
    "published": "2025-07-17T08:21:26.731+03:00",
    "title": "Bank of America CEO: Pausing stablecoin plans, regulatory and demand uncertainties are key constraints",
    "text": "Bank of America CEO: Pausing stablecoin plans, regulatory and demand uncertainties are key constraints\nChainCatcher news, according to Decrypt, Bank of America CEO Brian Moynihan stated during the earnings call on Wednesday that the bank is cautious about stablecoins due to the current unclear regulatory environment and the lack of evident customer demand.\nHe pointed out that although the bank has \"done a lot of research,\" the decision to adopt stablecoins will still depend on the clarity of future legal frameworks and actual market demand.\nChainCatcher reminds readers to view blockchain rationally, enhance risk awareness, and be cautious of various virtual token issuances and speculations. All content on this site is solely market information or related party opinions, and does not constitute any form of investment advice. If you find sensitive information in the content, please click \"Report\", and we will handle it promptly.",
    "highlightText": "",
    "highlightTitle": "",
    "highlightThreadTitle": "",
    "language": "english",
    "sentiment": "negative",
    "categories": [
        "Economy, Business and Finance"
    ],
    "topics": [
        "Economy, Business and Finance->business governance",
        "Economy, Business and Finance->financial service",
        "Economy, Business and Finance->investment and opinion pieces"
    ],
    "ai_allow": true,
    "has_canonical": false,
    "breaking": false,
    "webz_reporter": false,
    "external_links": [],
    "entities": {
        "persons": [
            {
                "name": "Brian Moynihan",
                "sentiment": "none"
            }
        ],
        "locations": [],
        "organizations": [
            {
                "name": "Bank of America",
                "sentiment": "none",
                "tickers": []
            }
        ]
    },
    "syndication": {
        "syndicated": false,
        "syndicate_id": null,
        "first_syndicated": false
    },
    "trust": {
        "categories": [],
        "top_news": [],
        "bias": null,
        "source": {
            "type": null,
            "city": null,
            "state": null,
            "country": null,
            "domain_type": null,
            "agency": null,
            "organization_name": null
        }
    },
    "rating": null,
    "crawled": "2025-07-17T08:21:26.731+03:00",
    "updated": "2025-07-17T05:24:38.000+00:00"
}