{
    "thread": {
        "uuid": "b005422ddfbccdac3befa4009176ee4118bfcf9d",
        "url": "https://dailytrust.com/over-14m-children-unvaccinated-globally-un-report",
        "site_full": "dailytrust.com",
        "site": "dailytrust.com",
        "site_section": "https://news.google.com/search?q=over%20when%3A1h&hl=en-US&gl=US&ceid=US%3Aen",
        "site_categories": [
            "media"
        ],
        "section_title": "Google News - Search",
        "site_title": null,
        "title": "Over 14m children unvaccinated globally - UN report - Daily Trust",
        "title_full": "Over 14m children unvaccinated globally - UN report - Daily Trust",
        "published": "2025-07-17T07:50:00.000+03:00",
        "replies_count": 0,
        "participants_count": 1,
        "site_type": "news",
        "country": "NG",
        "main_image": "https://dailytrust.com/wp-content/uploads/2022/05/vaccine-preventable-diseases.jpg",
        "performance_score": 0,
        "domain_rank": 23121,
        "domain_rank_updated": "2025-06-03T00:00:00.000+03:00",
        "licensing_agency": [],
        "social": {
            "facebook": {
                "likes": 0,
                "comments": 0,
                "shares": 0
            },
            "vk": {
                "shares": 0
            }
        }
    },
    "uuid": "b005422ddfbccdac3befa4009176ee4118bfcf9d",
    "url": "https://dailytrust.com/over-14m-children-unvaccinated-globally-un-report",
    "ord_in_thread": 0,
    "author": "Seun Adeuyi",
    "published": "2025-07-17T07:50:00.000+03:00",
    "title": "Over 14m children unvaccinated globally - UN report - Daily Trust",
    "text": "About 14.3 million infants worldwide did not receive a single vaccine in 2024. This is according to the new national immunisation coverage data released on…",
    "highlightText": "",
    "highlightTitle": "",
    "highlightThreadTitle": "",
    "language": "english",
    "sentiment": "negative",
    "categories": [
        "Health",
        "Social Issue",
        "Economy, Business and Finance"
    ],
    "topics": [
        "Health->public health",
        "Health->vaccine",
        "Social Issue->population and census",
        "Social Issue->demographics",
        "Social Issue->children",
        "Economy, Business and Finance->healthcare industry"
    ],
    "ai_allow": true,
    "has_canonical": false,
    "breaking": true,
    "webz_reporter": false,
    "external_links": [
        "https://galins.com/l/dtjuly2025",
        "https://bit.ly/3ULAYGr",
        "https://www.bit.ly/3ULAYGr",
        "https://www.galins.com/l/dtjuly2025"
    ],
    "entities": {
        "persons": [],
        "locations": [],
        "organizations": [
            {
                "name": "United Nations",
                "sentiment": "neutral",
                "tickers": []
            },
            {
                "name": "World Health Organisation",
                "sentiment": "none",
                "tickers": []
            }
        ]
    },
    "syndication": {
        "syndicated": false,
        "syndicate_id": null,
        "first_syndicated": false
    },
    "trust": {
        "categories": [],
        "top_news": [],
        "bias": null,
        "source": {
            "type": null,
            "city": null,
            "state": null,
            "country": null,
            "domain_type": null,
            "agency": null,
            "organization_name": null
        }
    },
    "rating": null,
    "crawled": "2025-07-17T08:07:31.899+03:00",
    "updated": "2025-07-17T13:08:00.258+03:00"
}