{
    "thread": {
        "uuid": "286a57557e0ae342997043f602e77b34fc76cafb",
        "url": "https://www.bluewin.ch/en/news/swatch-group-suffers-massive-profit-slump-in-the-first-half-of-the-year-2787621.html",
        "site_full": "www.bluewin.ch",
        "site": "bluewin.ch",
        "site_section": "https://www.bluewin.ch/en",
        "site_categories": [
            "society"
        ],
        "section_title": "blue News | bluewin E-Mail | Daily News. Sport and Entertainment",
        "site_title": "blue News | bluewin E-Mail | News, Politik, Sport, People",
        "title": "Watches: Swatch Group suffers massive profit slump in the first half of the year | blue News",
        "title_full": "Watches: Swatch Group suffers massive profit slump in the first half of the year | blue News",
        "published": "2025-07-17T08:06:00.000+03:00",
        "replies_count": 0,
        "participants_count": 1,
        "site_type": "news",
        "country": "CH",
        "main_image": "https://production-livingdocs-bluewin-ch.imgix.net/2025/07/17/520e5d83-a215-4242-bb2b-97fc97687111.jpeg?w=1200&amp;h=630&amp;fit=crop&amp;crop=faces",
        "performance_score": 0,
        "domain_rank": 10382,
        "domain_rank_updated": "2025-06-03T00:00:00.000+03:00",
        "licensing_agency": [],
        "social": {
            "facebook": {
                "likes": 0,
                "comments": 0,
                "shares": 0
            },
            "vk": {
                "shares": 0
            }
        }
    },
    "uuid": "286a57557e0ae342997043f602e77b34fc76cafb",
    "url": "https://www.bluewin.ch/en/news/swatch-group-suffers-massive-profit-slump-in-the-first-half-of-the-year-2787621.html",
    "ord_in_thread": 0,
    "author": "blue News",
    "published": "2025-07-17T08:06:00.000+03:00",
    "title": "Watches: Swatch Group suffers massive profit slump in the first half of the year | blue News",
    "text": "Swatch has posted a slump in profits for the first half of the year. (symbolic picture) Keystone The Swatch watch group can look back on another very difficult half-year. Sales fell even more sharply than expected and in the end only a relatively small profit remained.\nKeystone-SDA\n17.07.2025, 07:06\n17.07.2025, 07:12\nSDA",
    "highlightText": "",
    "highlightTitle": "",
    "highlightThreadTitle": "",
    "language": "english",
    "sentiment": "negative",
    "categories": [
        "Economy, Business and Finance",
        "Social Issue",
        "Crime, Law and Justice"
    ],
    "topics": [
        "Economy, Business and Finance->financial and economic news",
        "Economy, Business and Finance->business reporting and performance",
        "Economy, Business and Finance->consumer goods",
        "Social Issue->social condition",
        "Social Issue->poverty"
    ],
    "ai_allow": true,
    "has_canonical": false,
    "breaking": false,
    "webz_reporter": false,
    "external_links": [
        "https://production-livingdocs-bluewin-ch.imgix.net/2025/07/17/3b1b28d3-ab88-4ee8-babd-dcc135060422.jpeg?w=450&auto=format",
        "https://production-livingdocs-bluewin-ch.imgix.net/2025/07/17/3b1b28d3-ab88-4ee8-babd-dcc135060422.jpeg?w=320&auto=format",
        "https://production-livingdocs-bluewin-ch.imgix.net/2025/07/17/3b1b28d3-ab88-4ee8-babd-dcc135060422.jpeg?w=994&auto=format",
        "https://production-livingdocs-bluewin-ch.imgix.net/2025/07/17/3b1b28d3-ab88-4ee8-babd-dcc135060422.jpeg?w=726&auto=format",
        "https://production-livingdocs-bluewin-ch.imgix.net/2025/07/17/3b1b28d3-ab88-4ee8-babd-dcc135060422.jpeg?w=620&auto=format",
        "https://production-livingdocs-bluewin-ch.imgix.net/2025/04/07/df7ac4bc-327b-441a-a82a-b6f27167fbdc.jpeg?rect=0%2C0%2C1600%2C1600&w=994&auto=format",
        "https://www.production-livingdocs-bluewin-ch.imgix.net/2025/07/17/3b1b28d3-ab88-4ee8-babd-dcc135060422.jpeg?w=620&auto=format",
        "https://www.production-livingdocs-bluewin-ch.imgix.net/2025/07/17/3b1b28d3-ab88-4ee8-babd-dcc135060422.jpeg?w=450&auto=format",
        "https://www.production-livingdocs-bluewin-ch.imgix.net/2025/07/17/3b1b28d3-ab88-4ee8-babd-dcc135060422.jpeg?w=726&auto=format",
        "https://www.production-livingdocs-bluewin-ch.imgix.net/2025/07/17/3b1b28d3-ab88-4ee8-babd-dcc135060422.jpeg?w=320&auto=format",
        "https://production-livingdocs-bluewin-ch.imgix.net/2025/07/17/3b1b28d3-ab88-4ee8-babd-dcc135060422.jpeg",
        "https://www.production-livingdocs-bluewin-ch.imgix.net/2025/07/17/3b1b28d3-ab88-4ee8-babd-dcc135060422.jpeg?w=994&auto=format",
        "https://production-livingdocs-bluewin-ch.imgix.net/2025/04/07/df7ac4bc-327b-441a-a82a-b6f27167fbdc.jpeg",
        "https://www.production-livingdocs-bluewin-ch.imgix.net/2025/04/07/df7ac4bc-327b-441a-a82a-b6f27167fbdc.jpeg?rect=0%2C0%2C1600%2C1600&w=994&auto=format"
    ],
    "entities": {
        "persons": [],
        "locations": [],
        "organizations": []
    },
    "syndication": {
        "syndicated": false,
        "syndicate_id": null,
        "first_syndicated": false
    },
    "trust": {
        "categories": [],
        "top_news": [],
        "bias": null,
        "source": {
            "type": null,
            "city": null,
            "state": null,
            "country": null,
            "domain_type": null,
            "agency": null,
            "organization_name": null
        }
    },
    "rating": null,
    "crawled": "2025-07-17T08:16:39.730+03:00",
    "updated": "2025-07-17T05:21:06.000+00:00"
}