{
    "thread": {
        "uuid": "55229e0cadbb6253dc436d37f33626ed9b4b812d",
        "url": "https://www.postcourier.com.pg/pngs-robusta-coffee-dreams-held-back-by-lack-of-lab-space-and-research01/",
        "site_full": "www.postcourier.com.pg",
        "site": "postcourier.com.pg",
        "site_section": "https://www.golf.einnews.com/live_feed",
        "site_categories": [],
        "section_title": "Live Feed Wire - Golf News Today - EIN Presswire",
        "site_title": "Homepage - Post Courier",
        "title": "PNG's Robusta Coffee dreams held back by lack of lab space and research",
        "title_full": "PNG's Robusta Coffee dreams held back by lack of lab space and research",
        "published": "2025-07-17T07:08:00.000+03:00",
        "replies_count": 0,
        "participants_count": 1,
        "site_type": "news",
        "country": "AU",
        "main_image": "https://www.postcourier.com.pg/wp-content/uploads/2025/07/Backend-sesh-2024-copy-2-Recovered-Recovered-Recovered-Recovered-Recovered-Recovered-Recovered-Recovered-Recovered-Recoveredagriculture.jpg",
        "performance_score": 0,
        "domain_rank": 57018,
        "domain_rank_updated": "2025-06-03T00:00:00.000+03:00",
        "licensing_agency": [],
        "social": {
            "facebook": {
                "likes": 0,
                "comments": 0,
                "shares": 0
            },
            "vk": {
                "shares": 0
            }
        }
    },
    "uuid": "55229e0cadbb6253dc436d37f33626ed9b4b812d",
    "url": "https://www.postcourier.com.pg/pngs-robusta-coffee-dreams-held-back-by-lack-of-lab-space-and-research01/",
    "ord_in_thread": 0,
    "author": "Martha Louis - PC Online Contributor",
    "published": "2025-07-17T07:08:00.000+03:00",
    "title": "PNG's Robusta Coffee dreams held back by lack of lab space and research",
    "text": "Papua New Guinea’s push to grow more robusta coffee is hitting a wall — there’s not enough lab space and not enough science behind it.\nThat’s the warning from the Coffee Industry Corporation (CIC), which says more research is needed to understand how robusta trees grow and perform in different parts of the country.\nAt a meeting at Omuru Research Station, CIC officers said they still don’t know enough about the plant’s genetics and how it responds to PNG’s changing climate.\nThey also raised concerns about the small lab at Omuru. It’s too cramped for proper scientific work, including new techniques now used to speed up robusta seedling growth.\n“We can’t move forward without better science,” said CIC chief executive Charles Dambui. “This lab is not enough. We need more space, better tools, and the right people.”\nDambui said robusta could do well in PNG’s warmer lowland areas and is gaining attention from overseas buyers, especially in China. But if PNG wants to keep up with demand and enter global markets, it has to act fast.\nHe called on the government and partners to invest in research, saying strong science is key to growing the industry and supporting local farmers.",
    "highlightText": "",
    "highlightTitle": "",
    "highlightThreadTitle": "",
    "language": "english",
    "sentiment": "negative",
    "categories": [
        "Economy, Business and Finance",
        "Social Issue",
        "Environment"
    ],
    "topics": [
        "Economy, Business and Finance->business and market analysis",
        "Economy, Business and Finance->agriculture",
        "Social Issue->social problem",
        "Social Issue->demographics",
        "Social Issue->poverty",
        "Environment->energy resources",
        "Environment->sustainability",
        "Environment->natural resources"
    ],
    "ai_allow": true,
    "has_canonical": false,
    "breaking": false,
    "webz_reporter": false,
    "external_links": [],
    "entities": {
        "persons": [
            {
                "name": "Charles Dambui",
                "sentiment": "none"
            }
        ],
        "locations": [],
        "organizations": [
            {
                "name": "Coffee Industry Corporation",
                "sentiment": "none",
                "tickers": []
            },
            {
                "name": "Omuru Research Station",
                "sentiment": "none",
                "tickers": []
            },
            {
                "name": "PNG",
                "sentiment": "none",
                "tickers": []
            },
            {
                "name": "CIC",
                "sentiment": "none",
                "tickers": []
            }
        ]
    },
    "syndication": {
        "syndicated": false,
        "syndicate_id": null,
        "first_syndicated": false
    },
    "trust": {
        "categories": [],
        "top_news": [],
        "bias": null,
        "source": {
            "type": null,
            "city": null,
            "state": null,
            "country": null,
            "domain_type": null,
            "agency": null,
            "organization_name": null
        }
    },
    "rating": null,
    "crawled": "2025-07-17T07:58:49.192+03:00",
    "updated": "2025-07-17T05:04:47.000+00:00"
}