{
    "thread": {
        "uuid": "5dd2c65a3657b0771d001c094cbddb6bc162fbab",
        "url": "https://in.marketscreener.com/news/latest/European-real-estate-stuck-in-zombieland-as-recovery-proves-elusive-50529969/",
        "site_full": "in.marketscreener.com",
        "site": "marketscreener.com",
        "site_section": "http://in.marketscreener.com",
        "site_categories": [],
        "section_title": "MarketScreener India - Stock Market Today : Share Prices and News",
        "site_title": "Stock Market Today : Reports, Quotes and News - MarketScreener",
        "title": "European real estate stuck in 'zombieland' as recovery proves elusive | MarketScreener India",
        "title_full": "European real estate stuck in 'zombieland' as recovery proves elusive | MarketScreener India",
        "published": "2025-07-17T08:01:00.000+03:00",
        "replies_count": 0,
        "participants_count": 1,
        "site_type": "news",
        "country": "IN",
        "main_image": "https://cdn.zonebourse.com/static/resize/0/0//images/reuters/2025-07/2025-07-17T050224Z_1_LYNXMPEL6G046_RTROPTP_4_EUROPE-REALESTATE.JPG",
        "performance_score": 0,
        "domain_rank": 3601,
        "domain_rank_updated": "2025-06-03T00:00:00.000+03:00",
        "licensing_agency": [],
        "social": {
            "facebook": {
                "likes": 0,
                "comments": 0,
                "shares": 0
            },
            "vk": {
                "shares": 0
            }
        }
    },
    "uuid": "5dd2c65a3657b0771d001c094cbddb6bc162fbab",
    "url": "https://in.marketscreener.com/news/latest/European-real-estate-stuck-in-zombieland-as-recovery-proves-elusive-50529969/",
    "ord_in_thread": 0,
    "author": "Reuters",
    "published": "2025-07-17T08:01:00.000+03:00",
    "title": "European real estate stuck in 'zombieland' as recovery proves elusive | MarketScreener India",
    "text": "LONDON/FRANKFURT (Reuters) -Europe's commercial real estate market is defying expectations of a recovery as investor caution pins property sales to near-decade lows.\nSome investors and banks, recognising that the outlook remains weak, are even beginning to step in to offload or restructure distressed assets, one executive said, though they added that an \"extend and pretend\" approach to bad debts is still commonplace.\nIt is a marked change in mood from the beginning of 2025 when there were hopes for an end to a three-year pandemic-induced downturn, but unpredictable U.S. trade policy, the promise of stronger returns in other private markets and a refusal by sellers to recognise lower prices have hit activity.\nYear-on-year commercial property sales in Europe were flat in the first quarter of 2025 at 47.8 billion euros ($55.6 billion), less than half the level of three years earlier, according to the latest revised MSCI data.\n Early indicators suggest a poor second quarter - cross-border investment into property in Europe, the Middle East and Africa fell about a fifth from a year earlier to 17.2 billion euros, the worst April-June period in a decade, property agency Knight Frank said, citing preliminary MSCI data.\nSluggish sales have affected most sectors including hard-hit offices and even data centres, a previous bright spot, although the under-supplied rental housing market continues to attract interest.\n \"We have 'zombieland' ... no recovery, stranded assets, no liquidity coming back,\" said Sebastiano Ferrante, head of European real estate at U.S. fund giant PGIM.\nWhile logistics and hotels also presented buying opportunities, out-of-town offices and old shopping malls are among assets struggling to find buyers, Ferrante added.\nCanada's Brookfield asked bondholders to approve the restructuring of a loan secured against its London CityPoint office tower in April, according to a regulatory filing, after shelving a sale when bids fell short of its expectations.\nIn Germany, one of the country's most prominent property casualties - the Trianon skyscraper in Frankfurt - has been put up for sale by its administrator, Reuters reported last week, in a rare test of the fragile German market.\nThere is also fierce competition for funds from other private markets such as credit.\nPrivate credit funds in Europe raised $39.9 billion in the first half of 2025, nearly double the $20.6 billion for real estate funds, according to Preqin data.\nHowever, both were on track to top their 2024 totals, with property already ahead of last year's poor tally.\nSurvey data nonetheless points to ongoing caution. Investor sentiment towards European real estate fell to its lowest in over a year in June, according to trade body INREV, mirroring the U.S. market, where sentiment has also soured this year.\n\"In some parts of the market the recovery is well under way... However there are out of favour assets and sectors where there is almost no liquidity and more pain to come,\" said Cecile Retaureau, head of private markets at the investment arm of insurer Phoenix.\nGermany, Europe's largest economy, has been particularly hard hit by the property slump, with sales down another 2% in the first half of this year, according to data from CBRE.\n\"Transaction volumes will not jump. It will not kickstart in a very dynamic way,\" said Konstantin Kortmann, CEO of property agency JLL in Germany, who expects a gradual recovery.\nWhile still-high interest rates mean property investors have to be selective to make money, the prospect of international cash shifting to Europe from the volatile U.S. market could help, the property executives said.\nAt least two of PGIM's German clients have cancelled planned property investments in the United States, reprioritising Europe and Asia, Ferrante said.\n($1 = 0.8602 euros)\n(Reporting by Iain Withers in London and Tom Sims and John O'Donnell in Frankfurt, Editing by Tommy Reggiori Wilkes, Kirsten Donovan)\nBy Iain Withers, Tom Sims and John O'Donnell\n© Reuters - 2025",
    "highlightText": "",
    "highlightTitle": "",
    "highlightThreadTitle": "",
    "language": "english",
    "sentiment": "negative",
    "categories": [
        "Economy, Business and Finance",
        "Social Issue",
        "Human Interest"
    ],
    "topics": [
        "Economy, Business and Finance->financial and economic news",
        "Economy, Business and Finance->construction and property",
        "Social Issue->demographics",
        "Social Issue->social problem",
        "Social Issue->social condition"
    ],
    "ai_allow": true,
    "has_canonical": false,
    "breaking": false,
    "webz_reporter": false,
    "external_links": [
        "https://www.linkedin.com/shareArticle?mini=true&url=https%3A%2F%2Fwww.marketscreener.com%2Fnews%2Flatest%2FEuropean-real-estate-stuck-in-zombieland-as-recovery-proves-elusive-50529969%2F%3Futm_source%3Dlinkedin%26utm_medium%3Dsocial%26utm_campaign%3Dshare&title=European",
        "https://x.com/intent/tweet?text=European",
        "https://telegram.me/share/url?url=https%3A%2F%2Fwww.marketscreener.com%2Fnews%2Flatest%2FEuropean-real-estate-stuck-in-zombieland-as-recovery-proves-elusive-50529969%2F%3Futm_source%3Dtelegram%26utm_medium%3Dsocial%26utm_campaign%3Dshare",
        "https://wa.me/?text=https%3A%2F%2Fwww.marketscreener.com%2Fnews%2Flatest%2FEuropean-real-estate-stuck-in-zombieland-as-recovery-proves-elusive-50529969%2F%3Futm_source%3Dwhatsapp%26utm_medium%3Dsocial%26utm_campaign%3Dshare",
        "https://cdn.zonebourse.com/static/resize/768/432//images/reuters/2025-07/2025-07-17T050224Z_1_LYNXMPEL6G046_RTROPTP_4_EUROPE-REALESTATE.JPG",
        "https://www.facebook.com/sharer/sharer.php?u=https%3A%2F%2Fwww.marketscreener.com%2Fnews%2Flatest%2FEuropean-real-estate-stuck-in-zombieland-as-recovery-proves-elusive-50529969%2F%3Futm_source%3Dfacebook%26utm_medium%3Dsocial%26utm_campaign%3Dshare",
        "https://wa.me/",
        "https://x.com/intent/tweet",
        "https://telegram.me/share/url",
        "https://www.x.com/intent/tweet?text=European",
        "https://www.cdn.zonebourse.com/static/resize/768/432//images/reuters/2025-07/2025-07-17T050224Z_1_LYNXMPEL6G046_RTROPTP_4_EUROPE-REALESTATE.JPG",
        "https://linkedin.com/shareArticle?mini=true&url=https%3A%2F%2Fwww.marketscreener.com%2Fnews%2Flatest%2FEuropean-real-estate-stuck-in-zombieland-as-recovery-proves-elusive-50529969%2F%3Futm_source%3Dlinkedin%26utm_medium%3Dsocial%26utm_campaign%3Dshare&title=European",
        "https://www.facebook.com/sharer/sharer.php",
        "https://www.linkedin.com/shareArticle",
        "https://www.wa.me/?text=https%3A%2F%2Fwww.marketscreener.com%2Fnews%2Flatest%2FEuropean-real-estate-stuck-in-zombieland-as-recovery-proves-elusive-50529969%2F%3Futm_source%3Dwhatsapp%26utm_medium%3Dsocial%26utm_campaign%3Dshare",
        "https://facebook.com/sharer/sharer.php?u=https%3A%2F%2Fwww.marketscreener.com%2Fnews%2Flatest%2FEuropean-real-estate-stuck-in-zombieland-as-recovery-proves-elusive-50529969%2F%3Futm_source%3Dfacebook%26utm_medium%3Dsocial%26utm_campaign%3Dshare",
        "https://www.telegram.me/share/url?url=https%3A%2F%2Fwww.marketscreener.com%2Fnews%2Flatest%2FEuropean-real-estate-stuck-in-zombieland-as-recovery-proves-elusive-50529969%2F%3Futm_source%3Dtelegram%26utm_medium%3Dsocial%26utm_campaign%3Dshare"
    ],
    "entities": {
        "persons": [],
        "locations": [
            {
                "name": "Middle East",
                "sentiment": "none"
            },
            {
                "name": "Europe",
                "sentiment": "none"
            }
        ],
        "organizations": [
            {
                "name": "Reuters",
                "sentiment": "negative",
                "tickers": [
                    {
                        "ticker": "TRI",
                        "exchange": "NASDAQ"
                    }
                ]
            }
        ]
    },
    "syndication": {
        "syndicated": false,
        "syndicate_id": "5dd2c65a3657b0771d001c094cbddb6bc162fbab",
        "first_syndicated": true
    },
    "trust": {
        "categories": [],
        "top_news": [],
        "bias": null,
        "source": {
            "type": null,
            "city": null,
            "state": null,
            "country": null,
            "domain_type": null,
            "agency": null,
            "organization_name": null
        }
    },
    "rating": null,
    "crawled": "2025-07-17T08:06:15.105+03:00",
    "updated": "2025-07-17T05:08:50.000+00:00"
}