{
    "thread": {
        "uuid": "70bbcc462efb592884bed6d6ed80f8bc7fe7ef1d",
        "url": "https://www.independent.ie/business/technology/survey-reveals-that-29pc-of-large-irish-firms-were-forced-to-pay-a-cyber-ransom-last-year/a985285969.html",
        "site_full": "www.independent.ie",
        "site": "independent.ie",
        "site_section": "https://www.independent.ie/business/rss",
        "site_categories": [
            "media",
            "rugby",
            "sports",
            "top_news_ie",
            "top_news"
        ],
        "section_title": "Irish Independent : Business",
        "site_title": "Irish Independent",
        "title": "Survey reveals that 29pc of large Irish firms were forced to pay a cyber ransom last year",
        "title_full": "Survey reveals that 29pc of large Irish firms were forced to pay a cyber ransom last year",
        "published": "2025-07-17T07:30:00.000+03:00",
        "replies_count": 0,
        "participants_count": 1,
        "site_type": "news",
        "country": "IE",
        "main_image": "https://focus.independent.ie/thumbor/uB_UZIHexNzZ_j27TghhPxNYFdE=/0x160:1725x1310/629x0/prod-mh-ireland/df19fc36-6eb0-408a-96a8-9ec80f377d5f/c6faaf59-8c34-4bf2-a9d2-2cc676ee9ed2/df19fc36-6eb0-408a-96a8-9ec80f377d5f.jpg",
        "performance_score": 0,
        "domain_rank": 1799,
        "domain_rank_updated": "2025-06-03T00:00:00.000+03:00",
        "licensing_agency": [],
        "social": {
            "facebook": {
                "likes": 0,
                "comments": 0,
                "shares": 0
            },
            "vk": {
                "shares": 0
            }
        }
    },
    "uuid": "70bbcc462efb592884bed6d6ed80f8bc7fe7ef1d",
    "url": "https://www.independent.ie/business/technology/survey-reveals-that-29pc-of-large-irish-firms-were-forced-to-pay-a-cyber-ransom-last-year/a985285969.html",
    "ord_in_thread": 0,
    "author": "Adrian Weckler",
    "published": "2025-07-17T07:30:00.000+03:00",
    "title": "Survey reveals that 29pc of large Irish firms were forced to pay a cyber ransom last year",
    "text": "Survey reveals that 29pc of large Irish firms were forced to pay a cyber ransom last year\nA fifth of companies reserve an average of €2.7m for future cyber attacks\nThe average ransomware payment among large Irish businesses has risen to €683,000, according to a new survey of 200 Irish-based enterprises.\nThe research, conducted by Expleo, also claims that 29pc of big firms paid at least one cyber ransom last year – and that a fifth of companies reserve an average of €2.7m for future cyber attacks.\nJoin the Irish Independent WhatsApp channel\nStay up to date with all the latest news",
    "highlightText": "",
    "highlightTitle": "",
    "highlightThreadTitle": "",
    "language": "english",
    "sentiment": "negative",
    "categories": [
        "Economy, Business and Finance"
    ],
    "topics": [
        "Economy, Business and Finance->business financing",
        "Economy, Business and Finance->financial service"
    ],
    "ai_allow": true,
    "has_canonical": false,
    "breaking": true,
    "webz_reporter": false,
    "external_links": [
        "https://www.whatsapp.com/channel/0029VaEoLtFIt5rzvz2Vd22O",
        "https://whatsapp.com/channel/0029VaEoLtFIt5rzvz2Vd22O"
    ],
    "entities": {
        "persons": [],
        "locations": [],
        "organizations": []
    },
    "syndication": {
        "syndicated": false,
        "syndicate_id": null,
        "first_syndicated": false
    },
    "trust": {
        "categories": [],
        "top_news": [
            "top_news_ie",
            "top_news"
        ],
        "bias": "center",
        "source": {
            "type": null,
            "city": null,
            "state": null,
            "country": null,
            "domain_type": null,
            "agency": null,
            "organization_name": null
        }
    },
    "rating": null,
    "crawled": "2025-07-17T07:37:34.612+03:00",
    "updated": "2025-07-18T05:06:55.000+00:00"
}