{
    "thread": {
        "uuid": "d7dbb21f1b428c2016bb0158159f057f07900f67",
        "url": "https://www.mitrade.com/insights/news/live-news/article-2-965338-20250717",
        "site_full": "www.mitrade.com",
        "site": "mitrade.com",
        "site_section": "https://www.mitrade.com/insights/crypto-analysis",
        "site_categories": [],
        "section_title": "Mitrade&#x27;s Analysis of Crypto News",
        "site_title": "Mitrade | Trade Forex, Gold, Oil, Indices, Shares &amp; More on Our Award-Winning Platform",
        "title": "India Gold price today: Gold falls, according to FXStreet data",
        "title_full": "India Gold price today: Gold falls, according to FXStreet data",
        "published": "2025-07-17T07:37:00.000+03:00",
        "replies_count": 0,
        "participants_count": 1,
        "site_type": "news",
        "country": "TW",
        "main_image": "",
        "performance_score": 0,
        "domain_rank": 47154,
        "domain_rank_updated": "2025-06-03T00:00:00.000+03:00",
        "licensing_agency": [],
        "social": {
            "facebook": {
                "likes": 0,
                "comments": 0,
                "shares": 0
            },
            "vk": {
                "shares": 0
            }
        }
    },
    "uuid": "d7dbb21f1b428c2016bb0158159f057f07900f67",
    "url": "https://www.mitrade.com/insights/news/live-news/article-2-965338-20250717",
    "ord_in_thread": 0,
    "author": "Fxstreet",
    "published": "2025-07-17T07:37:00.000+03:00",
    "title": "India Gold price today: Gold falls, according to FXStreet data",
    "text": "Gold prices fell in India on Thursday, according to data compiled by FXStreet.\nThe price for Gold stood at 9,221.16 Indian Rupees (INR) per gram, down compared with the INR 9,237.28 it cost on Wednesday.\nThe price for Gold decreased to INR 107,553.80 per tola from INR 107,743.10 per tola a day earlier.\nUnit measure | Gold Price in INR |\n---|---|\n1 Gram | 9,221.16 |\n10 Grams | 92,211.62 |\nTola | 107,553.80 |\nTroy Ounce | 286,807.10 |\nGold price continued to trade sideways, capped by the $3,300-$3,380 range on Wednesday. Bullion’s spike happened on reports of Powell’s firing. Bloomberg revealed that “A White House official, speaking on the condition of anonymity earlier Wednesday, said they expected Trump to move soon against the Fed chief. That was also the impression of some lawmakers following a Tuesday evening meeting, where Trump polled them on the possibility of moving against Powell.”\nWhen asked on Wednesday, Trump said that while “it’s highly unlikely,” he could still see removing the Fed chair for “fraud.”\nThe US Produce Price Index (PPI) in June dipped from 2.6% to 2.3% YoY, below estimates of 2.5%. Excluding volatile items, PPI cooled from 3% to 2.6%, below forecasts of 2.7%.\nAlthough factory inflation eased, the latest consumer inflation report in the US showed that prices jumped in June and are closing in on the 3% threshold, far from the Fed’s 2% goal.\nUS Treasury yields dipped on Wednesday, with the US 10-year Treasury yield, which usually correlates negatively with Gold, falling three basis points (bps) to 4.459%.\nInterest rate probability indicates that the Federal Reserve will maintain its current rates, with odds standing at 95% for a hold and 5% for a 25-basis-point rate cut at the July 30 meeting. Money markets had priced in less than 50 basis points (bps) of easing, with investors pricing in over 46 bps of rate cuts toward the end of the year.\nUS President Trump stated that another deal with India is forthcoming. He added that they would deal with Japan with the tariffs letter. He announced on Tuesday that the US reached an agreement with Indonesia, in which the latter will pay 19% tariffs, while US producers will pay 0%.\nFXStreet calculates Gold prices in India by adapting international prices (USD/INR) to the local currency and measurement units. Prices are updated daily based on the market rates taken at the time of publication. Prices are just for reference and local rates could diverge slightly.\nGold has played a key role in human’s history as it has been widely used as a store of value and medium of exchange. Currently, apart from its shine and usage for jewelry, the precious metal is widely seen as a safe-haven asset, meaning that it is considered a good investment during turbulent times. Gold is also widely seen as a hedge against inflation and against depreciating currencies as it doesn’t rely on any specific issuer or government.\nCentral banks are the biggest Gold holders. In their aim to support their currencies in turbulent times, central banks tend to diversify their reserves and buy Gold to improve the perceived strength of the economy and the currency. High Gold reserves can be a source of trust for a country’s solvency. Central banks added 1,136 tonnes of Gold worth around $70 billion to their reserves in 2022, according to data from the World Gold Council. This is the highest yearly purchase since records began. Central banks from emerging economies such as China, India and Turkey are quickly increasing their Gold reserves.\nGold has an inverse correlation with the US Dollar and US Treasuries, which are both major reserve and safe-haven assets. When the Dollar depreciates, Gold tends to rise, enabling investors and central banks to diversify their assets in turbulent times. Gold is also inversely correlated with risk assets. A rally in the stock market tends to weaken Gold price, while sell-offs in riskier markets tend to favor the precious metal.\nThe price can move due to a wide range of factors. Geopolitical instability or fears of a deep recession can quickly make Gold price escalate due to its safe-haven status. As a yield-less asset, Gold tends to rise with lower interest rates, while higher cost of money usually weighs down on the yellow metal. Still, most moves depend on how the US Dollar (USD) behaves as the asset is priced in dollars (XAU/USD). A strong Dollar tends to keep the price of Gold controlled, whereas a weaker Dollar is likely to push Gold prices up.\n(An automation tool was used in creating this post.)",
    "highlightText": "",
    "highlightTitle": "",
    "highlightThreadTitle": "",
    "language": "english",
    "sentiment": "negative",
    "categories": [
        "Economy, Business and Finance",
        "Social Issue",
        "Human Interest"
    ],
    "topics": [
        "Economy, Business and Finance->financial and economic news",
        "Economy, Business and Finance->commodity market",
        "Economy, Business and Finance->foreign exchange market",
        "Social Issue->demographics",
        "Social Issue->social condition"
    ],
    "ai_allow": true,
    "has_canonical": false,
    "breaking": false,
    "webz_reporter": false,
    "external_links": [],
    "entities": {
        "persons": [
            {
                "name": "Powell",
                "sentiment": "none"
            },
            {
                "name": "Trump",
                "sentiment": "none"
            }
        ],
        "locations": [],
        "organizations": [
            {
                "name": "Fed",
                "sentiment": "none",
                "tickers": []
            }
        ]
    },
    "syndication": {
        "syndicated": false,
        "syndicate_id": null,
        "first_syndicated": false
    },
    "trust": {
        "categories": [],
        "top_news": [],
        "bias": null,
        "source": {
            "type": null,
            "city": null,
            "state": null,
            "country": null,
            "domain_type": null,
            "agency": null,
            "organization_name": null
        }
    },
    "rating": null,
    "crawled": "2025-07-17T08:06:49.473+03:00",
    "updated": "2025-07-17T05:10:52.000+00:00"
}