{
    "thread": {
        "uuid": "a80db55eddb8c0ddbfcb5d2de3353bd3e86303c7",
        "url": "https://thebrunswicknews.com/news/national_news/senate-democrats-play-hardball-won-t-advance-house-stopgap/article_c2f8502b-d124-51df-8ae4-c5db0c9a47e3.html",
        "site_full": "thebrunswicknews.com",
        "site": "thebrunswicknews.com",
        "site_section": "http://www.thebrunswicknews.com/",
        "site_categories": [
            "media"
        ],
        "section_title": "The News | The Voice of the Golden Isles | Voice of the Golden Isles",
        "site_title": null,
        "title": "Senate Democrats play hardball, won't advance House stopgap | News | thebrunswicknews.com",
        "title_full": "Senate Democrats play hardball, won't advance House stopgap | News | thebrunswicknews.com",
        "published": "2025-03-13T00:18:00.000+02:00",
        "replies_count": 0,
        "participants_count": 1,
        "site_type": "news",
        "country": "US",
        "main_image": "https://bloximages.chicago2.vip.townnews.com/thebrunswicknews.com/content/tncms/assets/v3/editorial/6/e1/6e10462c-37be-546c-88be-9b3e0af28ae1/67d20974d9871.image.jpg?crop=1763%2C926%2C0%2C124&amp;resize=1200%2C630&amp;order=crop%2Cresize",
        "performance_score": 0,
        "domain_rank": 32093,
        "domain_rank_updated": "2025-03-10T23:00:00.000+02:00",
        "social": {
            "facebook": {
                "likes": 0,
                "comments": 0,
                "shares": 0
            },
            "vk": {
                "shares": 0
            }
        }
    },
    "uuid": "a80db55eddb8c0ddbfcb5d2de3353bd3e86303c7",
    "url": "https://thebrunswicknews.com/news/national_news/senate-democrats-play-hardball-won-t-advance-house-stopgap/article_c2f8502b-d124-51df-8ae4-c5db0c9a47e3.html",
    "ord_in_thread": 0,
    "parent_url": null,
    "author": "David Lerman, CQ-Roll Call",
    "published": "2025-03-13T00:18:00.000+02:00",
    "title": "Senate Democrats play hardball, won't advance House stopgap | News | thebrunswicknews.com",
    "text": "WASHINGTON — Senate Democrats are digging in for a fight on a House-passed stopgap funding measure that is needed by Friday night to avoid a partial government shutdown.\nAfter a closed-door caucus lunch, Minority Leader Charles E. Schumer, D-N.Y., announced that Democrats would fight for a one-month funding extension that would allow time for Congress to finish full-year appropriations bills.",
    "highlightText": "",
    "highlightTitle": "",
    "highlightThreadTitle": "",
    "language": "english",
    "sentiment": "negative",
    "categories": [
        "Politics",
        "Economy, Business and Finance"
    ],
    "topics": [
        "Politics->political process",
        "Politics->national government",
        "Politics->government",
        "Economy, Business and Finance->financial and economic news",
        "Economy, Business and Finance->business governance"
    ],
    "ai_allow": false,
    "has_canonical": true,
    "breaking": false,
    "webz_reporter": false,
    "external_links": [],
    "external_images": [],
    "entities": {
        "persons": [],
        "locations": [],
        "organizations": []
    },
    "syndication": {
        "syndicated": false,
        "syndicate_id": null,
        "first_syndicated": false
    },
    "trust": null,
    "rating": null,
    "crawled": "2025-03-13T00:43:45.175+02:00",
    "updated": "2025-03-13T00:43:45.175+02:00"
}