{
    "thread": {
        "uuid": "a8bf14b51d587dc21f3bd8df9a1bf017cd8aca61",
        "url": "https://local.newsbreak.com/fox-32-chicago-287734257/3853230897736-president-trump-s-25-tariff-on-steel-aluminum-prompts-retaliation-from-allies",
        "site_full": "local.newsbreak.com",
        "site": "newsbreak.com",
        "site_section": "https://local.newsbreak.com/fox-32-chicago-287734257",
        "site_categories": [],
        "section_title": "FOX 32 Chicago&#x27;s Home Page | NewsBreak",
        "site_title": null,
        "title": "President Trump's 25% tariff on steel, aluminum prompts retaliation from allies - NewsBreak",
        "title_full": "President Trump's 25% tariff on steel, aluminum prompts retaliation from allies - NewsBreak",
        "published": "2025-03-13T00:17:00.000+02:00",
        "replies_count": 0,
        "participants_count": 0,
        "site_type": "news",
        "country": "US",
        "main_image": "https://img.particlenews.com/img/id/1fBHwK_0zdbbVtA00",
        "performance_score": 0,
        "domain_rank": 3250,
        "domain_rank_updated": "2025-03-10T23:00:00.000+02:00",
        "social": {
            "facebook": {
                "likes": 0,
                "comments": 0,
                "shares": 0
            },
            "vk": {
                "shares": 0
            }
        }
    },
    "uuid": "a8bf14b51d587dc21f3bd8df9a1bf017cd8aca61",
    "url": "https://local.newsbreak.com/fox-32-chicago-287734257/3853230897736-president-trump-s-25-tariff-on-steel-aluminum-prompts-retaliation-from-allies",
    "ord_in_thread": 0,
    "parent_url": null,
    "author": null,
    "published": "2025-03-13T00:17:00.000+02:00",
    "title": "President Trump's 25% tariff on steel, aluminum prompts retaliation from allies - NewsBreak",
    "text": "Open in NewsBreak\n|\nSign in\nChoose your location\nSee all locations\nSign In\nAbout NewsBreak\nPartner with us\nFollow us\n©2024 NewsBreak. All Rights Reserved.\nChicago, Illinois\n· 39 minutes ago\nFOX 32 Chicago\nPresident Trump's 25% tariff on steel, aluminum prompts retaliation from allies\n0\n0\nShare\nComments\nPost\nCommunity Policy\nYou may also like\nCBS News\n28 ·\n5 days ago\nCBS News\n110 ·\n7 days ago\nCBS News\n344 ·\n1 day ago\nFOX 32 Chicago\n26 ·\n5 hours ago\nCBS News\n1 ·\n9 hours ago\nWITN\n181 ·\n1 day ago\nKENS 5 Eyewitness News\n7 ·\nlast hour\nComments\n/\nClose\nCommunity Policy",
    "highlightText": "",
    "highlightTitle": "",
    "highlightThreadTitle": "",
    "language": "english",
    "sentiment": "negative",
    "categories": [
        "Economy, Business and Finance",
        "Politics",
        "War, Conflict and Unrest"
    ],
    "topics": [
        "Economy, Business and Finance->financial and economic news",
        "Economy, Business and Finance->market and exchange",
        "Economy, Business and Finance->business strategy and marketing",
        "Politics->government",
        "Politics->international relations",
        "Politics->economic policy",
        "War, Conflict and Unrest->civil unrest"
    ],
    "ai_allow": true,
    "has_canonical": false,
    "breaking": false,
    "webz_reporter": false,
    "external_links": [],
    "external_images": [],
    "entities": {
        "persons": [
            {
                "name": "Trump",
                "sentiment": "negative"
            }
        ],
        "locations": [],
        "organizations": [
            {
                "name": "CBS News",
                "sentiment": "none",
                "tickers": []
            }
        ]
    },
    "syndication": {
        "syndicated": false,
        "syndicate_id": null,
        "first_syndicated": false
    },
    "trust": null,
    "rating": null,
    "crawled": "2025-03-13T00:57:27.879+02:00",
    "updated": "2025-03-13T00:57:27.879+02:00"
}