{
    "thread": {
        "uuid": "44f3205808e7f996333709f66f38697a04321848",
        "url": "https://baynews9.com/fl/tampa/politics/2025/03/12/house-democrats-urge-senate-counterparts-to-hold-the-line--reject-gop-led-funding-bill",
        "site_full": "baynews9.com",
        "site": "baynews9.com",
        "site_section": "https://world.einnews.com/ajax/headlines",
        "site_categories": [
            "media"
        ],
        "section_title": "",
        "site_title": null,
        "title": "House Dems urge Senate counterparts to reject funding bill",
        "title_full": "House Dems urge Senate counterparts to reject funding bill",
        "published": "2025-03-13T00:36:00.000+02:00",
        "replies_count": 0,
        "participants_count": 1,
        "site_type": "news",
        "country": "US",
        "main_image": "https://s7d2.scene7.com/is/image/TWCNews/Capitol_Washington_DC_AP_CA_Government_Shutdown",
        "performance_score": 0,
        "domain_rank": 11801,
        "domain_rank_updated": "2025-03-10T23:00:00.000+02:00",
        "social": {
            "facebook": {
                "likes": 0,
                "comments": 0,
                "shares": 0
            },
            "vk": {
                "shares": 0
            }
        }
    },
    "uuid": "44f3205808e7f996333709f66f38697a04321848",
    "url": "https://baynews9.com/fl/tampa/politics/2025/03/12/house-democrats-urge-senate-counterparts-to-hold-the-line--reject-gop-led-funding-bill",
    "ord_in_thread": 0,
    "parent_url": null,
    "author": "Cassie Semyon",
    "published": "2025-03-13T00:36:00.000+02:00",
    "title": "House Dems urge Senate counterparts to reject funding bill",
    "text": "In Washington, Senate Democrats are facing a difficult decision: defeat a House Republican spending plan and allow a government shutdown to take effect this weekend, or allow it to pass and give President Donald Trump a free hand to continue his deep staffing cuts across federal agencies.\n“I'm worried that the Senate will just roll over. I hope that's not the case,” Rep. Mike Levin said in an interview with Spectrum News. “Hopefully they understand the CR gives carte blanche to DOGE, to the administration to keep working through Elon Musk to cut whatever they want.”\nLevin and many of his fellow Democrats are urging their colleagues across the building to stay the course, with many California Democrats pointing out the stop-gap measure has no wildfire assistance, something they say their constituents desperately need.\nWhat You Need To Know Congress appears to be inching toward a government shutdown after Sen. Chuck Schumer announced Wednesday that there were not enough Senate Democrats to pass the Republican-led stop-gap measure passed by the House\nThe House narrowly passed a government funding measure Tuesday mostly along party lines, with one Democrat, Rep. Jared Golden, D-Maine, supporting the bill and one Republican, Rep. Thomas Massie, R-Ky., voting against it\nHouse Democrats are encouraging their Senate counterparts to hold the line and vote to reject the measure “It's an awful bill. It's going to hurt my constituents, it's going to hurt California. It doesn't have a dime of money for fire relief in it. I would expect Democrats in the Senate to do what Democrats in the House did and show a united front and reject this terrible bill,” Rep. Laura Friedman said.\nRepublicans have called this a “clean CR,” a bill which maintains spending at current levels. Democrats argue this bill is not “clean” because while it largely maintains spending at current levels, it includes a $6 billion increase for the Pentagon and a $13 billion cut in domestic spending. All but one House Democrat voted against the bill Tuesday because they argue the bill would do nothing to reign in Trump and his ally Musk from continuing to slash funding across federal agencies.\nIt also does not include protections for Social Security, Medicare or Medicaid, a nonstarter for most Democrats. House Minority Whip Katherine Clark, D-Mass. went as far to say yesterday that if protections for those three programs had been in the legislation, Democrats would have backed it. Instead, she argued that the stop-gap measure was “a blank check to [the U.S. Doge Service] to keep on DOGE-ing and taking a chainsaw to the very programs that American families are saying they want us to protect.”\nThe Senate would need eight Democrats to cross party lines and vote in favor of the measure to advance the bill to the president’s desk. On Wednesday, both of California’s Democratic Sens. Adam Schiff and Alex Padilla announced they would not support the measure, and a short while later Senate Minority Leader Chuck Schumer, D-N.Y., announced there were not enough Democrats to get the bill across the finish line.\n“Funding the government should be a bipartisan effort, but Republicans chose a partisan path, drafting their continuing resolution without any input, any input from congressional Democrats. Because of that, Republicans do not have the votes in the Senate to invoke cloture on the House CR,” Schumer said on the Senate floor Wednesday. “Our caucus is unified on a clean April 11th CR that will keep the government open and give Congress time to negotiate bipartisan legislation that can pass. We should vote on that. I hope, I hope, our Republican colleagues will join us to avoid a shutdown on Friday.”\nWith the House out of session until later this month, it puts the government closer to a shutdown. Republican Conference Chair Lisa McClain telling reporters Tuesday before the House left town that the chamber had done its job, and now it was up to the Senate.\n“If the Democrats want to shut the government down, then let them shut the government down. This can be a Schumer shutdown. That's up to them,” she said.\n“The Republicans control the executive branch, the Republicans control Congress. Any shutdown is on them because they were unwilling to come to the table and, in good faith, negotiate a bipartisan spending deal,” countered Friedman.\nSen. John Fetterman, D-Pa., said he would vote in favor of the bill, chiding his own party for putting the country one step closer to a shutdown.\n“I am unwilling to vote to shut the government down,” Fetterman said. “It wasn’t that long ago that we were scolding Republicans who were threatening to shut the government down.”\nCongress has until midnight Friday to pass legislation to avoid a government shutdown.",
    "highlightText": "",
    "highlightTitle": "",
    "highlightThreadTitle": "",
    "language": "english",
    "sentiment": "negative",
    "categories": [
        "Politics",
        "Economy, Business and Finance"
    ],
    "topics": [
        "Politics->government",
        "Politics->political process",
        "Economy, Business and Finance->financial and economic news",
        "Economy, Business and Finance->business reporting and performance",
        "Economy, Business and Finance->business governance"
    ],
    "ai_allow": true,
    "has_canonical": true,
    "breaking": false,
    "webz_reporter": false,
    "external_links": [],
    "external_images": [],
    "entities": {
        "persons": [],
        "locations": [],
        "organizations": []
    },
    "syndication": {
        "syndicated": false,
        "syndicate_id": null,
        "first_syndicated": false
    },
    "trust": null,
    "rating": null,
    "crawled": "2025-03-13T01:13:16.796+02:00",
    "updated": "2025-03-13T01:17:33.930+02:00"
}