{
    "thread": {
        "uuid": "f1dc03b24acd4e58b8879e0c12f0d13e1fc8eff9",
        "url": "https://www.cbc.ca/player/play/video/9.6682361",
        "site_full": "www.cbc.ca",
        "site": "cbc.ca",
        "site_section": "https://www.cbc.ca/player/news",
        "site_categories": [
            "media",
            "top_news_ca",
            "top_news"
        ],
        "section_title": "News - Video | CBC.ca",
        "site_title": null,
        "title": "Is it advisable to buy a home amid tariff uncertainty? | CBC.ca",
        "title_full": "Is it advisable to buy a home amid tariff uncertainty? | CBC.ca",
        "published": "2025-03-13T00:16:00.000+02:00",
        "replies_count": 0,
        "participants_count": 0,
        "site_type": "news",
        "country": "CA",
        "main_image": "https://i.cbc.ca/ais/b47c3d3d-4c6b-4ee6-a991-d1188f4dfb0e,1741817683763/full/max/0/default.jpg?im=Crop%2Crect%3D%280%2C0%2C1280%2C720%29%3B",
        "performance_score": 0,
        "domain_rank": 335,
        "domain_rank_updated": "2025-03-10T23:00:00.000+02:00",
        "social": {
            "facebook": {
                "likes": 0,
                "comments": 0,
                "shares": 0
            },
            "vk": {
                "shares": 0
            }
        }
    },
    "uuid": "f1dc03b24acd4e58b8879e0c12f0d13e1fc8eff9",
    "url": "https://www.cbc.ca/player/play/video/9.6682361",
    "ord_in_thread": 0,
    "parent_url": null,
    "author": null,
    "published": "2025-03-13T00:16:00.000+02:00",
    "title": "Is it advisable to buy a home amid tariff uncertainty? | CBC.ca",
    "text": "Rebecca Casey, the president of the Canadian Mortgage Brokers Association in B.C., says prospective homebuyers are right to feel cautious about purchasing property. Given the unpredictability of global economic events, she advises potential homebuyers to decide based on the \"economy in the family\" and assess their own ability to make payments in the long term.",
    "highlightText": "",
    "highlightTitle": "",
    "highlightThreadTitle": "",
    "language": "english",
    "sentiment": "negative",
    "categories": [
        "Economy, Business and Finance",
        "Social Issue",
        "Politics"
    ],
    "topics": [
        "Economy, Business and Finance->construction and property",
        "Economy, Business and Finance->financial and economic news",
        "Social Issue->social condition",
        "Social Issue->public housing",
        "Politics->economic policy"
    ],
    "ai_allow": true,
    "has_canonical": false,
    "breaking": true,
    "webz_reporter": false,
    "external_links": [],
    "external_images": [],
    "entities": {
        "persons": [],
        "locations": [],
        "organizations": []
    },
    "syndication": {
        "syndicated": false,
        "syndicate_id": null,
        "first_syndicated": false
    },
    "trust": null,
    "rating": null,
    "crawled": "2025-03-13T00:35:58.131+02:00",
    "updated": "2025-03-13T00:35:58.131+02:00"
}