{
    "thread": {
        "uuid": "46d2441c26bcac297bdb86c79baaf63f15b7ce5e",
        "url": "https://www.thehindubusinessline.com/markets/commodities/iron-ore-slides-on-weak-china-data-lower-steel-prices/article69931457.ece",
        "site_full": "www.thehindubusinessline.com",
        "site": "thehindubusinessline.com",
        "site_section": "http://www.thehindubusinessline.com/?service=rss#",
        "site_categories": [
            "media"
        ],
        "section_title": "Business News Today: Latest Business News, Finance News",
        "site_title": "Business News Today: Latest Business News, Finance News | The Hindu BusinessLine",
        "title": "Iron ore slides on weak China data, lower steel prices",
        "title_full": "Iron ore slides on weak China data, lower steel prices",
        "published": "2025-08-14T06:51:00.000+03:00",
        "replies_count": 0,
        "participants_count": 1,
        "site_type": "news",
        "country": "IN",
        "main_image": "https://bl-i.thgim.com/public/incoming/kbjfy7/article69916428.ece/alternates/LANDSCAPE_1200/IMG_BL_-_11_12_2019_-_Mi_2_1_0JA6PMSG.jpg",
        "performance_score": 0,
        "domain_rank": 3237,
        "domain_rank_updated": "2025-06-03T00:00:00.000+03:00",
        "licensing_agency": [],
        "social": {
            "facebook": {
                "likes": 0,
                "comments": 0,
                "shares": 0
            },
            "vk": {
                "shares": 0
            }
        }
    },
    "uuid": "46d2441c26bcac297bdb86c79baaf63f15b7ce5e",
    "url": "https://www.thehindubusinessline.com/markets/commodities/iron-ore-slides-on-weak-china-data-lower-steel-prices/article69931457.ece",
    "ord_in_thread": 0,
    "author": "Reuters",
    "published": "2025-08-14T06:51:00.000+03:00",
    "title": "Iron ore slides on weak China data, lower steel prices",
    "text": "Iron ore futures slid on Thursday, weighed down by signs of weak demand after China's new yuan loans unexpectedly contracted for the first time in two decades, while steel prices fell on high supply and seasonally lower consumption.\nThe most-traded January iron ore contract on China's Dalian Commodity Exchange (DCE) fell 1.88% to 783.5 yuan ($109.25) a metric ton by 0259 GMT.\nThe benchmark September iron ore on the Singapore Exchange was 0.78% lower at $102.7 a ton.\nChina's new yuan loans contracted in July for the first time in two decades, indicating weak private sector demand amid trade deal negotiations with Washington.\nDespite the first contraction in new yuan loans since July 2005 and the largest monthly decline since December 1999, improvements in broader credit growth suggest the central bank is in no rush to ease policy.\nChina's demand for construction steel is expected to remain stable in August, supported by the launch of new projects, though recent adverse weather has disrupted outdoor construction, Chinese consultancy Mysteel said in a note.\nDespite speculative demand for finished steel products, high crude steel supply and seasonally lower demand are pressuring prices, said broker Galaxy Futures.\nStill, reports of production restrictions on steel mills later this month, a 90-day extension to a tariff truce between the United States and China, and the \"anti-involution\" campaign targeted at curbing price wars in China provided some support to prices, Galaxy said.\nOther steelmaking ingredients on the DCE slumped, with coking coal and coke down 5.17% and 3.59%, respectively.\nChina's coking coal market softened following a buying spree, with end-users stepping up material cost controls, Mysteel said in a separate note.\nSteel benchmarks on the Shanghai Futures Exchange fell. Rebar lost 1.29%, hot-rolled coil dipped 1.04%, wire rod slid 1.1% and stainless steel decreased 0.76%.\nPublished on August 14, 2025\nComments have to be in English, and in full sentences. They cannot be abusive or personal. Please abide by our community guidelines for posting your comments.\nWe have migrated to a new commenting platform. If you are already a registered user of TheHindu Businessline and logged in, you may continue to engage with our articles. If you do not have an account please register and login to post comments. Users can access their older comments by logging into their accounts on Vuukle.",
    "highlightText": "",
    "highlightTitle": "",
    "highlightThreadTitle": "",
    "language": "english",
    "sentiment": "negative",
    "categories": [
        "Economy, Business and Finance"
    ],
    "topics": [
        "Economy, Business and Finance->commodity market",
        "Economy, Business and Finance->macro economics"
    ],
    "ai_allow": true,
    "has_canonical": false,
    "breaking": null,
    "webz_reporter": false,
    "external_links": [],
    "external_images": [],
    "internal_images": [],
    "entities": {
        "persons": [],
        "locations": [],
        "organizations": [
            {
                "name": "Dalian Commodity Exchange",
                "sentiment": "none",
                "tickers": []
            }
        ]
    },
    "syndication": {
        "syndicated": false,
        "syndicate_id": null,
        "first_syndicated": false
    },
    "trust": {
        "categories": null,
        "top_news": [],
        "bias": "center",
        "source": {
            "type": null,
            "city": null,
            "state": null,
            "country": null,
            "domain_type": null,
            "agency": null,
            "organization_name": null
        }
    },
    "rating": null,
    "crawled": "2025-08-14T08:10:35.714+03:00",
    "updated": "2025-08-14T08:12:04.000+03:00"
}