{
    "thread": {
        "uuid": "2f851eaf165894b2de2d355ea567aa09221d7d43",
        "url": "https://rss.wongcw.com/eric-trump-turns-to-ethereum-after-banks-close-trump-family-accounts-162203.html",
        "site_full": "rss.wongcw.com",
        "site": "wongcw.com",
        "site_section": "https://rss.wongcw.com/rss.xml",
        "site_categories": [],
        "section_title": "WONGCW RSS",
        "site_title": "WONGCW Official Site",
        "title": "Eric Trump Turns to Ethereum After Banks Close Trump Family Accounts",
        "title_full": "Eric Trump Turns to Ethereum After Banks Close Trump Family Accounts",
        "published": "2025-08-14T08:00:00.000+03:00",
        "replies_count": 0,
        "participants_count": 0,
        "site_type": "news",
        "country": "IN",
        "main_image": "https://image.coinpedia.org/wp-content/uploads/2025/04/30191248/Eric-Trump-Warns_-Global-Banks-Must-Adopt-Crypto-or-Die-Out-1024x536.webp",
        "performance_score": 0,
        "domain_rank": 10851,
        "domain_rank_updated": "2025-06-03T00:00:00.000+03:00",
        "licensing_agency": [],
        "social": {
            "facebook": {
                "likes": 0,
                "comments": 0,
                "shares": 0
            },
            "vk": {
                "shares": 0
            }
        }
    },
    "uuid": "2f851eaf165894b2de2d355ea567aa09221d7d43",
    "url": "https://rss.wongcw.com/eric-trump-turns-to-ethereum-after-banks-close-trump-family-accounts-162203.html",
    "ord_in_thread": 0,
    "author": null,
    "published": "2025-08-14T08:00:00.000+03:00",
    "title": "Eric Trump Turns to Ethereum After Banks Close Trump Family Accounts",
    "text": "Eric Trump reports that major U.S. banks—including Capital One, JPMorgan Chase, Bank of America, and First Republic—closed hundreds of Trump-linked accounts without warning in 2025. He cites these closures as the reason the Trump family turned to cryptocurrencies like Ethereum for financial operations. The move has fueled debate over political motivations in banking, with Eric Trump now actively promoting crypto as an alternative financial solution.",
    "highlightText": "",
    "highlightTitle": "",
    "highlightThreadTitle": "",
    "language": "english",
    "sentiment": "negative",
    "categories": [
        "Economy, Business and Finance",
        "Politics",
        "Social Issue"
    ],
    "topics": [
        "Economy, Business and Finance->foreign exchange market",
        "Economy, Business and Finance->business strategy and marketing",
        "Economy, Business and Finance->financial service",
        "Politics->political candidates",
        "Politics->government",
        "Politics->economic policy",
        "Social Issue->social problem",
        "Social Issue->discrimination",
        "Social Issue->welfare"
    ],
    "ai_allow": true,
    "has_canonical": true,
    "breaking": false,
    "webz_reporter": false,
    "external_links": [],
    "external_images": [],
    "internal_images": [],
    "entities": {
        "persons": [
            {
                "name": "Eric Trump",
                "sentiment": "negative"
            }
        ],
        "locations": [],
        "organizations": [
            {
                "name": "Bank of America",
                "sentiment": "negative",
                "tickers": [
                    {
                        "ticker": "BAC",
                        "exchange": "NYSE"
                    }
                ]
            }
        ]
    },
    "syndication": {
        "syndicated": false,
        "syndicate_id": null,
        "first_syndicated": false
    },
    "trust": {
        "categories": [],
        "top_news": [],
        "bias": null,
        "source": {
            "type": null,
            "city": null,
            "state": null,
            "country": null,
            "domain_type": null,
            "agency": null,
            "organization_name": null
        }
    },
    "rating": null,
    "crawled": "2025-08-14T08:15:32.484+03:00",
    "updated": "2025-08-14T08:20:48.000+03:00"
}