{
    "thread": {
        "uuid": "1df6436ef7dcfc15416e005b9c2dfd13af00200a",
        "url": "https://www.latestnigeriannews.com/p/14375/naira-down-to-n1560-in-parallel-market.html",
        "site_full": "www.latestnigeriannews.com",
        "site": "latestnigeriannews.com",
        "site_section": "https://www.latestnigeriannews.com/feed/allnews/rss.xml",
        "site_categories": [
            "media"
        ],
        "section_title": "Latest Nigerian News Headlines",
        "site_title": "Latesnigeriannews Mobile Index",
        "title": "Naira down to N1,560/$ in parallel market",
        "title_full": "Naira down to N1,560/$ in parallel market",
        "published": "2025-08-14T07:22:00.000+03:00",
        "replies_count": 0,
        "participants_count": 1,
        "site_type": "news",
        "country": "US",
        "main_image": "",
        "performance_score": 0,
        "domain_rank": 82615,
        "domain_rank_updated": "2025-06-03T00:00:00.000+03:00",
        "licensing_agency": [],
        "social": {
            "facebook": {
                "likes": 0,
                "comments": 0,
                "shares": 0
            },
            "vk": {
                "shares": 0
            }
        }
    },
    "uuid": "1df6436ef7dcfc15416e005b9c2dfd13af00200a",
    "url": "https://www.latestnigeriannews.com/p/14375/naira-down-to-n1560-in-parallel-market.html",
    "ord_in_thread": 0,
    "author": "Latestnigeriannews",
    "published": "2025-08-14T07:22:00.000+03:00",
    "title": "Naira down to N1,560/$ in parallel market",
    "text": "-- External Links --\nPunch\nVanguard\nThisday\nGuardian\nDaily Sun\nThe Nation\nDaily Independent\nLeadership\nTribune\nNational Mirror\nDaily Trust\nDaily Times\nBusinessDay\nSahara Reporters\nPremium Times\nPM News\nTori\nLinda Ikeji\nBella Naija\nNairaland\nCNN\nBBC\nAljazeera\nGoal\nAfrican Football\nBleacher Report\n90min\nComplete Sports\n|\n|\n|\n|\n|\n|\n|\n|\n|\n|\n|\n|\n|\n|\n|\n|\n|\n|\n|\n|\nViewing Mode:\nMedium\nVanguard\nPunch\nGuardian\nThisday\nDaily Sun\nLeadership\nTribune\nDaily Trust\nDaily Times\nDaily Independent\nThe Nation\nNational Mirror\nBusinessDay\nSahara Reporters\nSports\nEntertainment\nWorld\nTechnology\nBusiness\nPolitics\nFeatures\nColumns\nNigerian Jobs\nDay\n01\n02\n03\n04\n05\n06\n07\n08\n09\n10\n11\n12\n13\n14\n15\n16\n17\n18\n19\n20\n21\n22\n23\n24\n25\n26\n27\n28\n29\n30\n31\nMonth\nJan\nFeb\nMar\nApr\nMay\nJun\nJul\nAug\nSep\nOct\nNov\nDec\nYear\n2024\n2023\n2022\n2021\n2020\n2019\n2018\n2017\n2016\n2015\n2014\n2013\n2012\n2011\nArchive:\nFeatures Headlines Today\n[Thu-14-Aug-2025]\n-\n-\n-\n-\n-\n-\n-\n-\n-\nClick to view all Features headlines today\nSports Headlines Today\n[Thu-14-Aug-2025]\n-\n-\n-\n-\n-\n-\n-\n-\n-\nClick to view all Sports headlines today\nI will undergo butt enlargement in futureLaura Ikeji confesses\nPublished by\nKemi Filani\non Sat, 05 Dec 2020\nPopular brand infuencer and Instagram celebrity, Laura Ikeji has disclosed her intentions to undergo butt enlargement in future. The mother of two made this confession after a troll attacked her by accusing her of Pumping her Butt. According to Laura, she has not done a butt enlargement but she hopes to do so in future. []The post I will undergo butt enlargement in futureLaura Ikeji confesses appeared first on Kemi Filani News.\nClick here to read full news..\nAll Channels\nNigerian Dailies:\nPunch\n|\nVanguard\n|\nThe Nation\n|\nThisday\n|\nDaily Sun\n|\nGuardian\n|\nDaily Times\n|\nDaily Trust\n|\nDaily Independent\n|\nThe Herald\n|\nTribune\n|\nLeadership\n|\nNational Mirror\n|\nBusinessDay\n|\nNew Telegraph\n|\nPeoples Daily\n|\nBlueprint\n|\nNigerian Pilot\n|\nSahara Reporters\n|\nPremium Times\n|\nThe Cable\n|\nPM News\n|\nAPO Africa Newsroom\nCategories Today:\nWorld\n|\nSports\n|\nTechnology\n|\nEntertainment\n|\nBusiness\n|\nPolitics\n|\nColumns\n|\nAll Headlines Today\nEntertainment (Local):\nLinda Ikeji\n|\nBella Naija\n|\nTori\n|\nDaily News 24\n|\nPulse\n|\nThe NET\n|\nDailyPost\n|\nInformation Nigeria\n|\nGistlover\n|\nLailas Blog\n|\nMiss Petite\n|\nOlufamous\n|\nStella Dimoko Korkus Blog\n|\nYnaija\n|\nAll Entertainment News Today\nEntertainment (World):\nTMZ\n|\nDaily Mail\n|\nHuffington Post\nSports:\nGoal\n|\nAfrican Football\n|\nBleacher Report\n|\nFTBpro\n|\nKickoff\n|\nAll Sports Headlines Today\nBusiness & Finance:\nNairametrics\n|\nNigerian Tenders\n|\nBusiness Insider\n|\nForbes\n|\nEntrepreneur\n|\nThe Economist\n|\nBusinessTech\n|\nFinancial Watch\n|\nBusinessDay\n|\nAll Business News Headlines Today\nTechnology (Local):\nTechpoint\n|\nTechMoran\n|\nTechCity\n|\nInnovation Village\n|\nIT News Africa\n|\nTechnology Times\n|\nTechnext\n|\nTechcabal\n|\nAll Technology News Headlines Today\nTechnology (World):\nTechcrunch\n|\nTechmeme\n|\nSlashdot\n|\nWired\n|\nHackers News\n|\nEngadget\n|\nPocket Lint\n|\nThe Verge\nInternational Networks:\n|\nCNN\n|\nBBC\n|\nAl Jazeera\n|\nYahoo\nForum:\n|\nNairaland\n|\nNaij\nOther Links:\nHome\n|\nNigerian Jobs\nHome\n|\nAbout Us\n|\nContact Us\n|\nDisclaimer\n|\nPrivacy Policy\n|\nCopyright\n|\nSubscribe To News Alert\n|\nFacebook\n|\nTwitter\nAll trademarks and copyrights on this page are owned by their respective owners\nCopyright © 2025. latestnigeriannews.com - All rights reserved",
    "highlightText": "",
    "highlightTitle": "",
    "highlightThreadTitle": "",
    "language": "english",
    "sentiment": "negative",
    "categories": [
        "Economy, Business and Finance",
        "Social Issue",
        "Politics"
    ],
    "topics": [
        "Economy, Business and Finance->foreign exchange market",
        "Economy, Business and Finance->macro economics",
        "Economy, Business and Finance->economy",
        "Social Issue->population and census",
        "Social Issue->social condition",
        "Politics->economic policy",
        "Politics->national elections",
        "Politics->political development"
    ],
    "ai_allow": true,
    "has_canonical": false,
    "breaking": false,
    "webz_reporter": false,
    "external_links": [],
    "external_images": [],
    "internal_images": [],
    "entities": {
        "persons": [
            {
                "name": "Tori\nLinda Ikeji\nBella Naija\nNairaland",
                "sentiment": "none"
            }
        ],
        "locations": [],
        "organizations": [
            {
                "name": "Tribune\nNational Mirror\nDaily Trust\nDaily Times",
                "sentiment": "none",
                "tickers": [
                    {
                        "ticker": null,
                        "exchange": null
                    }
                ]
            }
        ]
    },
    "syndication": {
        "syndicated": false,
        "syndicate_id": null,
        "first_syndicated": false
    },
    "trust": {
        "categories": [],
        "top_news": [],
        "bias": null,
        "source": {
            "type": null,
            "city": null,
            "state": null,
            "country": null,
            "domain_type": null,
            "agency": null,
            "organization_name": null
        }
    },
    "rating": null,
    "crawled": "2025-08-14T07:40:42.804+03:00",
    "updated": "2025-08-14T07:53:42.000+03:00"
}