{
    "thread": {
        "uuid": "6ff961c4255dad974a18fa6fd93b9bb7d8b358d3",
        "url": "https://www.indiatoday.in/technology/news/story/xai-co-founder-igor-babuschkin-quits-to-launch-ai-safety-company-elon-musk-reacts-2771037-2025-08-14",
        "site_full": "www.indiatoday.in",
        "site": "indiatoday.in",
        "site_section": "https://indiatoday.in",
        "site_categories": [
            "religion",
            "media",
            "catholicism",
            "top_news_in",
            "top_news_ph",
            "top_news_kw",
            "top_news_iq",
            "top_news_nz",
            "top_news_pk",
            "top_news_ae",
            "top_news_za",
            "top_news_qa",
            "top_news_sg",
            "top_news_sa",
            "top_news_my",
            "top_news"
        ],
        "section_title": "Latest News, Breaking News Today - Entertainment, Cricket, Business, Politics - India Today",
        "site_title": "Latest News, Breaking News Today - Entertainment, Cricket, Business, Politics - India Today",
        "title": "xAI co-founder Igor Babuschkin quits to launch AI safety company, Elon Musk reacts",
        "title_full": "xAI co-founder Igor Babuschkin quits to launch AI safety company, Elon Musk reacts",
        "published": "2025-08-14T07:38:00.000+03:00",
        "replies_count": 0,
        "participants_count": 1,
        "site_type": "news",
        "country": "IN",
        "main_image": "https://akm-img-a-in.tosshub.com/indiatoday/images/story/202508/elon-musk-110008549-16x9.png?VersionId=84nR6Mf7T6FLT4NxqHWrSYxj07eNhAim",
        "performance_score": 0,
        "domain_rank": 1806,
        "domain_rank_updated": "2025-06-03T00:00:00.000+03:00",
        "licensing_agency": [],
        "social": {
            "facebook": {
                "likes": 0,
                "comments": 0,
                "shares": 0
            },
            "vk": {
                "shares": 0
            }
        }
    },
    "uuid": "6ff961c4255dad974a18fa6fd93b9bb7d8b358d3",
    "url": "https://www.indiatoday.in/technology/news/story/xai-co-founder-igor-babuschkin-quits-to-launch-ai-safety-company-elon-musk-reacts-2771037-2025-08-14",
    "ord_in_thread": 0,
    "author": "@indiatoday",
    "published": "2025-08-14T07:38:00.000+03:00",
    "title": "xAI co-founder Igor Babuschkin quits to launch AI safety company, Elon Musk reacts",
    "text": "xAI co-founder Igor Babuschkin quits to launch AI safety company, Elon Musk reacts\nxAI co-founder Igor Babuschkin leaves Elon Musk's AI startup to launch Babuschkin Ventures, an investment firm focused on AI safety research, marking another high-profile departure in Musk's tech empire.\nIn Short\n- Babuschkin quits xAI to start AI safety-focused venture\n- Musk responds to Babuschkin’s announcement with brief well-wish\n- Departure follows other senior exits from Musk’s AI startup\nIgor Babuschkin, a co-founder of Elon Musk’s artificial intelligence startup xAI, has left the company to start his own venture focused on AI safety. “Today was my last day at xAI,” Babuschkin wrote on X, announcing that his new firm, Babuschkin Ventures, will fund research and startups working on safe artificial intelligence. Babuschkin, who previously worked at Google’s DeepMind and at OpenAI, said he helped shape xAI from its earliest days. He recalled the “early scramble” to build infrastructure and AI models, noting that he created many of the “foundational tools” used to launch and manage training jobs. He later oversaw engineering across infrastructure, product, and applied AI projects.\nHis exit marks another high-profile departure for xAI, which Musk launched in 2023 to rival what he sees as Big Tech’s dominance in AI. Musk has frequently criticised industry leaders, accusing them of excessive censorship and not taking safety concerns seriously enough.\nThe announcement follows the resignation of xAI’s legal head, Robert Keele, earlier this month. It also comes just weeks after Linda Yaccarino stepped down as CEO of X, the social media platform Musk folded into xAI last year. Musk is also facing leadership changes at Tesla, his electric vehicle company.\nMusk reacted directly to Babuschkin’s post, writing on X: “Best of luck, Igor.” The brief message was seen by many of his followers as unusually cordial, given Musk’s history of sharp exchanges with former colleagues.\nBabuschkin’s departure comes amid fierce competition in the AI sector. OpenAI, Google and Anthropic are rapidly expanding their capabilities, investing heavily in advanced systems that could shape the future of technology. xAI is positioning itself as a challenger, promoting its chatbot Grok as a more open alternative to rivals like ChatGPT.\nWhile Babuschkin has not revealed detailed plans for Babuschkin Ventures, his focus on AI safety aligns with a growing push among researchers and regulators to ensure powerful AI systems are developed responsibly.\nFor Musk, the change adds another challenge in retaining top talent at xAI while pushing to compete with companies that have far deeper resources. For Babuschkin, it marks a shift from building AI products to funding projects that aim to make AI safer, a mission that could attract strong interest from investors and policymakers alike.",
    "highlightText": "",
    "highlightTitle": "",
    "highlightThreadTitle": "",
    "language": "english",
    "sentiment": "negative",
    "categories": [
        "Science and Technology",
        "Economy, Business and Finance",
        "Human Interest"
    ],
    "topics": [
        "Science and Technology->technology and engineering",
        "Science and Technology->scientific innovation",
        "Economy, Business and Finance->computing and information technology",
        "Economy, Business and Finance->business governance",
        "Economy, Business and Finance->financial and economic news",
        "Human Interest->celebrity"
    ],
    "ai_allow": true,
    "has_canonical": false,
    "breaking": true,
    "webz_reporter": false,
    "external_links": [],
    "external_images": [],
    "internal_images": [],
    "entities": {
        "persons": [
            {
                "name": "Igor Babuschkin",
                "sentiment": "negative"
            }
        ],
        "locations": [],
        "organizations": [
            {
                "name": "Babuschkin Ventures",
                "sentiment": "none",
                "tickers": []
            },
            {
                "name": "Google",
                "sentiment": "none",
                "tickers": [
                    {
                        "ticker": "GOOG",
                        "exchange": "NASDAQ"
                    }
                ]
            }
        ]
    },
    "syndication": {
        "syndicated": false,
        "syndicate_id": null,
        "first_syndicated": false
    },
    "trust": {
        "categories": null,
        "top_news": [
            "top_news_in",
            "top_news_ph",
            "top_news_kw",
            "top_news_iq",
            "top_news_nz",
            "top_news_pk",
            "top_news_ae",
            "top_news_za",
            "top_news_qa",
            "top_news_sg",
            "top_news_sa",
            "top_news_my",
            "top_news"
        ],
        "bias": "center",
        "source": {
            "type": null,
            "city": null,
            "state": null,
            "country": null,
            "domain_type": null,
            "agency": null,
            "organization_name": null
        }
    },
    "rating": null,
    "crawled": "2025-08-14T07:45:26.029+03:00",
    "updated": "2025-08-15T08:09:11.000+03:00"
}