{
    "thread": {
        "uuid": "e02f50ce7396e936e1770ddc29919c10cc31e23b",
        "url": "https://simplywall.st/stocks/kr/pharmaceuticals-biotech/kosdaq-a096530/seegene-shares/news/seegene-incs-kosdaq096530-market-cap-dropped-90b-last-week-i",
        "site_full": "simplywall.st",
        "site": "simplywall.st",
        "site_section": "https://news.google.com/search?q=s%20when%3a1h&hl=en-us&gl=us&ceid=us%3aen",
        "site_categories": [
            "investing",
            "financial_news",
            "finance"
        ],
        "section_title": "Google News - Search",
        "site_title": "Free Portfolio Tracker, Stock Insights and Community - Simply Wall St",
        "title": "Seegene, Inc.'s (KOSDAQ:096530) market cap dropped ₩90b last week; Individual investors bore the brunt - Simply Wall St News",
        "title_full": "Seegene, Inc.'s (KOSDAQ:096530) market cap dropped ₩90b last week; Individual investors bore the brunt - Simply Wall St News",
        "published": "2025-08-14T07:24:00.000+03:00",
        "replies_count": 0,
        "participants_count": 1,
        "site_type": "news",
        "country": "US",
        "main_image": "https://images.simplywall.st/asset/industry/6111000-choice2-main-header/1585186599552",
        "performance_score": 0,
        "domain_rank": 18870,
        "domain_rank_updated": "2025-06-03T00:00:00.000+03:00",
        "licensing_agency": [],
        "social": {
            "facebook": {
                "likes": 0,
                "comments": 0,
                "shares": 0
            },
            "vk": {
                "shares": 0
            }
        }
    },
    "uuid": "e02f50ce7396e936e1770ddc29919c10cc31e23b",
    "url": "https://simplywall.st/stocks/kr/pharmaceuticals-biotech/kosdaq-a096530/seegene-shares/news/seegene-incs-kosdaq096530-market-cap-dropped-90b-last-week-i",
    "ord_in_thread": 0,
    "author": "Simply Wall St",
    "published": "2025-08-14T07:24:00.000+03:00",
    "title": "Seegene, Inc.'s (KOSDAQ:096530) market cap dropped ₩90b last week; Individual investors bore the brunt - Simply Wall St News",
    "text": "South Korea- /\nBiotech- /\n- KOSDAQ:A096530\nSeegene, Inc.'s (KOSDAQ:096530) market cap dropped ₩90b last week; Individual investors bore the brunt\nExplore Seegene's Fair Values from the Community and select yours\nKey Insights\n- Significant control over Seegene by individual investors implies that the general public has more power to influence management and governance-related decisions\n- A total of 25 investors have a majority stake in the company with 40% ownership\n-\n33% of Seegene is held by insiders\nWe've found 21 US stocks that are forecast to pay a dividend yield of over 6% next year. See the full list for free.\nIf you want to know who really controls Seegene, Inc. (KOSDAQ:096530), then you'll have to look at the makeup of its share registry. We can see that individual investors own the lion's share in the company with 60% ownership. That is, the group stands to benefit the most if the stock rises (or lose the most if there is a downturn).\nWhile the holdings of individual investors took a hit after last week’s 6.5% price drop, insiders with their 33% also suffered.\nLet's take a closer look to see what the different types of shareholders can tell us about Seegene.\n See our latest analysis for Seegene\nWhat Does The Institutional Ownership Tell Us About Seegene?\nInstitutions typically measure themselves against a benchmark when reporting to their own investors, so they often become more enthusiastic about a stock once it's included in a major index. We would expect most companies to have some institutions on the register, especially if they are growing.\nSeegene already has institutions on the share registry. Indeed, they own a respectable stake in the company. This can indicate that the company has a certain degree of credibility in the investment community. However, it is best to be wary of relying on the supposed validation that comes with institutional investors. They too, get it wrong sometimes. It is not uncommon to see a big share price drop if two large institutional investors try to sell out of a stock at the same time. So it is worth checking the past earnings trajectory of Seegene, (below). Of course, keep in mind that there are other factors to consider, too.\nSeegene is not owned by hedge funds. With a 27% stake, CEO Jong-Yoon Chun is the largest shareholder. For context, the second largest shareholder holds about 4.0% of the shares outstanding, followed by an ownership of 2.5% by the third-largest shareholder. Interestingly, the third-largest shareholder, Jong-Gi Cheon is also a Unit Chairman, again, indicating strong insider ownership amongst the company's top shareholders.\nA deeper look at our ownership data shows that the top 25 shareholders collectively hold less than half of the register, suggesting a large group of small holders where no single shareholder has a majority.\nWhile it makes sense to study institutional ownership data for a company, it also makes sense to study analyst sentiments to know which way the wind is blowing. While there is some analyst coverage, the company is probably not widely covered. So it could gain more attention, down the track.\nInsider Ownership Of Seegene\nWhile the precise definition of an insider can be subjective, almost everyone considers board members to be insiders. Company management run the business, but the CEO will answer to the board, even if he or she is a member of it.\nI generally consider insider ownership to be a good thing. However, on some occasions it makes it more difficult for other shareholders to hold the board accountable for decisions.\nOur information suggests that insiders maintain a significant holding in Seegene, Inc.. Insiders have a ₩428b stake in this ₩1.3t business. This may suggest that the founders still own a lot of shares. You can click here to see if they have been buying or selling.\nGeneral Public Ownership\nThe general public, who are usually individual investors, hold a substantial 60% stake in Seegene, suggesting it is a fairly popular stock. This level of ownership gives investors from the wider public some power to sway key policy decisions such as board composition, executive compensation, and the dividend payout ratio.\nNext Steps:\nIt's always worth thinking about the different groups who own shares in a company. But to understand Seegene better, we need to consider many other factors. Be aware that Seegene is showing 2 warning signs in our investment analysis , you should know about...\nUltimately the future is most important. You can access this free report on analyst forecasts for the company.\nNB: Figures in this article are calculated using data from the last twelve months, which refer to the 12-month period ending on the last date of the month the financial statement is dated. This may not be consistent with full year annual report figures.\nNew: Manage All Your Stock Portfolios in One Place\nWe've created the ultimate portfolio companion for stock investors, and it's free.\n• Connect an unlimited number of Portfolios and see your total in one currency\n• Be alerted to new Warning Signs or Risks via email or mobile\n• Track the Fair Value of your stocks\nTry a Demo Portfolio for Free\nHave feedback on this article? Concerned about the content? Get in touch with us directly. Alternatively, email editorial-team (at) simplywallst.com.\nThis article by Simply Wall St is general in nature. We provide commentary based on historical data and analyst forecasts only using an unbiased methodology and our articles are not intended to be financial advice. It does not constitute a recommendation to buy or sell any stock, and does not take account of your objectives, or your financial situation. We aim to bring you long-term focused analysis driven by fundamental data. Note that our analysis may not factor in the latest price-sensitive company announcements or qualitative material. Simply Wall St has no position in any stocks mentioned.\nAbout KOSDAQ:A096530\nExcellent balance sheet with reasonable growth potential.\nSimilar Companies\nCommunity Narratives\nAirbnb (ABNB): Still one of the most interesting bets in travel\nTICommunity Contributor\nING leads the pack when it comes to pivoting towards non-lending income\nPICommunity Contributor\nColes (ASX: COL): Safe, Steady, and Surprisingly Cheap\nROCommunity Contributor",
    "highlightText": "",
    "highlightTitle": "",
    "highlightThreadTitle": "",
    "language": "english",
    "sentiment": "negative",
    "categories": [
        "Economy, Business and Finance"
    ],
    "topics": [
        "Economy, Business and Finance->business reporting and performance",
        "Economy, Business and Finance->financial service"
    ],
    "ai_allow": true,
    "has_canonical": false,
    "breaking": false,
    "webz_reporter": false,
    "external_links": [
        "https://investor-research.typeform.com/to/wvg6MFri#feedback_token=Mzk4ODA4Mjo4ZDAwNzNkZmQ4MmE4M2Rm&company=Seegene&blueprintid=3988082",
        "https://www.investor-research.typeform.com/to/wvg6MFri#feedback_token=Mzk4ODA4Mjo4ZDAwNzNkZmQ4MmE4M2Rm&company=Seegene&blueprintid=3988082"
    ],
    "external_images": [],
    "internal_images": [],
    "entities": {
        "persons": [],
        "locations": [],
        "organizations": [
            {
                "name": "Seegene, Inc.",
                "sentiment": "none",
                "tickers": []
            }
        ]
    },
    "syndication": {
        "syndicated": false,
        "syndicate_id": null,
        "first_syndicated": false
    },
    "trust": {
        "categories": [],
        "top_news": [],
        "bias": null,
        "source": {
            "type": null,
            "city": null,
            "state": null,
            "country": null,
            "domain_type": null,
            "agency": null,
            "organization_name": null
        }
    },
    "rating": null,
    "crawled": "2025-08-14T07:49:20.582+03:00",
    "updated": "2025-08-14T07:50:55.000+03:00"
}