{
    "thread": {
        "uuid": "501e04dfae27976fec1229d372fe3c8e6c22bb02",
        "url": "https://bitcoinworld.co.in/coinbase-smart-contract-blunder/",
        "site_full": "bitcoinworld.co.in",
        "site": "bitcoinworld.co.in",
        "site_section": "https://www.bitcoinworld.co.in",
        "site_categories": [],
        "section_title": "Bitcoin World - World Of Cryptocurrency &amp; Blockchain News",
        "site_title": "Bitcoin World : Crypto and Bitcoin Related Media House",
        "title": "Coinbase Smart Contract Blunder: A $300K Loss and Crucial Security Lessons",
        "title_full": "Coinbase Smart Contract Blunder: A $300K Loss and Crucial Security Lessons",
        "published": "2025-08-14T07:55:00.000+03:00",
        "replies_count": 0,
        "participants_count": 1,
        "site_type": "news",
        "country": "IN",
        "main_image": "",
        "performance_score": 0,
        "domain_rank": 142859,
        "domain_rank_updated": "2025-06-03T00:00:00.000+03:00",
        "licensing_agency": [],
        "social": {
            "facebook": {
                "likes": 0,
                "comments": 0,
                "shares": 0
            },
            "vk": {
                "shares": 0
            }
        }
    },
    "uuid": "501e04dfae27976fec1229d372fe3c8e6c22bb02",
    "url": "https://bitcoinworld.co.in/coinbase-smart-contract-blunder/",
    "ord_in_thread": 0,
    "author": "Editorial Team",
    "published": "2025-08-14T07:55:00.000+03:00",
    "title": "Coinbase Smart Contract Blunder: A $300K Loss and Crucial Security Lessons",
    "text": "The cryptocurrency world recently buzzed with news of a significant Coinbase smart contract incident, where the prominent exchange experienced an unexpected loss. This event highlights the critical importance of robust security measures in the rapidly evolving digital asset landscape. It serves as a stark reminder that even industry leaders face unique challenges in maintaining ironclad crypto security .\nWhat Exactly Happened with the Coinbase Smart Contract ? Coinbase, a leading cryptocurrency exchange, recently incurred a loss of approximately $300,000. This wasn’t a hack in the traditional sense, but rather a consequence of a misconfigured Coinbase smart contract approval. Essentially, Coinbase’s internal systems mistakenly granted approval for token transfers to the 0x Project’s “swapper” contract. This particular contract is not designed to handle such approvals and, unfortunately, proved vulnerable to exploitation.\nThe Block initially reported on this development. A security researcher from Venn Network, known as “deeberiroz” on X (formerly Twitter), quickly identified that a maximal extractable value (MEV) bot capitalized on this misconfiguration. The bot efficiently drained tokens from Coinbase’s fee receiver account, demonstrating the speed and precision with which these automated entities operate in the decentralized finance (DeFi) space.\nUnderstanding the MEV Bot Exploit and Its Impact Many people wonder, “What exactly is an MEV bot exploit ?” In simple terms, MEV bots are automated programs that look for profitable opportunities on blockchain networks by reordering, inserting, or censoring transactions within a block. In this case, the bot detected the misconfigured approval on the 0x swapper contract and swiftly executed transactions to extract the available tokens. This rapid response is a hallmark of an MEV bot exploit, showcasing their ability to react instantly to on-chain vulnerabilities.\nThis event serves as a prime example of a decentralized exchange incident , even though it involved Coinbase’s corporate DEX wallet. It underscores the inherent complexities and potential pitfalls in managing interactions with various smart contracts across different protocols. While the incident was contained, it offered a glimpse into the sophisticated methods employed by automated agents to capitalize on network inefficiencies or configuration errors.\nWas Customer Wallet Security Compromised? Perhaps the most crucial question for many users is regarding the safety of their funds. Coinbase Chief Security Officer Philip Martin promptly addressed these concerns, confirming that the incident was entirely isolated. He emphasized that the loss was limited to a corporate decentralized exchange (DEX) wallet, meaning customer funds were not impacted . This assurance is vital for maintaining user trust in the platform’s ability to protect assets.\nMartin also detailed the swift resolution actions taken by Coinbase. These included:\nRevoking allowances: Immediately removing the problematic approvals granted to the 0x swapper contract. Moving assets: Transferring remaining assets from the compromised corporate wallet to a new, secure wallet. These decisive steps were critical in containing the breach and preventing further losses, showcasing effective wallet security protocols in action post-incident.\nCrucial Lessons for Enhancing Crypto Security The Coinbase incident, while contained, provides valuable lessons for the broader cryptocurrency ecosystem regarding crypto security . It highlights several key areas where projects and users alike must remain vigilant:\nRigorous Smart Contract Audits: Before deployment or interaction, all smart contracts, especially those handling approvals or funds, must undergo thorough and independent security audits. Careful Approval Management: Users and platforms should regularly review and revoke unnecessary token allowances granted to smart contracts. This minimizes the attack surface. Proactive Monitoring: Continuous, real-time monitoring of blockchain transactions and contract interactions can help detect and respond to unusual activity quickly. Understanding DeFi Risks: Engaging with decentralized protocols requires a deep understanding of their unique risks, including potential interactions with MEV bots and smart contract vulnerabilities. This event reinforces the idea that even the most established entities are not immune to the complexities of decentralized technology. These lessons are vital for enhancing overall crypto security within the industry. It serves as a reminder that vigilance and continuous improvement in security practices are paramount for everyone involved in the crypto space.\nIn conclusion, the Coinbase incident involving a misconfigured Coinbase smart contract approval led to a $300,000 loss from a corporate wallet. However, prompt action ensured customer funds remained safe. This event underscores the ever-present need for robust crypto security measures, meticulous smart contract management, and a keen awareness of automated exploits like the MEV bot exploit in the evolving world of decentralized finance. It’s a testament to the resilience of the ecosystem when such a decentralized exchange incident is swiftly contained, reinforcing the importance of continuous vigilance for all aspects of wallet security .\nFrequently Asked Questions (FAQs) Q1: What was the cause of Coinbase’s $300,000 loss?\nA1: Coinbase incurred a $300,000 loss due to a misconfigured smart contract approval, which mistakenly allowed transfers to the 0x Project’s “swapper” contract, a contract not designed for such approvals.\nQ2: Were Coinbase customer funds affected by this incident?\nA2: No, Coinbase Chief Security Officer Philip Martin confirmed that the incident was isolated to a corporate decentralized exchange (DEX) wallet and did not impact customer funds.\nQ3: What is an MEV bot exploit?\nA3: An MEV (Maximal Extractable Value) bot exploit occurs when automated programs detect and capitalize on profitable opportunities on blockchain networks, such as misconfigured smart contract approvals, by quickly executing transactions to extract value.\nQ4: How did Coinbase resolve the smart contract issue?\nA4: Coinbase resolved the issue by promptly revoking the problematic allowances granted to the 0x swapper contract and moving the affected assets from the compromised corporate wallet to a new, secure wallet.\nQ5: What lessons can be learned from this Coinbase incident for crypto security?\nA5: Key lessons include the importance of rigorous smart contract audits, careful management of token approvals, proactive blockchain monitoring, and a thorough understanding of DeFi risks to enhance overall crypto security.\nIf you found this article insightful, consider sharing it with your network! Help us spread awareness about important crypto security lessons by sharing on social media.\nTo learn more about the latest crypto market trends, explore our article on key developments shaping decentralized finance security trends .",
    "highlightText": "",
    "highlightTitle": "",
    "highlightThreadTitle": "",
    "language": "english",
    "sentiment": "negative",
    "categories": [
        "Economy, Business and Finance",
        "Science and Technology",
        "Social Issue"
    ],
    "topics": [
        "Economy, Business and Finance->investment and opinion pieces",
        "Economy, Business and Finance->financial service",
        "Economy, Business and Finance->business governance",
        "Science and Technology->information technology and computer science",
        "Science and Technology->scientific research",
        "Science and Technology->technology and engineering",
        "Social Issue->social problem",
        "Social Issue->social networking",
        "Social Issue->discrimination"
    ],
    "ai_allow": true,
    "has_canonical": false,
    "breaking": false,
    "webz_reporter": false,
    "external_links": [],
    "external_images": [],
    "internal_images": [],
    "entities": {
        "persons": [],
        "locations": [],
        "organizations": [
            {
                "name": "Venn Network",
                "sentiment": "none",
                "tickers": []
            }
        ]
    },
    "syndication": {
        "syndicated": false,
        "syndicate_id": "501e04dfae27976fec1229d372fe3c8e6c22bb02",
        "first_syndicated": true
    },
    "trust": {
        "categories": [],
        "top_news": [],
        "bias": null,
        "source": {
            "type": null,
            "city": null,
            "state": null,
            "country": null,
            "domain_type": null,
            "agency": null,
            "organization_name": null
        }
    },
    "rating": null,
    "crawled": "2025-08-14T08:27:02.165+03:00",
    "updated": "2025-08-14T08:31:36.000+03:00"
}