{
    "thread": {
        "uuid": "9b6f95f81becb5f7c3d67913a2f392ae86aed9dc",
        "url": "https://www.newsbreak.com/news/4097812421254-never-seen-it-this-bad-leon-county-schools-to-cut-dozens-of-staff-after-district-short-12-million",
        "site_full": "www.newsbreak.com",
        "site": "newsbreak.com",
        "site_section": "https://www.newsbreak.com/tallahassee-fl",
        "site_categories": [
            "under_construction",
            "non_standard_content"
        ],
        "section_title": "Tallahassee, FL Local News and More | NewsBreak",
        "site_title": "NewsBreak: Local News &amp; Alerts",
        "title": "'Never seen it this bad': Leon County Schools to cut dozens of staff after district short $12 million - NewsBreak",
        "title_full": "'Never seen it this bad': Leon County Schools to cut dozens of staff after district short $12 million - NewsBreak",
        "published": "2025-07-10T02:55:00.000+03:00",
        "replies_count": 0,
        "participants_count": 1,
        "site_type": "news",
        "country": "US",
        "main_image": "https://img.particlenews.com/img/id/2dcLTl_12Y2fihD00",
        "performance_score": 0,
        "domain_rank": 3213,
        "domain_rank_updated": "2025-06-03T00:00:00.000+03:00",
        "licensing_agency": [],
        "social": {
            "facebook": {
                "likes": 0,
                "comments": 0,
                "shares": 0
            },
            "vk": {
                "shares": 0
            }
        }
    },
    "uuid": "9b6f95f81becb5f7c3d67913a2f392ae86aed9dc",
    "url": "https://www.newsbreak.com/news/4097812421254-never-seen-it-this-bad-leon-county-schools-to-cut-dozens-of-staff-after-district-short-12-million",
    "ord_in_thread": 0,
    "author": "Abraiya Ruffin",
    "published": "2025-07-10T02:55:00.000+03:00",
    "title": "'Never seen it this bad': Leon County Schools to cut dozens of staff after district short $12 million - NewsBreak",
    "text": "‘Never seen it this bad’: Leon County Schools to cut dozens of staff after district short $12 million - NewsBreak",
    "highlightText": "",
    "highlightTitle": "",
    "highlightThreadTitle": "",
    "language": "english",
    "sentiment": "negative",
    "categories": [
        "Education",
        "Economy, Business and Finance",
        "Social Issue"
    ],
    "topics": [
        "Education->students",
        "Education->educational grading",
        "Education->school",
        "Economy, Business and Finance->human resources",
        "Economy, Business and Finance->layoffs",
        "Economy, Business and Finance->business governance",
        "Social Issue->social condition",
        "Social Issue->social services"
    ],
    "ai_allow": true,
    "has_canonical": false,
    "breaking": null,
    "webz_reporter": false,
    "external_links": [],
    "entities": {
        "persons": [],
        "locations": [],
        "organizations": []
    },
    "syndication": {
        "syndicated": false,
        "syndicate_id": null,
        "first_syndicated": false
    },
    "trust": {
        "categories": [
            "fake_news"
        ],
        "top_news": [],
        "bias": "center",
        "source": {
            "type": null,
            "city": null,
            "state": null,
            "country": null,
            "domain_type": null,
            "agency": null,
            "organization_name": null
        }
    },
    "rating": null,
    "crawled": "2025-07-10T07:33:04.120+03:00",
    "updated": "2025-07-10T10:10:03.565+03:00"
}