{
    "thread": {
        "uuid": "e4496cf124cbfe72696b33247aabbff109512368",
        "url": "https://www.mitrade.com/au/insights/currency/usd/fxstreet-USDOLLARF-202507101101",
        "site_full": "www.mitrade.com",
        "site": "mitrade.com",
        "site_section": "https://news.google.com/search?q=below%20when%3A1h&hl=en-US&gl=US&ceid=US%3Aen",
        "site_categories": [],
        "section_title": "Google News - Search",
        "site_title": "Mitrade | Trade Forex, Gold, Oil, Indices, Shares &amp; More on Our Award-Winning Platform",
        "title": "US Dollar Index weakens below 97.50 on fresh tariff threats",
        "title_full": "US Dollar Index weakens below 97.50 on fresh tariff threats",
        "published": "2025-07-10T06:01:00.000+03:00",
        "replies_count": 0,
        "participants_count": 1,
        "site_type": "news",
        "country": "TW",
        "main_image": "https://tw.mitrade.com/cms_uploads/img/20250708/91e4f172e5afc968fcc18861fce336a6.jpg",
        "performance_score": 0,
        "domain_rank": 47154,
        "domain_rank_updated": "2025-06-03T00:00:00.000+03:00",
        "licensing_agency": [],
        "social": {
            "facebook": {
                "likes": 0,
                "comments": 0,
                "shares": 0
            },
            "vk": {
                "shares": 0
            }
        }
    },
    "uuid": "e4496cf124cbfe72696b33247aabbff109512368",
    "url": "https://www.mitrade.com/au/insights/currency/usd/fxstreet-USDOLLARF-202507101101",
    "ord_in_thread": 0,
    "author": "FXStreet",
    "published": "2025-07-10T06:01:00.000+03:00",
    "title": "US Dollar Index weakens below 97.50 on fresh tariff threats",
    "text": "coverImg\nThe US Dollar Index loses ground near 97.30 in Thursday’s Asian session, down 0.17% on the day.\nFed officials split between concerns over tariff-fueled inflation and signs of labor market weakness and economic strength, noted the Fed Minutes.\nThe US weekly Initial Jobless Claims data will be the highlight later on Thursday.\nThe US Dollar Index (DXY), an index of the value of the US Dollar (USD) measured against a basket of six world currencies, retreats from near a two-week high to 97.30 amid tariff threats after US President Donald Trump unveiled a new round of tariff demand letters.\nTrump on Wednesday said he would impose a 50% tariff rate on Brazil, one of the highest so far announced for the levies, which will take effect in August. He also said that he will slap a 30% duty on Algeria, Libya, Iraq, and Sri Lanka, 25% on Brunei and Moldova, and 20% on goods from the Philippines.\nFurthermore, Trump said Wednesday that the new 50% tariff on US copper imports, which he had announced the previous day, will take effect on August 1, per Reuters. The decision was made after he received a national security assessment. The uncertainty around tariff policies and the impact of tariffs on the US economy could weigh on the Greenback in the near term.\nAccording to the Federal Reserve's (Fed) June 17-18 meeting, FOMC Minutes, few officials expressed the view that interest rates might decrease as early as this month, while the majority of policymakers continued to have concerns regarding the inflationary pressures anticipated from Trump's implementation of import taxes aimed at altering global trade.\nMost participants at the Fed's meeting saw some reduction in the Fed funds rate this year as appropriate, citing that any price shock from tariffs was expected to be \"temporary or modest.”\nLater on Thursday, traders will keep an eye on the release of US weekly Initial Jobless Claims data. If the report shows a stronger-than-expected outcome, this could help limit the USD’s losses in the near term. Apart from this, the Fed officials are set to speak later on the same day, including Alberto Musalem, Christopher Waller, and Mary Daly.\n* The content presented above, whether from a third party or not, is considered as general advice only. This article should not be construed as containing investment advice, investment recommendations, an offer of or solicitation for any transactions in financial instruments.",
    "highlightText": "",
    "highlightTitle": "",
    "highlightThreadTitle": "",
    "language": "english",
    "sentiment": "negative",
    "categories": [
        "Economy, Business and Finance"
    ],
    "topics": [
        "Economy, Business and Finance->foreign exchange market",
        "Economy, Business and Finance->financial and economic news",
        "Economy, Business and Finance->macro economics"
    ],
    "ai_allow": true,
    "has_canonical": false,
    "breaking": null,
    "webz_reporter": false,
    "external_links": [],
    "entities": {
        "persons": [
            {
                "name": "Donald Trump",
                "sentiment": "none"
            }
        ],
        "locations": [
            {
                "name": "Libya",
                "sentiment": "none"
            }
        ],
        "organizations": [
            {
                "name": "Initial Jobless Claims",
                "sentiment": "none",
                "tickers": []
            },
            {
                "name": "Reuters",
                "sentiment": "none",
                "tickers": [
                    {
                        "ticker": "TRI",
                        "exchange": "NASDAQ"
                    }
                ]
            }
        ]
    },
    "syndication": {
        "syndicated": false,
        "syndicate_id": null,
        "first_syndicated": false
    },
    "trust": {
        "categories": [],
        "top_news": [],
        "bias": null,
        "source": {
            "type": null,
            "city": null,
            "state": null,
            "country": null,
            "domain_type": null,
            "agency": null,
            "organization_name": null
        }
    },
    "rating": null,
    "crawled": "2025-07-10T07:57:05.124+03:00",
    "updated": "2025-07-10T05:02:30.000+00:00"
}