{
    "thread": {
        "uuid": "154081f149f0699d9895126236ec04c814f8681d",
        "url": "https://www.scoop.co.nz/stories/BU2503/S00085/building-activity-down-44-percent-in-december-2024-quarter.htm",
        "site_full": "www.scoop.co.nz",
        "site": "scoop.co.nz",
        "site_section": "http://www.scoop.co.nz",
        "site_categories": [
            "media",
            "law_government_and_politics",
            "politics",
            "top_news_nz",
            "top_news"
        ],
        "section_title": "Scoop - New Zealand News",
        "site_title": null,
        "title": "Building Activity Down 4.4 Percent In December 2024 Quarter | Scoop News",
        "title_full": "Building Activity Down 4.4 Percent In December 2024 Quarter | Scoop News",
        "published": "2025-03-06T00:34:02.064+02:00",
        "replies_count": 0,
        "participants_count": 1,
        "site_type": "news",
        "country": "NZ",
        "main_image": "http://img.scoop.co.nz/stories/images/1908/scoop_image.jpg",
        "performance_score": 0,
        "domain_rank": 5429,
        "domain_rank_updated": "2025-03-03T23:00:00.000+02:00",
        "social": {
            "facebook": {
                "likes": 0,
                "comments": 0,
                "shares": 0
            },
            "vk": {
                "shares": 0
            }
        }
    },
    "uuid": "154081f149f0699d9895126236ec04c814f8681d",
    "url": "https://www.scoop.co.nz/stories/BU2503/S00085/building-activity-down-44-percent-in-december-2024-quarter.htm",
    "ord_in_thread": 0,
    "parent_url": null,
    "author": "Thursday",
    "published": "2025-03-06T00:34:02.064+02:00",
    "title": "Building Activity Down 4.4 Percent In December 2024 Quarter | Scoop News",
    "text": "Building Activity Down 4.4 Percent In December 2024 Quarter\nThe seasonally adjusted volume of building work in New Zealand was $7.4 billion in the December 2024 quarter, down 4.4 percent compared with the September 2024 quarter, according to figures released by Stats NZ today.\n“There has been a downward trend in building activity volume since the most recent peak in the September 2022 quarter,” economic indicators spokesperson Michael Heslop said.\nResidential building work fell 4.9 percent to $4.5 billion and non-residential building work fell 3.1 percent to $2.8 billion (seasonally adjusted) in the final quarter of 2024.\n“Residential building activity volume reached its lowest level in over four years, in seasonally adjusted terms,” Heslop said.\nVisit our website to read this news story and information release and to download CSV files:\n- Building activity down 4.4 percent in December 2024 quarter : https://www.stats.govt.nz/news/building-activity-down-4-4-percent-in-december-2024-quarter/\n- Value of building work put in place: December 2024 quarter : https://www.stats.govt.nz/information-releases/value-of-building-work-put-in-place-december-2024-quarter/\n- CSV files for download: https://www.stats.govt.nz/large-datasets/csv-files-for-download/",
    "highlightText": "",
    "highlightTitle": "",
    "highlightThreadTitle": "",
    "language": "english",
    "sentiment": "negative",
    "categories": [
        "Economy, Business and Finance"
    ],
    "topics": [
        "Economy, Business and Finance->construction and property",
        "Economy, Business and Finance->business reporting and performance",
        "Economy, Business and Finance->economy"
    ],
    "ai_allow": true,
    "has_canonical": false,
    "breaking": false,
    "webz_reporter": false,
    "external_links": [],
    "external_images": [],
    "entities": {
        "persons": [
            {
                "name": "Michael Heslop",
                "sentiment": "none"
            }
        ],
        "locations": [],
        "organizations": []
    },
    "syndication": {
        "syndicated": false,
        "syndicate_id": null,
        "first_syndicated": false
    },
    "trust": null,
    "rating": null,
    "crawled": "2025-03-06T00:34:02.064+02:00",
    "updated": "2025-03-06T00:34:02.064+02:00"
}