{
    "thread": {
        "uuid": "dc8d45ff6b04df2a28efa71b60f12cb6084c6f8b",
        "url": "https://www.marketsmojo.com/news/stocks-in-action/parshva-enterprises-ltd-faces-significant-selling-pressure-with-499-daily-decline-and-3087-monthly-loss-3697502",
        "site_full": "www.marketsmojo.com",
        "site": "marketsmojo.com",
        "site_section": "https://www.marketsmojo.com/news",
        "site_categories": [],
        "section_title": "Stay Informed with MarketsMojo News: Stock Market Insights, Portfolio Tracking, Alerts, and Expert Analyses  ",
        "site_title": "MarketsMojo Research, Handpicked Mojo Stocks &amp; Portfolio Tracking",
        "title": "Parshva Enterprises Ltd Faces Significant Selling Pressure with 4.99% Daily Decline and 30.87% Monthly Loss",
        "title_full": "Parshva Enterprises Ltd Faces Significant Selling Pressure with 4.99% Daily Decline and 30.87% Monthly Loss",
        "published": "2025-11-13T08:31:11.288+02:00",
        "replies_count": 0,
        "participants_count": 1,
        "site_type": "news",
        "country": "IN",
        "main_image": "https://i.marketsmojo.com/newsimg/2025/11/ParshvaEnterpri_only_sellers_3697502.png",
        "performance_score": 0,
        "domain_rank": 66172,
        "domain_rank_updated": "2025-10-26T23:00:00.000+02:00",
        "licensing_agency": [],
        "social": {
            "facebook": {
                "likes": 0,
                "comments": 0,
                "shares": 0
            },
            "vk": {
                "shares": 0
            }
        }
    },
    "uuid": "dc8d45ff6b04df2a28efa71b60f12cb6084c6f8b",
    "url": "https://www.marketsmojo.com/news/stocks-in-action/parshva-enterprises-ltd-faces-significant-selling-pressure-with-499-daily-decline-and-3087-monthly-loss-3697502",
    "ord_in_thread": 0,
    "author": "@Marketsmojo",
    "published": "2025-11-13T08:31:11.288+02:00",
    "title": "Parshva Enterprises Ltd Faces Significant Selling Pressure with 4.99% Daily Decline and 30.87% Monthly Loss",
    "text": "Parshva Enterprises Ltd Faces Significant Selling Pressure with 4.99% Daily Decline and 30.87% Monthly Loss\nParshva EnterprisesLtd is experiencing notable selling pressure, with the stock declining over consecutive days and significantly underperforming the Sensex. The company has faced substantial losses over various time frames, trading below multiple moving averages, indicating a bearish trend influenced by market sentiment and economic conditions.\nParshva EnterprisesLtd is currently facing significant selling pressure, with the stock showing only sellers today. The company has experienced consecutive losses over the past three days, resulting in a total decline of 10.16%. Today, the stock fell by 4.99%, underperforming the Sensex, which gained 0.39%.\nIn the past week,\nParshva Enterpriseshas seen a decline of 3.70%, while the Sensex rose by 1.79%. Over the last month, the stock has plummeted by 30.87%, contrasting sharply with the Sensex's 3.00% increase. The three-month performance shows a decline of 22.58% for\nParshva Enterprisescompared to the Sensex's 5.29% gain.\nThe stock's price summary indicates it has been trading below its 5-day, 20-day, 50-day, 100-day, and 200-day moving averages, reflecting a bearish trend. The intraday low reached Rs 174.2 today, emphasizing the ongoing selling pressure. Factors contributing to this trend may include market sentiment and broader economic conditions affecting the trading and distribution sector.\n{{stockdata.stock.price.value}} {{stockdata.stock.price_difference.value}} ({{stockdata.stock.price_percentage.value}}%)\n{{stockdata.stock.date.value}} | BSE+NSE Vol: {{stockdata.index_name}} Vol: {{stockdata.stock.bse_nse_vol.value}} ({{stockdata.stock.bse_nse_vol_per.value}}%)\nRelated Stock Links\n{{stockdata.stock.stock_name.value}} Analysis}}){{stockdata.stock.stock_name.value}} Technicals}}){{stockdata.stock.stock_name.value}} Quality}}){{stockdata.stock.stock_name.value}} Valuation}}){{stockdata.stock.stock_name.value}} Financial Trend}}){{stockdata.stock.stock_name.value}} Return Analysis}}){{stockdata.stock.stock_name.value}} Price Analysis}}){{stockdata.stock.stock_name.value}} Quarterly Result Analysis}}){{stockdata.stock.stock_name.value}} Half-Yearly Result Analysis}}){{stockdata.stock.stock_name.value}} Nine Monthly Result Analysis}}){{stockdata.stock.stock_name.value}} Annual Results}}){{stockdata.stock.stock_name.value}} Balance Sheet}}){{stockdata.stock.stock_name.value}} Profit & Loss}}){{stockdata.stock.stock_name.value}} Cash Flow}}){{stockdata.stock.stock_name.value}} News}}){{stockdata.stock.stock_name.value}} Announcements}}){{stockdata.stock.stock_name.value}} Share Holding}}){{stockdata.stock.stock_name.value}} Peer Comparison}})\nOur weekly and monthly stock recommendations are here\nLoading...\nIndustry\n{{sm.old_ind_name }}\nMarket Cap\n{{sm.mcapsizerank }}\nDate of Entry\n{{sm.date }}\nTarget Price\n{{sm.target_price }}\n({{sm.performance_target }}%)\nHolding Duration\n{{sm.target_duration }}\nLast 1 Year Return\n{{sm.performance_1y}}%\n{{sm.comp_name}} price as on {{sm.todays_date}}\n₹{{sm.price_as_on}} ({{sm.performance}}%)\nIndustry\n{{sm.old_ind_name}}\nMarket Cap\n{{sm.mcapsizerank}}\nDate of Entry\n{{sm.date}}\nEntry Price\n{{sm.opening_price}}\nLast 1 Year Return\n{{sm.performance_1y}}%\nRelated News",
    "highlightText": "",
    "highlightTitle": "",
    "highlightThreadTitle": "",
    "language": "english",
    "sentiment": "negative",
    "categories": [
        "Economy, Business and Finance"
    ],
    "topics": [
        "Economy, Business and Finance->business and market analysis",
        "Economy, Business and Finance->market and exchange"
    ],
    "ai_allow": true,
    "has_canonical": false,
    "breaking": false,
    "webz_reporter": false,
    "external_links": [],
    "external_images": [],
    "internal_images": [],
    "entities": {
        "persons": [],
        "locations": [],
        "organizations": [
            {
                "name": "Parshva Enterprises Ltd",
                "sentiment": "negative",
                "tickers": []
            }
        ]
    },
    "syndication": {
        "syndicated": false,
        "syndicate_id": null,
        "first_syndicated": false
    },
    "trust": {
        "categories": [],
        "top_news": [],
        "bias": null,
        "source": {
            "type": null,
            "city": null,
            "state": null,
            "country": null,
            "domain_type": null,
            "agency": null,
            "organization_name": null
        }
    },
    "rating": null,
    "crawled": "2025-11-13T08:31:11.288+02:00",
    "updated": "2025-11-13T08:32:06.000+02:00"
}