{
    "thread": {
        "uuid": "eb757f4b2bf78284812bcf00636c04280b4de898",
        "url": "https://www.finanznachrichten.de/nachrichten-2025-11/66965091-smc-corporation-cuts-annual-outlook-on-recent-order-trends-exchange-rates-020.htm",
        "site_full": "www.finanznachrichten.de",
        "site": "finanznachrichten.de",
        "site_section": "https://www.finanznachrichten.de/nachrichten/news.htm",
        "site_categories": [
            "stocks",
            "finance",
            "financial_news"
        ],
        "section_title": "Aktuelle News auf FinanzNachrichten.de",
        "site_title": "Aktien | Aktuelle Nachrichten zu Finanzen",
        "title": "SMC Corporation Cuts Annual Outlook On Recent Order Trends, Exchange Rates",
        "title_full": "SMC Corporation Cuts Annual Outlook On Recent Order Trends, Exchange Rates",
        "published": "2025-11-13T08:12:52.689+02:00",
        "replies_count": 0,
        "participants_count": 0,
        "site_type": "news",
        "country": "DE",
        "main_image": "https://www.finanznachrichten.de/content/g/fb.png",
        "performance_score": 0,
        "domain_rank": 27063,
        "domain_rank_updated": "2025-10-26T23:00:00.000+02:00",
        "licensing_agency": [],
        "social": {
            "facebook": {
                "likes": 0,
                "comments": 0,
                "shares": 0
            },
            "vk": {
                "shares": 0
            }
        }
    },
    "uuid": "eb757f4b2bf78284812bcf00636c04280b4de898",
    "url": "https://www.finanznachrichten.de/nachrichten-2025-11/66965091-smc-corporation-cuts-annual-outlook-on-recent-order-trends-exchange-rates-020.htm",
    "ord_in_thread": 0,
    "author": null,
    "published": "2025-11-13T08:12:52.689+02:00",
    "title": "SMC Corporation Cuts Annual Outlook On Recent Order Trends, Exchange Rates",
    "text": "TOKYO (dpa-AFX) - SMC Corporation (QMC.F, 6273.T), a Japanese maker of control systems and equipment, on Thursday revised down its annual outlook, citing recent trends in orders and foreign exchange rates.\nFor the 12-month period to March 31, 2026 (full year), the company now expects a net income of JPY 153 billion, or JPY 2,406.70 per basic share, less than the earlier outlook of JPY 167 billion, or JPY 2,620.27 per basic share.\nSMC Corporation now anticipates annual sales of JPY 816 billion, compared with the earlier outlook of JPY 850 billion.\nFor the full year, the company still aims to pay a total dividend of JPY 1000 per share, unchanged from last year's JPY 1000 per share.\nFor the 12-month period to March 31, 2025, SMC Corporation had recorded a net profit of JPY 156.344 billion, or JPY 2,444.61 per basic share, on sales of JPY 792.108 billion.\nCopyright(c) 2025 RTTNews.com. All Rights Reserved\nCopyright RTT News/dpa-AFX © 2025 AFX News",
    "highlightText": "",
    "highlightTitle": "",
    "highlightThreadTitle": "",
    "language": "english",
    "sentiment": "negative",
    "categories": [
        "Economy, Business and Finance"
    ],
    "topics": [
        "Economy, Business and Finance->business reporting and performance",
        "Economy, Business and Finance->market and exchange",
        "Economy, Business and Finance->manufacturing and engineering"
    ],
    "ai_allow": true,
    "has_canonical": false,
    "breaking": false,
    "webz_reporter": false,
    "external_links": [
        "https://www.facebook.com/sharer.php?u=https://www.finanznachrichten.de/nachrichten-2025-11/66965091-smc-corporation-cuts-annual-outlook-on-recent-order-trends-exchange-rates-020.htm",
        "https://www.linkedin.com/shareArticle?mini=true&url=https://www.finanznachrichten.de/nachrichten-2025-11/66965091-smc-corporation-cuts-annual-outlook-on-recent-order-trends-exchange-rates-020.htm&title=deintitel",
        "https://twitter.com/intent/tweet?source=webclient&url=https://www.finanznachrichten.de/nachrichten-2025-11/66965091-smc-corporation-cuts-annual-outlook-on-recent-order-trends-exchange-rates-020.htm%2F&text=SMC",
        "https://www.xing.com/app/user?op=share;url=https://www.finanznachrichten.de/nachrichten-2025-11/66965091-smc-corporation-cuts-annual-outlook-on-recent-order-trends-exchange-rates-020.htm",
        "https://xing.com/app/user?op=share;url=https://finanznachrichten.de/nachrichten-2025-11/66965091-smc-corporation-cuts-annual-outlook-on-recent-order-trends-exchange-rates-020.htm",
        "https://twitter.com/intent/tweet?source=webclient&url=https://finanznachrichten.de/nachrichten-2025-11/66965091-smc-corporation-cuts-annual-outlook-on-recent-order-trends-exchange-rates-020.htm%2F&text=SMC",
        "https://www.xing.com/app/user",
        "https://www.linkedin.com/shareArticle",
        "https://linkedin.com/shareArticle?mini=true&url=https://finanznachrichten.de/nachrichten-2025-11/66965091-smc-corporation-cuts-annual-outlook-on-recent-order-trends-exchange-rates-020.htm&title=deintitel",
        "https://facebook.com/sharer.php?u=https://finanznachrichten.de/nachrichten-2025-11/66965091-smc-corporation-cuts-annual-outlook-on-recent-order-trends-exchange-rates-020.htm",
        "https://www.facebook.com/sharer.php",
        "https://twitter.com/intent/tweet"
    ],
    "external_images": [],
    "internal_images": [],
    "entities": {
        "persons": [],
        "locations": [],
        "organizations": [
            {
                "name": "SMC Corporation",
                "sentiment": "negative",
                "tickers": []
            }
        ]
    },
    "syndication": {
        "syndicated": false,
        "syndicate_id": null,
        "first_syndicated": false
    },
    "trust": {
        "categories": [],
        "top_news": [],
        "bias": null,
        "source": {
            "type": null,
            "city": null,
            "state": null,
            "country": null,
            "domain_type": null,
            "agency": null,
            "organization_name": null
        }
    },
    "rating": null,
    "crawled": "2025-11-13T08:12:52.689+02:00",
    "updated": "2025-11-13T08:14:01.000+02:00"
}