{
    "thread": {
        "uuid": "7c3cf06a23fe9a2ac871b66171e0a03b64833e5d",
        "url": "https://www.newsbreak.com/news/4345724829506-u-p-lawmakers-steelworkers-urge-action-to-block-energy-plan-they-say-threatens-region-s-economy",
        "site_full": "www.newsbreak.com",
        "site": "newsbreak.com",
        "site_section": "https://www.newsbreak.com/manistique-mi",
        "site_categories": [
            "under_construction"
        ],
        "section_title": "Manistique, MI Local News and More | NewsBreak",
        "site_title": "NewsBreak: Local News &amp; Alerts",
        "title": "U.P. Lawmakers, Steelworkers Urge Action to Block Energy Plan They Say Threatens Region's Economy - NewsBreak",
        "title_full": "U.P. Lawmakers, Steelworkers Urge Action to Block Energy Plan They Say Threatens Region's Economy - NewsBreak",
        "published": "2025-11-12T07:00:00.000+02:00",
        "replies_count": 0,
        "participants_count": 1,
        "site_type": "news",
        "country": "US",
        "main_image": "https://img.particlenews.com/img/id/2OJicO_16VrAxgW00",
        "performance_score": 0,
        "domain_rank": 2819,
        "domain_rank_updated": "2025-10-26T23:00:00.000+02:00",
        "licensing_agency": [],
        "social": {
            "facebook": {
                "likes": 0,
                "comments": 0,
                "shares": 0
            },
            "vk": {
                "shares": 0
            }
        }
    },
    "uuid": "7c3cf06a23fe9a2ac871b66171e0a03b64833e5d",
    "url": "https://www.newsbreak.com/news/4345724829506-u-p-lawmakers-steelworkers-urge-action-to-block-energy-plan-they-say-threatens-region-s-economy",
    "ord_in_thread": 0,
    "author": "Sophia Murphy",
    "published": "2025-11-12T07:00:00.000+02:00",
    "title": "U.P. Lawmakers, Steelworkers Urge Action to Block Energy Plan They Say Threatens Region's Economy - NewsBreak",
    "text": "By Sophia Murphy ,\n1 days ago LANSING, Mich. (WZMQ) – Upper Peninsula lawmakers, union leaders, and Cleveland-Cliffs executives are calling on state leaders to reverse a Michigan Public Service Commission (MPSC) proposal they say could devastate the region’s economy. The proposal, part of case U-21813, would amend Upper Michigan Energy Resources Corporation’s (UMERC) renewable... Read full article\nRead in NewsBreak",
    "highlightText": "",
    "highlightTitle": "",
    "highlightThreadTitle": "",
    "language": "english",
    "sentiment": "negative",
    "categories": [
        "Politics",
        "Economy, Business and Finance"
    ],
    "topics": [
        "Politics->government policy",
        "Politics->economic policy",
        "Economy, Business and Finance->economy"
    ],
    "ai_allow": true,
    "has_canonical": false,
    "breaking": null,
    "webz_reporter": false,
    "external_links": [],
    "external_images": [],
    "internal_images": [],
    "entities": {
        "persons": [
            {
                "name": "Sophia Murphy",
                "sentiment": "negative"
            }
        ],
        "locations": [
            {
                "name": "Upper Peninsula",
                "sentiment": "none"
            }
        ],
        "organizations": [
            {
                "name": "Upper Michigan Energy Resources Corporation",
                "sentiment": "none",
                "tickers": []
            },
            {
                "name": "Michigan Public Service Commission",
                "sentiment": "none",
                "tickers": [
                    {
                        "ticker": null,
                        "exchange": null
                    }
                ]
            },
            {
                "name": "Cleveland-Cliffs",
                "sentiment": "none",
                "tickers": [
                    {
                        "ticker": "CLF",
                        "exchange": "NYSE"
                    }
                ]
            },
            {
                "name": "MPSC",
                "sentiment": "none",
                "tickers": [
                    {
                        "ticker": null,
                        "exchange": null
                    }
                ]
            }
        ]
    },
    "syndication": {
        "syndicated": false,
        "syndicate_id": null,
        "first_syndicated": false
    },
    "trust": {
        "categories": [
            "fake_news"
        ],
        "top_news": [],
        "bias": "center",
        "source": {
            "type": "local_news",
            "city": [
                "Manistique"
            ],
            "state": [
                "Michigan"
            ],
            "country": [
                "US"
            ],
            "domain_type": null,
            "agency": null,
            "organization_name": null
        }
    },
    "rating": null,
    "crawled": "2025-11-13T08:13:31.458+02:00",
    "updated": "2025-11-13T08:18:06.000+02:00"
}