{
    "thread": {
        "uuid": "322f81c81792c94b1a6eaef6231ff31e9420c3d4",
        "url": "https://www.defenseworld.net/2025/11/13/bsr-reit-fy2025-eps-reduced-by-raymond-james-financial.html",
        "site_full": "www.defenseworld.net",
        "site": "defenseworld.net",
        "site_section": "https://www.defenseworld.net/feed/atom",
        "site_categories": [
            "media"
        ],
        "section_title": "Defense World",
        "site_title": "Defense World",
        "title": "Bsr Reit FY2025 EPS Reduced by Raymond James Financial - Defense World",
        "title_full": "Bsr Reit FY2025 EPS Reduced by Raymond James Financial - Defense World",
        "published": "2025-11-13T08:07:00.000+02:00",
        "replies_count": 0,
        "participants_count": 1,
        "site_type": "news",
        "country": "US",
        "main_image": "https://www.americanbankingnews.com/wp-content/timthumb/timthumb.php?src=https://www.marketbeat.com/logos/bsr-reit-logo-1200x675.jpg?v=20211220092435&amp;w=240&amp;h=240&amp;zc=2",
        "performance_score": 0,
        "domain_rank": 159846,
        "domain_rank_updated": "2025-10-26T23:00:00.000+02:00",
        "licensing_agency": [],
        "social": {
            "facebook": {
                "likes": 0,
                "comments": 0,
                "shares": 0
            },
            "vk": {
                "shares": 0
            }
        }
    },
    "uuid": "322f81c81792c94b1a6eaef6231ff31e9420c3d4",
    "url": "https://www.defenseworld.net/2025/11/13/bsr-reit-fy2025-eps-reduced-by-raymond-james-financial.html",
    "ord_in_thread": 0,
    "author": "Defense World Staff",
    "published": "2025-11-13T08:07:00.000+02:00",
    "title": "Bsr Reit FY2025 EPS Reduced by Raymond James Financial - Defense World",
    "text": "Bsr Reit ( TSE:HOM – Free Report ) – Stock analysts at Raymond James Financial cut their FY2025 earnings per share (EPS) estimates for shares of Bsr Reit in a research report issued to clients and investors on Monday, November 10th. Raymond James Financial analyst B. Sturges now forecasts that the company will earn $1.19 per share for the year, down from their previous forecast of $1.23. Raymond James Financial also issued estimates for Bsr Reit’s Q4 2025 earnings at $0.29 EPS, Q1 2026 earnings at $0.29 EPS, Q2 2026 earnings at $0.29 EPS, Q3 2026 earnings at $0.29 EPS, Q4 2026 earnings at $0.29 EPS, Q2 2027 earnings at $0.31 EPS and Q3 2027 earnings at $0.31 EPS. See Also",
    "highlightText": "",
    "highlightTitle": "",
    "highlightThreadTitle": "",
    "language": "english",
    "sentiment": "negative",
    "categories": [
        "Economy, Business and Finance"
    ],
    "topics": [
        "Economy, Business and Finance->business reporting and performance",
        "Economy, Business and Finance->investment and opinion pieces"
    ],
    "ai_allow": true,
    "has_canonical": false,
    "breaking": false,
    "webz_reporter": false,
    "external_links": [
        "https://www.marketbeat.com/stocks/TSE/HOM/",
        "https://www.marketbeat.com/arnreports/ReportTickerOptin.aspx?RegistrationCode=TickerHyperlink&Prefix=TSE&Symbol=HOM",
        "https://www.marketbeat.com/arnreports/ReportTickerOptin.aspx",
        "https://marketbeat.com/stocks/TSE/HOM/",
        "https://www.marketbeat.com/stocks/TSE/HOM",
        "https://marketbeat.com/arnreports/ReportTickerOptin.aspx?RegistrationCode=TickerHyperlink&Prefix=TSE&Symbol=HOM"
    ],
    "external_images": [],
    "internal_images": [],
    "entities": {
        "persons": [
            {
                "name": "B. Sturges",
                "sentiment": "none"
            }
        ],
        "locations": [],
        "organizations": [
            {
                "name": "Raymond James Financial",
                "sentiment": "none",
                "tickers": [
                    {
                        "ticker": "RJF",
                        "exchange": "NYSE"
                    }
                ]
            }
        ]
    },
    "syndication": {
        "syndicated": false,
        "syndicate_id": null,
        "first_syndicated": false
    },
    "trust": {
        "categories": [],
        "top_news": [],
        "bias": null,
        "source": {
            "type": null,
            "city": null,
            "state": null,
            "country": null,
            "domain_type": null,
            "agency": null,
            "organization_name": null
        }
    },
    "rating": null,
    "crawled": "2025-11-13T08:22:19.288+02:00",
    "updated": "2025-11-13T08:22:50.000+02:00"
}