{
    "thread": {
        "uuid": "58a13457520e55e84edebcf49d96d3b0b73b9ecc",
        "url": "https://www.marketsmojo.com/news/stocks-in-action/dredging-corporation-of-india-hits-day-low-amid-price-pressure-at-rs-79665-3697559",
        "site_full": "www.marketsmojo.com",
        "site": "marketsmojo.com",
        "site_section": "https://www.marketsmojo.com/news/stocks-in-action",
        "site_categories": [],
        "section_title": "Stay Informed with MarketsMojo News: Stock Market Insights, Portfolio Tracking, Alerts, and Expert Analyses  ",
        "site_title": "MarketsMojo Research, Handpicked Mojo Stocks &amp; Portfolio Tracking",
        "title": "Dredging Corporation of India Hits Day Low Amid Price Pressure at Rs 796.65",
        "title_full": "Dredging Corporation of India Hits Day Low Amid Price Pressure at Rs 796.65",
        "published": "2025-11-13T08:35:35.146+02:00",
        "replies_count": 0,
        "participants_count": 1,
        "site_type": "news",
        "country": "IN",
        "main_image": "https://i.marketsmojo.com/newsimg/2025/11/DredgingCorpora_priceRelatedfactors_3697559.png",
        "performance_score": 0,
        "domain_rank": 66172,
        "domain_rank_updated": "2025-10-26T23:00:00.000+02:00",
        "licensing_agency": [],
        "social": {
            "facebook": {
                "likes": 0,
                "comments": 0,
                "shares": 0
            },
            "vk": {
                "shares": 0
            }
        }
    },
    "uuid": "58a13457520e55e84edebcf49d96d3b0b73b9ecc",
    "url": "https://www.marketsmojo.com/news/stocks-in-action/dredging-corporation-of-india-hits-day-low-amid-price-pressure-at-rs-79665-3697559",
    "ord_in_thread": 0,
    "author": "@Marketsmojo",
    "published": "2025-11-13T08:35:35.146+02:00",
    "title": "Dredging Corporation of India Hits Day Low Amid Price Pressure at Rs 796.65",
    "text": "Dredging Corporation of India Hits Day Low Amid Price Pressure at Rs 796.65\nDredging Corporation of Indiasaw a notable decline in its stock price on November 13, 2025, following two days of gains. The stock has underperformed relative to its sector and has experienced a significant drop over the past week, contrasting with the overall market's positive trend.\nDredging Corporation of Indiahas experienced a significant decline today, with the stock dropping by 7.03% as of November 13, 2025. The stock reached an intraday low of Rs 796.65, marking a decrease of 7.07% from the previous close. This downturn follows two consecutive days of gains, indicating a trend reversal in its recent performance.\nIn terms of market positioning,\nDredging Corporation of Indiahas underperformed compared to its sector, lagging by 4.9%. The stock opened the day with a gap down of 3.09%, reflecting a challenging market environment. Despite this, the stock remains above its 20-day, 50-day, 100-day, and 200-day moving averages, although it is currently below its 5-day moving average.\nOver the past week, the stock has declined by 8.57%, contrasting sharply with the Sensex, which has gained 1.72% during the same period. Year-to-date,\nDredging Corporation of Indiahas seen a decrease of 4.06%, while the Sensex has risen by 8.45%. The company's performance metrics indicate a complex landscape as it navigates current market conditions.\n{{stockdata.stock.price.value}} {{stockdata.stock.price_difference.value}} ({{stockdata.stock.price_percentage.value}}%)\n{{stockdata.stock.date.value}} | BSE+NSE Vol: {{stockdata.index_name}} Vol: {{stockdata.stock.bse_nse_vol.value}} ({{stockdata.stock.bse_nse_vol_per.value}}%)\nRelated Stock Links\n{{stockdata.stock.stock_name.value}} Analysis}}){{stockdata.stock.stock_name.value}} Technicals}}){{stockdata.stock.stock_name.value}} Quality}}){{stockdata.stock.stock_name.value}} Valuation}}){{stockdata.stock.stock_name.value}} Financial Trend}}){{stockdata.stock.stock_name.value}} Return Analysis}}){{stockdata.stock.stock_name.value}} Price Analysis}}){{stockdata.stock.stock_name.value}} Quarterly Result Analysis}}){{stockdata.stock.stock_name.value}} Half-Yearly Result Analysis}}){{stockdata.stock.stock_name.value}} Nine Monthly Result Analysis}}){{stockdata.stock.stock_name.value}} Annual Results}}){{stockdata.stock.stock_name.value}} Balance Sheet}}){{stockdata.stock.stock_name.value}} Profit & Loss}}){{stockdata.stock.stock_name.value}} Cash Flow}}){{stockdata.stock.stock_name.value}} News}}){{stockdata.stock.stock_name.value}} Announcements}}){{stockdata.stock.stock_name.value}} Share Holding}}){{stockdata.stock.stock_name.value}} Peer Comparison}})\nOur weekly and monthly stock recommendations are here\nLoading...\nIndustry\n{{sm.old_ind_name }}\nMarket Cap\n{{sm.mcapsizerank }}\nDate of Entry\n{{sm.date }}\nTarget Price\n{{sm.target_price }}\n({{sm.performance_target }}%)\nHolding Duration\n{{sm.target_duration }}\nLast 1 Year Return\n{{sm.performance_1y}}%\n{{sm.comp_name}} price as on {{sm.todays_date}}\n₹{{sm.price_as_on}} ({{sm.performance}}%)\nIndustry\n{{sm.old_ind_name}}\nMarket Cap\n{{sm.mcapsizerank}}\nDate of Entry\n{{sm.date}}\nEntry Price\n{{sm.opening_price}}\nLast 1 Year Return\n{{sm.performance_1y}}%\nRelated News",
    "highlightText": "",
    "highlightTitle": "",
    "highlightThreadTitle": "",
    "language": "english",
    "sentiment": "negative",
    "categories": [
        "Economy, Business and Finance"
    ],
    "topics": [
        "Economy, Business and Finance->corporate news and profiles",
        "Economy, Business and Finance->market and exchange"
    ],
    "ai_allow": true,
    "has_canonical": false,
    "breaking": false,
    "webz_reporter": false,
    "external_links": [],
    "external_images": [],
    "internal_images": [],
    "entities": {
        "persons": [],
        "locations": [],
        "organizations": []
    },
    "syndication": {
        "syndicated": false,
        "syndicate_id": null,
        "first_syndicated": false
    },
    "trust": {
        "categories": [],
        "top_news": [],
        "bias": null,
        "source": {
            "type": null,
            "city": null,
            "state": null,
            "country": null,
            "domain_type": null,
            "agency": null,
            "organization_name": null
        }
    },
    "rating": null,
    "crawled": "2025-11-13T08:35:35.146+02:00",
    "updated": "2025-11-13T08:36:30.000+02:00"
}