{
    "thread": {
        "uuid": "16d598f7a74b6e31bf6593c5e55964a061e215e8",
        "url": "https://biz.chosun.com/en/en-finance/2025/11/13/I45FBITJZNEZTKX32RJ4HY52QI/",
        "site_full": "biz.chosun.com",
        "site": "chosun.com",
        "site_section": "https://news.google.com/search?q=down%20when%3A1h&hl=en-US&gl=US&ceid=US%3Aen",
        "site_categories": [
            "media",
            "top_news_pe",
            "top_news_kr",
            "top_news"
        ],
        "section_title": "Google News - Search",
        "site_title": "조선일보 - 1등 디지털뉴스",
        "title": "Hanwha General Insurance reports 71.6 billion won quarterly profit, down 21% - CHOSUNBIZ",
        "title_full": "Hanwha General Insurance reports 71.6 billion won quarterly profit, down 21% - CHOSUNBIZ",
        "published": "2025-11-13T07:32:00.000+02:00",
        "replies_count": 0,
        "participants_count": 1,
        "site_type": "news",
        "country": "KR",
        "main_image": "https://biz.chosun.com/resizer/v2/KSS45DV3PSZ5ZSFEMHPONT3AIY.jpg?auth=01cc1e9ae8e9604da501d52d10d0f39cf2fb248708fe59c4f055f5796cda33b2&amp;width=661&amp;height=347&amp;smart=true",
        "performance_score": 0,
        "domain_rank": 4004,
        "domain_rank_updated": "2025-10-26T23:00:00.000+02:00",
        "licensing_agency": [],
        "social": {
            "facebook": {
                "likes": 0,
                "comments": 0,
                "shares": 0
            },
            "vk": {
                "shares": 0
            }
        }
    },
    "uuid": "16d598f7a74b6e31bf6593c5e55964a061e215e8",
    "url": "https://biz.chosun.com/en/en-finance/2025/11/13/I45FBITJZNEZTKX32RJ4HY52QI/",
    "ord_in_thread": 0,
    "author": "Kim Min-kuk",
    "published": "2025-11-13T07:32:00.000+02:00",
    "title": "Hanwha General Insurance reports 71.6 billion won quarterly profit, down 21% - CHOSUNBIZ",
    "text": "HANWHA GENERAL INSURANCE disclosed on the 13th that it posted a net profit of 71.6 billion won in the third quarter this year. That was down 21.3% from a year earlier.Revenue came to 1.5991 trillion won, up 13.3% from a year earlier, while operating profit fell 26.2% on-year to 92.8 billion won. New long-term protection contracts reached 22.9 billion won, averaging 7.6 billion won per month, up 30% from a year earlier. HANWHA GENERAL INSURANCE said this was the result of steadily strengthening its market dominance by expanding sales focused on the women’s and senior insurance markets and scaling up its sales channels.At the end of the third quarter, the contractual service margin (CSM) of in-force contracts was 4.2607 trillion won, up 12% from 3.8032 trillion won at the end of last year. New business CSM rose 57.2% from 180.7 billion won a year earlier to a quarterly record of 284.1 billion won. In the third quarter, the profit-and-loss segment recorded 156 billion won, up 11.7% from the same period last year, on realized gains from higher stock prices and an increase in dividends and interest revenue.Insurance profit was 45 billion won, down 49.5% from a year earlier. The decline was due to a worsening gap between expected and actual long-term insurance claims amid an industrywide increase in medical utilization, and more insurance accidents in auto and general insurance due to seasonal factors. As of the end of September, HANWHA GENERAL INSURANCE’s risk-based capital (K-ICS) ratio is expected to be 212% after transitional measures.A HANWHA GENERAL INSURANCE official said, “As we continue to sell high-value products such as women’s and senior insurance, our value multiple is steadily increasing, and we expect profitability to improve steadily going forward,” adding, “From the fourth quarter, we will focus more on improving profit and loss through sales growth centered on high-quality contracts and precise underwriting not only in long-term insurance but also in auto and general insurance.”",
    "highlightText": "",
    "highlightTitle": "",
    "highlightThreadTitle": "",
    "language": "english",
    "sentiment": "negative",
    "categories": [
        "Economy, Business and Finance"
    ],
    "topics": [
        "Economy, Business and Finance->financial service",
        "Economy, Business and Finance->business reporting and performance",
        "Economy, Business and Finance->financial and economic news"
    ],
    "ai_allow": true,
    "has_canonical": false,
    "breaking": true,
    "webz_reporter": false,
    "external_links": [],
    "external_images": [],
    "internal_images": [],
    "entities": {
        "persons": [],
        "locations": [],
        "organizations": [
            {
                "name": "Hanwha General Insurance",
                "sentiment": "negative",
                "tickers": []
            },
            {
                "name": "CSM",
                "sentiment": "none",
                "tickers": [
                    {
                        "ticker": null,
                        "exchange": null
                    }
                ]
            }
        ]
    },
    "syndication": {
        "syndicated": false,
        "syndicate_id": null,
        "first_syndicated": false
    },
    "trust": {
        "categories": null,
        "top_news": [
            "top_news_pe",
            "top_news_kr",
            "top_news"
        ],
        "bias": "center",
        "source": {
            "type": null,
            "city": null,
            "state": null,
            "country": null,
            "domain_type": null,
            "agency": null,
            "organization_name": null
        }
    },
    "rating": null,
    "crawled": "2025-11-13T07:59:29.984+02:00",
    "updated": "2025-11-14T08:04:31.000+02:00"
}