{
    "thread": {
        "uuid": "ab445c585a43c7d8923d714c598f815333048d9a",
        "url": "https://economictimes.indiatimes.com/wealth/legal/will/landowner-earns-rs-1-82-crore-from-mango-sales-tax-dept-issues-notice-and-adds-rs-1-2-crore-as-unexplained-cash-credit-itat-bangalore-gives-relief/articleshow/125291497.cms",
        "site_full": "economictimes.indiatimes.com",
        "site": "indiatimes.com",
        "site_section": "https://economictimes.indiatimes.com/news/latest-news/",
        "site_categories": [
            "media",
            "top_news_nz",
            "top_news_au",
            "top_news_ae",
            "top_news_us",
            "top_news_gb",
            "top_news_th",
            "top_news_sa",
            "top_news_sg",
            "top_news_ph",
            "top_news_hk",
            "top_news_nl",
            "top_news_qa",
            "top_news_ie",
            "top_news_pk",
            "top_news_id",
            "top_news_dk",
            "top_news_eg",
            "top_news_za",
            "top_news_my",
            "top_news_kw",
            "top_news_be",
            "top_news_in",
            "top_news_ca",
            "top_news_iq",
            "top_news"
        ],
        "section_title": "Latest News: Latest News Today, Read Latest news updates | The Economic Times",
        "site_title": "Business News Live, Share Market News - Read Latest Finance News, IPO, Mutual Funds News",
        "title": "Landowner earns Rs 1.82 crore from mango sales, tax dept issues notice and adds Rs 1.2 crore as unexplained cash credit; ITAT Bangalore gives relief - The Economic Times",
        "title_full": "Landowner earns Rs 1.82 crore from mango sales, tax dept issues notice and adds Rs 1.2 crore as unexplained cash credit; ITAT Bangalore gives relief - The Economic Times",
        "published": "2025-11-13T08:04:00.000+02:00",
        "replies_count": 0,
        "participants_count": 1,
        "site_type": "news",
        "country": "IN",
        "main_image": "https://img.etimg.com/thumb/width-1200,height-900,imgsize-113604,resizemode-75,msid-125291497/wealth/legal/will/landowner-earns-rs-1-82-crore-from-mango-sales-tax-dept-issues-notice-and-adds-rs-1-2-crore-as-unexplained-cash-credit-itat-bangalore-gives-relief.jpg",
        "performance_score": 0,
        "domain_rank": 498,
        "domain_rank_updated": "2025-10-26T23:00:00.000+02:00",
        "licensing_agency": [],
        "social": {
            "facebook": {
                "likes": 1,
                "comments": 7,
                "shares": 15
            },
            "vk": {
                "shares": 0
            }
        }
    },
    "uuid": "ab445c585a43c7d8923d714c598f815333048d9a",
    "url": "https://economictimes.indiatimes.com/wealth/legal/will/landowner-earns-rs-1-82-crore-from-mango-sales-tax-dept-issues-notice-and-adds-rs-1-2-crore-as-unexplained-cash-credit-itat-bangalore-gives-relief/articleshow/125291497.cms",
    "ord_in_thread": 0,
    "author": "Neelanjit Das",
    "published": "2025-11-13T08:04:00.000+02:00",
    "title": "Landowner earns Rs 1.82 crore from mango sales, tax dept issues notice and adds Rs 1.2 crore as unexplained cash credit; ITAT Bangalore gives relief - The Economic Times",
    "text": "On October 30, 2025, the Income Tax Appellate Tribunal (ITAT) Bangalore bench, ruled against the tax department by upholding the affidavits provided by Mr. Kanana, a landowner, and dismissing the tax notice that the tax officer had prepared after being influenced by online articles.What happened was Mr. Kanana owned 22.24 acres of agricultural land where he mainly cultivated mangoes along with a few other fruits. He submitted his income tax return (ITR) for AY2020-21 on February 1, 2021, reporting a total income of Rs 48 lakh (48,58,140). However, his case was flagged off for limited scrutiny under CASS for the following reasons:Large agricultural income Agricultural incomeAccordingly, notices under Sections 143(2) and 142(1) were issued to Mr. Kanana, to which he responded on different dates. The documents (copy of the sale and purchase deeds) revealed that he was engaged in agricultural activities on 23.78 acres of agricultural land in Chittoor District, Andhra Pradesh. However, he only owns about 22.24 acres of land and the rest are in his children’s name. The land was acquired in June, 2018. The gross earnings from the sale of mango and other fruits during AY2021 was Rs 1.85 crore (1,85,63,174). During the assessment process, Mr. Kanan provided copies of affidavits confirming payments he received from various buyers of the mangoes for the Financial Year 2019-20, totalling Rs 82 lakh (82,79,000). However, the tax officer referred the case to the Income Tax Verification Unit through the Insight portal for a physical verification of the agricultural land, to check if any agricultural activities were conducted by him in the agricultural land located in the Chittoor District. Andhra Pradesh during FY2019-20. The Income Tax Verification Unit reported back to the tax officer confirming that that agricultural activities definitely took place. However, the rates they reported were Rs 7,000 to Rs 8,000 per ton and in FY2019-20, production was 3 to 4 ton per acre. Whereas, the highest rate for a very good variety of mango was approximately Rs 10,000. Accordingly, the verification unit submitted a report estimating the total turnover to be Rs 9,60,000 (24 X 4 X 10,000) per acre.After going through the verification unit’s report, the tax officer noticed that Mr Kanana had reported a net agricultural income of Rs 1.44 crore (1,44.61,074) out of which, only Rs 2.84 lakh (2,84,174) was reported as gross receipts from sale of other fruits during FY2019-20. The tax officer opined that even if we discount the gross receipts from the sale of other fruits, the net receipts from mango sales, after accounting for agricultural income expenses would be Rs 1,44,61,074-Rs 2.84,174 i.e., Rs 1.41 crore (1,41,76,900). The tax officer opined that the statistics reported by the Verification Unit matched up with what you’d find online regarding the average mango yield per acre in Andhra Pradesh. So, the tax officer deemed that the data for 2020 is 3 tonnes per acre, which is actually lower than the figure used in the previous calculations. To back up his theory, the income tax officer mentioned that according to the information sourced from internet, an article dated March 8, 2020, indicated that mango price has surged in Andhra Pradesh due to a fall in yield. The tax officer pointed out that the article stated that the prices of Banginapally variety were between Rs 60,000 and Rs 70,000 per ton in the market. Meanwhile, the Collector variety was priced at Rs 35,000 per ton, Pedda Rasalu was around Rs 45,000 per ton and China Rasalu was Rs 30,000 per ton. Thus the income tax assessing officer (AO) calculated the average of these prices to be Rs 45,000 per ton, leading to a turnover of Rs 43,20,000, with 50% of the sales amount considered as expenditure. The net agricultural income was calculated at Rs 21 lakh (21,60,000) and excess income of Rs 1.2 crore (1,20,16,900) was treated as cash credit under Section 68.Consequently, a show-cause notice was issued on September 9, 2022 and delivered on September 19, 2022. Aggrieved with the tax officer’s order, Mr. Kanana’s chartered accountant Thirumala Naidu filed an appeal before the Commissioner of Appeals (CIT A).The CIT(A) observed from the submission that the price of mango crop varies from year to year and depends on the variety. Normally the variety of mangoes sold to factories engaged in juice extraction are the lowest priced while other varieties meant for direct human consumption are premium with prices varying on the basis of variety, colour, aroma, taste, etc. Therefore, CIT (A) said that it is not easy to estimate income from mango crop without complete details on yield and pricing during that period, categorized by variety. Accordingly, CIT (A) deleted the addition made by the AO.Aggrieved by the CIT (A)’s order, the income tax department appealed to the ITAT Bangalore. On October 31, 2025, the income tax department lost the case in ITAT Bangalore and Mr. Kanana won the case, leading to the cancellation of the Rs 1.2 crore unexplained cash credit notice.Also read: Retired employee denied tax exemption on Rs 13 lakh leave encashment, ITAT Jaipur restores tax benefit under new Rs 25 lakh limitMihir Tanna, associate director, S.K Patodia LLP, said to ET Wealth Online: “In the given judgment, emphasis is given on submission of required details by the taxpayer. Cases wherein price of any product depends on many factors and taxpayer has provided all the required details to support why he agreed on specific price (which can be below fair market value); onus is discharged by the taxpayer and addition can not be unless any contrary fact is proved during the assessment proceedings.”Also read: Rs 80 lakh gift from brother-in-law lands man in tax trouble; here’s how he won the caseRead on to know what the ITAT Bangalore said and why Kanana won the case.ITAT Bangalore said thisITAT Bangalore in its judgement (ITA No.1509/Bang/2025) dated October 30, 2025 said that they have noted that the dispute in this case is regarding excess turnover shown by the assessee (Mr. Kanana) from the sale of mango products from 24 acres (approx.) of land.Also read: Now get faster tax refunds and easier ITR corrections: New CBDT rules explained ITAT Bangalore also observed that during the course of the assessment proceedings, Mr. Kanana had filed affidavits from four contractors who entered into contract with him at the flowering stage and these affidavits have not been discarded by the AO. ITAT Bangalore observed: “The verification unit submitted a report and from the internet, the AO estimated a total turnover of Rs 43,20,000 and 50% of the receipts have been treated as expenditure of Rs.21,60,000.”ITAT Bangalore also noted that Kanana has shown expenditure of Rs 41 lakh (41,02,100) which is more than estimated expenditure of Rs 21 lakh (21,60,000) by the AO. On going through the Order of the learned CIT(A), it is noticed that learned CIT(A) has allowed appeal of the assessee observing.Also read: Homebuyer to get Rs 1.28 crore refund with interest as MahaRERA raps builder for prolonged delay in getting OCITAT Bangalore said that the CIT(A) observed that assessee (Mr. Kanana) has satisfied the necessary ingredients of Section 68 as called for by the AO.Also read: Wife gets tax notice for purchasing Rs 51 lakh property but not filing ITR, she fights back and wins in ITAT Ahmedabad By providing details of the buyers as well as affidavits from the buyers who are said to have bought the agricultural produce from him, the assessee (Mr. Kanana) has discharged the primary onus cast upon him. ITAT Bangalore said: “After submitting all the documents, the AO neither rejected them nor called for confirmations or any other details from the said buyers. The AO has not enquired after the identity and credit worthiness of the said buyers.”Also read: Mutation entry can’t override real ownership or inheritance rights, says Supreme CourtITAT Bangalore said that the AO without enquiring the genuineness of the agricultural income admitted by the assessee (Mr. Kanana) and without disproving his claim, simply proceeded to estimate the income by relying on the report of the verification unit and the rate available in the internet, which cannot be relied upon without verifying the true facts submitted by the assessee.Also read: Full tax exemption for mother-in-law and son-in-law in ITAT Mumbai on sale of Rs 4 crore property due to this reason ITAT Bangalore judgement: “The case law relied on by the learned Counsel of the Hon’ble Apex Court in the case of Mehta Parikh and Co., cited supra supports the case of the case of the assessee. Accordingly we do not find any infirmity in the Order of the learned CIT(A) and we dismiss appeal of the Revenue. In the result, appeal filed by the Revenue is dismissed.”",
    "highlightText": "",
    "highlightTitle": "",
    "highlightThreadTitle": "",
    "language": "english",
    "sentiment": "negative",
    "categories": [
        "Economy, Business and Finance",
        "Crime, Law and Justice"
    ],
    "topics": [
        "Economy, Business and Finance->agriculture",
        "Economy, Business and Finance->financial and economic news",
        "Economy, Business and Finance->business service"
    ],
    "ai_allow": true,
    "has_canonical": true,
    "breaking": true,
    "webz_reporter": false,
    "external_links": [],
    "external_images": [],
    "internal_images": [],
    "entities": {
        "persons": [
            {
                "name": "Kanana",
                "sentiment": "none"
            }
        ],
        "locations": [
            {
                "name": "Chittoor District",
                "sentiment": "none"
            },
            {
                "name": "Andhra Pradesh",
                "sentiment": "none"
            }
        ],
        "organizations": [
            {
                "name": "Economic Times",
                "sentiment": "negative",
                "tickers": [
                    {
                        "ticker": null,
                        "exchange": null
                    }
                ]
            }
        ]
    },
    "syndication": {
        "syndicated": false,
        "syndicate_id": null,
        "first_syndicated": false
    },
    "trust": {
        "categories": null,
        "top_news": [
            "top_news_nz",
            "top_news_au",
            "top_news_ae",
            "top_news_us",
            "top_news_gb",
            "top_news_th",
            "top_news_sa",
            "top_news_sg",
            "top_news_ph",
            "top_news_hk",
            "top_news_nl",
            "top_news_qa",
            "top_news_ie",
            "top_news_pk",
            "top_news_id",
            "top_news_dk",
            "top_news_eg",
            "top_news_za",
            "top_news_my",
            "top_news_kw",
            "top_news_be",
            "top_news_in",
            "top_news_ca",
            "top_news_iq",
            "top_news"
        ],
        "bias": "center",
        "source": {
            "type": null,
            "city": null,
            "state": null,
            "country": null,
            "domain_type": null,
            "agency": null,
            "organization_name": null
        }
    },
    "rating": null,
    "crawled": "2025-11-13T08:23:15.233+02:00",
    "updated": "2025-11-14T09:07:14.000+02:00"
}