{
    "thread": {
        "uuid": "a8c45dae9a4c219a5c1b36bc809cf55afa7fefab",
        "url": "https://news.futunn.com/en/post/64843411/hong-kong-stock-market-midday-review-all-three-major-indices",
        "site_full": "news.futunn.com",
        "site": "futunn.com",
        "site_section": "https://news.futunn.com/en/main",
        "site_categories": [],
        "section_title": "Futubull Financial News | Latest Global Stock Market News",
        "site_title": "Futubull - Hong Kong, US and China Connect Stocks",
        "title": "Hong Kong Stock Market Midday Review | All three major indices declined, with the Hang Seng Tech Index down 0.77%; the lithium battery supply chain surged, with Ganzhou Lithium Co., Ltd. rising over 11% and Tianqi Lithium Industries up more than 9%; spot",
        "title_full": "Hong Kong Stock Market Midday Review | All three major indices declined, with the Hang Seng Tech Index down 0.77%; the lithium battery supply chain surged, with Ganzhou Lithium Co., Ltd. rising over 11% and Tianqi Lithium Industries up more than 9%; spot",
        "published": "2025-11-13T06:14:00.000+02:00",
        "replies_count": 0,
        "participants_count": 1,
        "site_type": "news",
        "country": "CN",
        "main_image": "https://newsfile.futunn.com/midday_wrap_up.png",
        "performance_score": 0,
        "domain_rank": 17592,
        "domain_rank_updated": "2025-10-26T23:00:00.000+02:00",
        "licensing_agency": [],
        "social": {
            "facebook": {
                "likes": 0,
                "comments": 0,
                "shares": 0
            },
            "vk": {
                "shares": 0
            }
        }
    },
    "uuid": "a8c45dae9a4c219a5c1b36bc809cf55afa7fefab",
    "url": "https://news.futunn.com/en/post/64843411/hong-kong-stock-market-midday-review-all-three-major-indices",
    "ord_in_thread": 0,
    "author": "Futu News",
    "published": "2025-11-13T06:14:00.000+02:00",
    "title": "Hong Kong Stock Market Midday Review | All three major indices declined, with the Hang Seng Tech Index down 0.77%; the lithium battery supply chain surged, with Ganzhou Lithium Co., Ltd. rising over 11% and Tianqi Lithium Industries up more than 9%; spot",
    "text": "Futu News reported on November 13 that the three major Hong Kong stock indices all fell, $Hang Seng Index (800000.HK)$ Down 0.58%, $Hang Seng TECH Index (800700.HK)$ down 0.77%, $Hang Seng China Enterprises Index (800100.HK)$ dropping by 0.64%.\nBy the midday close, 818 stocks rose, 1,132 declined, and 1,269 remained unchanged in the Hong Kong market.\nIn terms of sectors, technology stocks generally fell, with JD.com-SW down 2.17%, Kuaishou-W down 1.72%, Meituan-W down 1.38%, Alibaba-W down 1.21%, Tencent down 1.14%, Xiaomi Group-W down 0.96%, Baidu Group-SW up 0.95%, and Bilibili-W down 0.66%.\nNon-ferrous metal stocks generally rose, with Ganfeng Lithium up 11.25%, Tianqi Lithium up 9.04%, Luoyang Molybdenum up 5.95%, Chalco up 4.22%, Zijin Mining up 3.92%, Jiangxi Copper up 3.89%, Shandong Gold up 2.71%, and China Hongqiao up 2.47%.\nLithium battery stocks performed strongly, with Ganfeng Lithium up 11.25%, CALB up 9.16%, Tianqi Lithium up 9.04%, Tianneng Power up 5.62%, Zhejiang Zhili New Energy up 4.49%, CATL up 4.00%, BYD up 0.90%, and BYD Electronics up 0.23%.\nGold stocks stood out, with China Silver Group rising 12.31%, China Gold International Resources up 6.50%, Lingbao Gold up 4.47%, Zijin Mining gaining 3.92%, Chifeng Gold increasing by 3.11%, Shandong Gold up 2.71%, Zijin Gold International rising 2.57%, and Zhaojin Mining gaining 2.41%.\nBiotechnology stocks gained strength, with BeiGene rising 6.96%, Duality Biologics-B up 6.71%, Kelun-Biotech-B gaining 5.13%, RemeGen up 4.40%, Akeso Inc. rising 3.57%, Wuxi Bio up 3.48%, and Wuxi Apptec gaining 3.36%.\nProperty services and management stocks generally fell, with China Resources Mixc Life down 5.94%, Evergrande Property dropping 3.70%, Sunac Services declining 2.34%, China Overseas Property slipping 0.98%, Vanke Cloud falling 0.95%, Poly Property down 0.88%, Chipai Group Holdings dropping 0.63%, and Country Garden Services falling 0.46%.\nIn terms of individual stocks,\n$AUNTEA JENNY (02589.HK)$ Surging over 3% again, the stock skyrocketed nearly 29% yesterday and has now risen more than 50% this week.\n$TME-SW (01698.HK)$ Plummeting over 12% on heavy volume post-earnings, major banks note that investor concerns about competition from ByteDance have intensified.\n$JOHNSON ELEC H (00179.HK)$ Plummeted over 13% post-results, hitting a more than three-month low. The company announced its interim results for the six months ended September 30, 2025, with revenue of $1.833 billion, a year-on-year decrease of 1%.\n$SAMSONITE (01910.HK)$ Surged nearly 18%. Morgan Stanley noted that its Q3 results bottomed out, with an optimistic outlook for Q4.\n$CHENMING PAPER (01812.HK)$ Rose over 6%. Since November, the domestic paper industry has seen a continued intensification of price hikes with increasing momentum, showing a significant trend of 'leadership by major players and follow-up by end users' in the packaging paper sector.\n$FOURTH PARADIGM (06682.HK)$ Rose over 7%, achieving profitability for the first time in a single quarter in Q3.\n$BEONE MEDICINES (06160.HK)$ Surged nearly 7%, hitting a four-year high. Q3 net profit reached RMB 689 million, reversing a year-on-year loss to profitability.\nTop 10 in half-day trading volume\nEditor/Doris",
    "highlightText": "",
    "highlightTitle": "",
    "highlightThreadTitle": "",
    "language": "english",
    "sentiment": "negative",
    "categories": [
        "Economy, Business and Finance"
    ],
    "topics": [
        "Economy, Business and Finance->market and exchange",
        "Economy, Business and Finance->financial and economic news"
    ],
    "ai_allow": true,
    "has_canonical": false,
    "breaking": null,
    "webz_reporter": false,
    "external_links": [],
    "external_images": [],
    "internal_images": [],
    "entities": {
        "persons": [],
        "locations": [
            {
                "name": "Baidu",
                "sentiment": "none"
            }
        ],
        "organizations": [
            {
                "name": "Tianqi Lithium Industries",
                "sentiment": "neutral",
                "tickers": []
            },
            {
                "name": "Hong Kong Stock Market Midday Review",
                "sentiment": "neutral",
                "tickers": []
            },
            {
                "name": "Ganzhou Lithium Co., Ltd.",
                "sentiment": "neutral",
                "tickers": []
            },
            {
                "name": "Tianneng Power",
                "sentiment": "none",
                "tickers": []
            }
        ]
    },
    "syndication": {
        "syndicated": false,
        "syndicate_id": null,
        "first_syndicated": false
    },
    "trust": {
        "categories": [],
        "top_news": [],
        "bias": null,
        "source": {
            "type": null,
            "city": null,
            "state": null,
            "country": null,
            "domain_type": null,
            "agency": null,
            "organization_name": null
        }
    },
    "rating": null,
    "crawled": "2025-11-13T08:20:41.912+02:00",
    "updated": "2025-11-13T08:21:45.000+02:00"
}