{
    "thread": {
        "uuid": "eb67c7b3696a8a7b6abd13837619e14c079fab97",
        "url": "https://www.defenseworld.net/2025/11/13/fy2025-earnings-forecast-for-vitalhub-issued-by-roth-capital.html",
        "site_full": "www.defenseworld.net",
        "site": "defenseworld.net",
        "site_section": "https://www.defenseworld.net/feed/atom",
        "site_categories": [
            "media"
        ],
        "section_title": "Defense World",
        "site_title": "Defense World",
        "title": "FY2025 Earnings Forecast for Vitalhub Issued By Roth Capital - Defense World",
        "title_full": "FY2025 Earnings Forecast for Vitalhub Issued By Roth Capital - Defense World",
        "published": "2025-11-13T08:07:00.000+02:00",
        "replies_count": 0,
        "participants_count": 1,
        "site_type": "news",
        "country": "US",
        "main_image": "https://www.americanbankingnews.com/wp-content/timthumb/timthumb.php?src=https://www.marketbeat.com/logos/vitalhub-corp-logo-1200x675.png?v=20231115072057&amp;w=240&amp;h=240&amp;zc=2",
        "performance_score": 0,
        "domain_rank": 159846,
        "domain_rank_updated": "2025-10-26T23:00:00.000+02:00",
        "licensing_agency": [],
        "social": {
            "facebook": {
                "likes": 0,
                "comments": 0,
                "shares": 0
            },
            "vk": {
                "shares": 0
            }
        }
    },
    "uuid": "eb67c7b3696a8a7b6abd13837619e14c079fab97",
    "url": "https://www.defenseworld.net/2025/11/13/fy2025-earnings-forecast-for-vitalhub-issued-by-roth-capital.html",
    "ord_in_thread": 0,
    "author": "Defense World Staff",
    "published": "2025-11-13T08:07:00.000+02:00",
    "title": "FY2025 Earnings Forecast for Vitalhub Issued By Roth Capital - Defense World",
    "text": "Vitalhub Corp. ( TSE:VHI – Free Report ) – Analysts at Roth Capital decreased their FY2025 earnings estimates for Vitalhub in a research note issued to investors on Monday, November 10th. Roth Capital analyst R. Baldry now forecasts that the company will earn $0.08 per share for the year, down from their previous estimate of $0.14. The consensus estimate for Vitalhub’s current full-year earnings is $0.23 per share. Roth Capital also issued estimates for Vitalhub’s Q4 2025 earnings at $0.04 EPS. Several other analysts also recently commented on VHI. Stifel Nicolaus set a C$15.00 price objective on Vitalhub and gave the stock a “buy” rating in a research note on Wednesday, October 15th. Royal Bank Of Canada set a C$15.00 price target on Vitalhub and gave the stock a “moderate buy” rating in a report on Thursday, September 18th. National Bankshares set a C$16.00 price target on Vitalhub and gave the stock an “outperform” rating in a research report on Thursday, August 21st. TD Securities lifted their price objective on Vitalhub from C$15.00 to C$16.00 and gave the company a “buy” rating in a report on Monday, August 11th. Finally, Raymond James Financial increased their target price on Vitalhub from C$14.50 to C$15.00 and gave the stock an “outperform” rating in a research note on Tuesday, August 12th. Two equities research analysts have rated the stock with a Strong Buy rating and seven have given a Buy rating to the company. According to MarketBeat.com, the company presently has an average rating of “Buy” and an average price target of C$14.86. Get Our Latest Report on VHI Shares of TSE VHI opened at C$9.80 on Wednesday. Vitalhub has a twelve month low of C$8.50 and a twelve month high of C$14.64. The stock has a market cap of C$615.73 million, a price-to-earnings ratio of 122.50, a P/E/G ratio of 1.18 and a beta of 0.70. The company’s fifty day moving average is C$10.91 and its 200-day moving average is C$11.45. In related news, Director Steve Garrington sold 20,000 shares of Vitalhub stock in a transaction that occurred on Tuesday, August 19th. The stock was sold at an average price of C$12.90, for a total value of C$258,000.00. Following the sale, the director owned 60,000 shares of the company’s stock, valued at approximately C$774,000. This trade represents a 25.00% decrease in their position. Also, Director Danny Matlow sold 150,000 shares of the business’s stock in a transaction that occurred on Thursday, August 28th. The shares were sold at an average price of C$12.75, for a total value of C$1,912,500.00. Following the completion of the sale, the director owned 520,001 shares in the company, valued at C$6,630,012.75. The trade was a 22.39% decrease in their position. 18.57% of the stock is currently owned by company insiders. ( Get Free Report ) Vitalhub Corp is Canada-based firm that develops technology solutions for health and human services providers in the mental health (child through adult), long term care, community health service, home health, social service, and acute care sectors. Its technologies include blockchain, mobile, patient flow, web-based assessment, and electronic health record solutions.",
    "highlightText": "",
    "highlightTitle": "",
    "highlightThreadTitle": "",
    "language": "english",
    "sentiment": "negative",
    "categories": [
        "Economy, Business and Finance"
    ],
    "topics": [
        "Economy, Business and Finance->business reporting and performance",
        "Economy, Business and Finance->business and market analysis"
    ],
    "ai_allow": true,
    "has_canonical": false,
    "breaking": false,
    "webz_reporter": false,
    "external_links": [
        "https://marketbeat.com/scripts/336x280AdNewsSites.ashx",
        "https://www.marketbeat.com/stocks/TSE/VHI/",
        "https://www.marketbeat.com/stocks/TSE/VHI/earnings/",
        "https://www.marketbeat.com/arnreports/ReportTickerOptin.aspx?RegistrationCode=TickerHyperlink&Prefix=TSE&Symbol=VHI",
        "https://www.marketbeat.com/arnreports/ReportTickerOptin.aspx",
        "https://www.marketbeat.com/stocks/TSE/VHI",
        "https://marketbeat.com/stocks/TSE/VHI/",
        "https://www.marketbeat.com/scripts/336x280AdNewsSites.ashx",
        "https://www.marketbeat.com/stocks/TSE/VHI/earnings",
        "https://marketbeat.com/arnreports/ReportTickerOptin.aspx?RegistrationCode=TickerHyperlink&Prefix=TSE&Symbol=VHI",
        "https://marketbeat.com/stocks/TSE/VHI/earnings/"
    ],
    "external_images": [],
    "internal_images": [],
    "entities": {
        "persons": [
            {
                "name": "R. Baldry",
                "sentiment": "none"
            }
        ],
        "locations": [],
        "organizations": [
            {
                "name": "Vitalhub Corp.",
                "sentiment": "none",
                "tickers": [
                    {
                        "ticker": "VHI",
                        "exchange": "TSX"
                    }
                ]
            },
            {
                "name": "Royal Bank Of Canada",
                "sentiment": "none",
                "tickers": [
                    {
                        "ticker": "RY",
                        "exchange": "NYSE"
                    }
                ]
            },
            {
                "name": "National Bankshares",
                "sentiment": "none",
                "tickers": [
                    {
                        "ticker": "NKBS",
                        "exchange": "NASDAQ"
                    }
                ]
            },
            {
                "name": "VHI",
                "sentiment": "none",
                "tickers": [
                    {
                        "ticker": null,
                        "exchange": null
                    }
                ]
            }
        ]
    },
    "syndication": {
        "syndicated": false,
        "syndicate_id": null,
        "first_syndicated": false
    },
    "trust": {
        "categories": [],
        "top_news": [],
        "bias": null,
        "source": {
            "type": null,
            "city": null,
            "state": null,
            "country": null,
            "domain_type": null,
            "agency": null,
            "organization_name": null
        }
    },
    "rating": null,
    "crawled": "2025-11-13T08:22:15.288+02:00",
    "updated": "2025-11-13T08:22:52.000+02:00"
}