{
    "thread": {
        "uuid": "9fc336ebf0fa72662c3b579d6cb2341e59212db0",
        "url": "https://thebeerthrillers.com/category/hell-in-a-bucket-brewery/",
        "site_full": "thebeerthrillers.com",
        "site": "thebeerthrillers.com",
        "site_section": "https://thebeerthrillers.com/tag/emlenton-pa-news/",
        "site_categories": [],
        "section_title": "Emlenton PA News - The Beer Thrillers",
        "site_title": "Home - The Beer Thrillers",
        "title": "Hell in a Bucket Brewery - The Beer Thrillers",
        "title_full": "Hell in a Bucket Brewery - The Beer Thrillers",
        "published": "2025-11-12T02:00:00.000+02:00",
        "replies_count": 0,
        "participants_count": 0,
        "site_type": "news",
        "country": "US",
        "main_image": "",
        "performance_score": 0,
        "domain_rank": null,
        "domain_rank_updated": null,
        "licensing_agency": [],
        "social": {
            "facebook": {
                "likes": 0,
                "comments": 0,
                "shares": 0
            },
            "vk": {
                "shares": 0
            }
        }
    },
    "uuid": "9fc336ebf0fa72662c3b579d6cb2341e59212db0",
    "url": "https://thebeerthrillers.com/category/hell-in-a-bucket-brewery/",
    "ord_in_thread": 0,
    "author": null,
    "published": "2025-11-12T02:00:00.000+02:00",
    "title": "Hell in a Bucket Brewery - The Beer Thrillers",
    "text": "Hell in a Bucket Brewing Will be Closing Its Doors [...]\nHell in a Bucket Brewery is Moving to Marietta Pennsylvania [...]",
    "highlightText": "",
    "highlightTitle": "",
    "highlightThreadTitle": "",
    "language": "english",
    "sentiment": "negative",
    "categories": [
        "Economy, Business and Finance"
    ],
    "topics": [
        "Economy, Business and Finance->corporate news and profiles"
    ],
    "ai_allow": true,
    "has_canonical": false,
    "breaking": null,
    "webz_reporter": false,
    "external_links": [],
    "external_images": [],
    "internal_images": [],
    "entities": {
        "persons": [
            {
                "name": "Marie",
                "sentiment": "none"
            }
        ],
        "locations": [],
        "organizations": []
    },
    "syndication": {
        "syndicated": false,
        "syndicate_id": null,
        "first_syndicated": false
    },
    "trust": {
        "categories": [],
        "top_news": [],
        "bias": null,
        "source": {
            "type": "local_news",
            "city": [
                "Emlenton"
            ],
            "state": [
                "Pennsylvania"
            ],
            "country": [
                "US"
            ],
            "domain_type": null,
            "agency": null,
            "organization_name": null
        }
    },
    "rating": null,
    "crawled": "2025-11-13T07:34:43.084+02:00",
    "updated": "2025-11-13T07:37:36.000+02:00"
}