{
    "thread": {
        "uuid": "532194b9e7901dd4a55d8fcfc255292e5e66d075",
        "url": "https://article.wn.com/view/2025/11/20/Southwest_Horseboxes_Ltd_sold/",
        "site_full": "article.wn.com",
        "site": "wn.com",
        "site_section": "https://wn.com/europe",
        "site_categories": [
            "media"
        ],
        "section_title": "World News - Europe",
        "site_title": "World News",
        "title": "Southwest Horseboxes Ltd sold - Worldnews.com",
        "title_full": "Southwest Horseboxes Ltd sold - Worldnews.com",
        "published": "2025-11-20T02:00:00.000+02:00",
        "replies_count": 0,
        "participants_count": 1,
        "site_type": "news",
        "country": "US",
        "main_image": "",
        "performance_score": 0,
        "domain_rank": 8219,
        "domain_rank_updated": "2025-11-16T23:00:00.000+02:00",
        "licensing_agency": [],
        "social": {
            "facebook": {
                "likes": 0,
                "comments": 0,
                "shares": 0
            },
            "vk": {
                "shares": 0
            }
        }
    },
    "uuid": "532194b9e7901dd4a55d8fcfc255292e5e66d075",
    "url": "https://article.wn.com/view/2025/11/20/Southwest_Horseboxes_Ltd_sold/",
    "ord_in_thread": 0,
    "author": "BBC News",
    "published": "2025-11-20T02:00:00.000+02:00",
    "title": "Southwest Horseboxes Ltd sold - Worldnews.com",
    "text": "Customers say vehicles bought from one company broke down, filled with smoke or had wheels come off....",
    "highlightText": "",
    "highlightTitle": "",
    "highlightThreadTitle": "",
    "language": "english",
    "sentiment": "negative",
    "categories": [
        "Economy, Business and Finance"
    ],
    "topics": [
        "Economy, Business and Finance->consumer goods",
        "Economy, Business and Finance->customer insights and reviews"
    ],
    "ai_allow": true,
    "has_canonical": false,
    "breaking": null,
    "webz_reporter": false,
    "external_links": [],
    "external_images": [],
    "internal_images": [],
    "entities": {
        "persons": [],
        "locations": [],
        "organizations": [
            {
                "name": "Southwest Horseboxes Ltd",
                "sentiment": "negative",
                "tickers": []
            }
        ]
    },
    "syndication": {
        "syndicated": false,
        "syndicate_id": null,
        "first_syndicated": false
    },
    "trust": {
        "categories": [
            "trusted_news"
        ],
        "top_news": [],
        "bias": "center",
        "source": {
            "type": null,
            "city": null,
            "state": null,
            "country": null,
            "domain_type": null,
            "agency": null,
            "organization_name": null
        }
    },
    "rating": null,
    "crawled": "2025-11-20T08:44:33.617+02:00",
    "updated": "2025-11-20T08:48:35.000+02:00"
}