{
    "thread": {
        "uuid": "83e26955a96437daf4ee3a006fe2642438266a43",
        "url": "https://www.malaymail.com/news/malaysia/2025/11/20/sapp-president-says-sabah-is-a-sieve-that-leaks-wealth-calls-for-sarawak-style-coalition-of-local-parties/199075",
        "site_full": "www.malaymail.com",
        "site": "malaymail.com",
        "site_section": "https://www.malaymail.com/news/malaysia/2025/06/14/human-error-road-conditions-likely-behind-upsi-student-bus-crash-instead-of-faulty-brakes-says-transport-minister/180359",
        "site_categories": [
            "television",
            "business",
            "entertainment",
            "media",
            "sports",
            "tech",
            "marketing",
            "climbing",
            "top_news_sg",
            "top_news_my",
            "top_news"
        ],
        "section_title": " Human error, road conditions likely behind UPSI student bus crash instead of faulty brakes, says transport minister | Malay Mail ",
        "site_title": "Malay Mail | Breaking News, Malaysia, World, Lifestyle News",
        "title": "SAPP president says Sabah is 'a sieve that leaks wealth', calls for Sarawak-style coalition of local parties | Malay Mail",
        "title_full": "SAPP president says Sabah is 'a sieve that leaks wealth', calls for Sarawak-style coalition of local parties | Malay Mail",
        "published": "2025-11-20T08:17:00.000+02:00",
        "replies_count": 0,
        "participants_count": 1,
        "site_type": "news",
        "country": "MY",
        "main_image": "https://www.malaymail.com/malaymail/uploads/images/2025/11/20/310629.jpg",
        "performance_score": 0,
        "domain_rank": 13022,
        "domain_rank_updated": "2025-11-16T23:00:00.000+02:00",
        "licensing_agency": [],
        "social": {
            "facebook": {
                "likes": 1,
                "comments": 0,
                "shares": 1
            },
            "vk": {
                "shares": 0
            }
        }
    },
    "uuid": "83e26955a96437daf4ee3a006fe2642438266a43",
    "url": "https://www.malaymail.com/news/malaysia/2025/11/20/sapp-president-says-sabah-is-a-sieve-that-leaks-wealth-calls-for-sarawak-style-coalition-of-local-parties/199075",
    "ord_in_thread": 0,
    "author": "Malay Mail",
    "published": "2025-11-20T08:17:00.000+02:00",
    "title": "SAPP president says Sabah is 'a sieve that leaks wealth', calls for Sarawak-style coalition of local parties | Malay Mail",
    "text": "> KOTA KINABALU, Nov 20 — Sabah Progressive Party (SAPP) President Datuk Seri Yong Teck Lee said Sarawak has succeeded because they have a coalition model comprising local parties that works.\n“Not a dictatorship nor any party from outside. It is a consensus of local parties working solely for Sarawak without interference from Malaya parties.\n“We often look at Sarawak with envy. They have acquired their own airline (AirBorneo), purchased stakes in banks to secure their financial ecosystem, established their own coast guard to protect their marine assets, and are aggressively investing in AI and green energy.\n“Even more impressive is their education policy where they will soon offer free tertiary education,” said the former chief minister.\nHe said these successes are the fruits of financial security, even though Sarawak doesn’t have the “golden card” of Sabah 40pc tax revenue entitlement.\nYong said financial security is impossible to achieve when the government is penetrated by external powers or internal conflicts.\nAccording to him, the financial leakage occurred immediately after Malaya parties penetrated the Sabah government.\nHe said the first leakage is the Constitutional entitlement to the 40pc net revenue return.\nThis right was to ensure Sabah had the funds to catch up in development. Yet, when Sabah is governed or influenced by parties headquartered in Malaya, they cannot and will not demand this payment forcefully.\nConsequently, the billions that should be building our roads and water treatment plants remain in Federal hands.\nThe second leakage is even more damaging as it involves the weakening of local businesses.\n“When external parties hold power, economic policies and opportunities naturally tilt away from locals.”\nHe said former Sabah Minister, Datuk Yap Pak Leong, in February 2005, calculated a frightening statistic regarding this decline.\nBefore 1985, 90pc of businesses in Sabah were owned by Sabahans. By 2005, that figure had collapsed to less than 20pc, the direct result of political dilution.\nHe said: “When we lost political control to external models, we lost our economic sovereignty.\n“Our local businessmen are sidelined, contracts flow outwards and the wealth generated in Sabah does not stay in Sabah.”\nYong said this explains why Sabah is poor despite having superior natural attributes to Sarawak.\n“We have a better strategic position between the Pacific and South China Sea, deep-water ports, and rich resources, but we are a sieve that leaks wealth,” he said, in a statement.\nHe said the only way to plug the leak is to emulate the Sarawak model by forming a united coalition of local parties without interference from Malaya-based parties.\n“We must reject the dictatorship of single party rule.\n“It is time for the people of Sabah to wake up and unite to secure our financial pillar, or we will remain left behind forever. Now is the time,” he added. — Daily Express\n<",
    "highlightText": "",
    "highlightTitle": "",
    "highlightThreadTitle": "",
    "language": "english",
    "sentiment": "negative",
    "categories": [
        "Politics",
        "Economy, Business and Finance"
    ],
    "topics": [
        "Politics->political parties and movements",
        "Politics->regional government and authority",
        "Economy, Business and Finance->corporate news and profiles",
        "Economy, Business and Finance->business governance"
    ],
    "ai_allow": true,
    "has_canonical": false,
    "breaking": true,
    "webz_reporter": false,
    "external_links": [],
    "external_images": [],
    "internal_images": [],
    "entities": {
        "persons": [
            {
                "name": "Sabah",
                "sentiment": "negative"
            },
            {
                "name": "Datuk Seri Yong Teck Lee",
                "sentiment": "negative"
            },
            {
                "name": "Mal",
                "sentiment": "none"
            }
        ],
        "locations": [
            {
                "name": "Sarawak",
                "sentiment": "none"
            }
        ],
        "organizations": [
            {
                "name": "Sabah Progressive Party",
                "sentiment": "negative",
                "tickers": [
                    {
                        "ticker": null,
                        "exchange": null
                    }
                ]
            }
        ]
    },
    "syndication": {
        "syndicated": false,
        "syndicate_id": "83e26955a96437daf4ee3a006fe2642438266a43",
        "first_syndicated": true
    },
    "trust": {
        "categories": [
            "trusted_news"
        ],
        "top_news": [
            "top_news_sg",
            "top_news_my",
            "top_news"
        ],
        "bias": "center",
        "source": {
            "type": null,
            "city": null,
            "state": null,
            "country": null,
            "domain_type": null,
            "agency": null,
            "organization_name": null
        }
    },
    "rating": null,
    "crawled": "2025-11-20T08:27:00.612+02:00",
    "updated": "2025-11-21T09:09:20.000+02:00"
}