{
    "thread": {
        "uuid": "6a2777f4741fe749b4bf10dabfb4bc8d1887a16e",
        "url": "https://english.webdunia.com/article/deutsche-welle-news/tesla-profit-slumps-amid-lower-ev-sales-ai-spending-surge-126012900005_1.html",
        "site_full": "english.webdunia.com",
        "site": "webdunia.com",
        "site_section": "https://m-english.webdunia.com/",
        "site_categories": [
            "science",
            "media",
            "astrology",
            "hinduism",
            "religion",
            "top_news_in",
            "top_news",
            "politics",
            "human interest",
            "religion and belief",
            "lifestyle and leisure",
            "sport",
            "crime, law and justice",
            "arts, culture and entertainment",
            "economy, business and finance"
        ],
        "section_title": "English News, News Headlines, Today News Headlines, News in English, Top Stories",
        "site_title": "Apache2 Ubuntu Default Page: It works",
        "title": "Tesla profit slumps amid lower EV sales, AI spending surge",
        "title_full": "Tesla profit slumps amid lower EV sales, AI spending surge",
        "published": "2026-01-29T07:05:00.000+02:00",
        "replies_count": 0,
        "participants_count": 1,
        "site_type": "news",
        "country": "IN",
        "main_image": "https://wd-image.webdunia.com/processimg/1200x628/webp/_media/en/img/article/2021-03/14/thumb/5_4/1615701702-9891.jpg",
        "performance_score": 0,
        "domain_rank": 20478,
        "domain_rank_updated": "2026-01-25T23:00:00.000+02:00",
        "licensing_agency": [],
        "social": {
            "facebook": {
                "likes": 0,
                "comments": 0,
                "shares": 0
            },
            "vk": {
                "shares": 0
            }
        }
    },
    "uuid": "6a2777f4741fe749b4bf10dabfb4bc8d1887a16e",
    "url": "https://english.webdunia.com/article/deutsche-welle-news/tesla-profit-slumps-amid-lower-ev-sales-ai-spending-surge-126012900005_1.html",
    "ord_in_thread": 0,
    "author": "DW",
    "published": "2026-01-29T07:05:00.000+02:00",
    "title": "Tesla profit slumps amid lower EV sales, AI spending surge",
    "text": "Teslas annual profit sank to its lowest level in years as the company faces an array of challenges from increased competition to reputation issues due to CEO Elon Musks political engagements. The electric vehicle (EV) company on Wednesday reported that net income last year plunged 46% to $3.8 billion...",
    "summary": null,
    "highlightText": "",
    "highlightTitle": "",
    "highlightThreadTitle": "",
    "language": "english",
    "sentiment": "negative",
    "categories": [
        "Economy, Business and Finance",
        "Science and Technology"
    ],
    "topics": [
        "Economy, Business and Finance->automotive",
        "Economy, Business and Finance->corporate news and profiles",
        "Science and Technology->technology and engineering"
    ],
    "ai_allow": true,
    "has_canonical": false,
    "breaking": null,
    "webz_reporter": false,
    "external_links": [],
    "external_images": [],
    "internal_images": [],
    "entities": {
        "persons": [
            {
                "name": "Elon Musks",
                "sentiment": "none"
            }
        ],
        "locations": [],
        "organizations": [
            {
                "name": "Tesla",
                "sentiment": "negative",
                "tickers": [
                    {
                        "ticker": "TSLA",
                        "exchange": "NASDAQ"
                    }
                ]
            }
        ]
    },
    "syndication": {
        "syndicated": false,
        "syndicate_id": null,
        "first_syndicated": false
    },
    "trust": {
        "categories": [],
        "top_news": [
            "top_news_in",
            "top_news"
        ],
        "bias": null,
        "source": {
            "type": null,
            "city": null,
            "state": null,
            "country": null,
            "domain_type": null,
            "agency": null,
            "organization_name": null
        }
    },
    "rating": null,
    "crawled": "2026-01-29T08:49:44.082+02:00",
    "updated": "2026-01-30T09:07:49.000+02:00"
}