{
    "thread": {
        "uuid": "6e53e11dda3244cb0f86c579293b1fea98f8586b",
        "url": "https://www.armstrongeconomics.com/markets-by-sector/real_estate/homebuyers-walking-away-at-record-pace/",
        "site_full": "www.armstrongeconomics.com",
        "site": "armstrongeconomics.com",
        "site_section": "https://www.armstrongeconomics.com/feed",
        "site_categories": [
            "media",
            "economy, business and finance",
            "war, conflict and unrest",
            "politics"
        ],
        "section_title": "Armstrong Economics",
        "site_title": "Home | Armstrong Economics",
        "title": "Potential Homebuyers Walking Away at Record Pace",
        "title_full": "Potential Homebuyers Walking Away at Record Pace",
        "published": "2026-01-29T07:05:00.000+02:00",
        "replies_count": 0,
        "participants_count": 1,
        "site_type": "news",
        "country": "US",
        "main_image": "https://www.armstrongeconomics.com/wp-content/uploads/2023/04/TIME-to-Buy-Time-to-Sell.jpg",
        "performance_score": 0,
        "domain_rank": 92881,
        "domain_rank_updated": "2026-01-25T23:00:00.000+02:00",
        "licensing_agency": [],
        "social": {
            "facebook": {
                "likes": 0,
                "comments": 0,
                "shares": 0
            },
            "vk": {
                "shares": 0
            }
        }
    },
    "uuid": "6e53e11dda3244cb0f86c579293b1fea98f8586b",
    "url": "https://www.armstrongeconomics.com/markets-by-sector/real_estate/homebuyers-walking-away-at-record-pace/",
    "ord_in_thread": 0,
    "author": "Martin Armstrong",
    "published": "2026-01-29T07:05:00.000+02:00",
    "title": "Potential Homebuyers Walking Away at Record Pace",
    "text": "We are witnessing an unmistakable shift in the US housing market, not a bubble pop like 2008, but a market regime change characterized by buyers retreating as inventory rises and affordability remains strained. Recent data from Redfin shows that roughly 40,000 US home-purchase agreements were canceled in December, representing about 16.3% of homes that went under contract–the highest level for that month since at least 2017.\nExcess demand and historically low mortgage rates drove the housing market until around 2023. Trends that cannot continue forever eventually break down when the cyclical structure turns. The peak in housing demand, much like in equities or commodities, eventually lost momentum as mortgage rates climbed and affordability deteriorated.\nWe also saw a mass exodus out of states like New York and California due to policy, first surrounding COVID restrictions followed by excessive taxation. The political landscape has remained relatively stable on a state-wide basis and both people and corporations have settled in their respective states.\nEven as longer-term bond yields and mortgage rates have slightly pulled back, with average 30-year mortgage rates near their lowest point in over three years, they remain elevated compared with the ultra-low era of the early 2020s. Higher rates are pushing monthly payments beyond what buyers are able to afford. Sellers now outnumber buyers by record margins, a dynamic unseen in the recent boom years when over-ask bidding wars were commonplace.\nIn a boom market, buyers panic, compete, and push prices higher. In a cooling market with more listings, they withdraw when the deal doesn’t meet their financial reality. This is the behavior captured in the cancellation data provided by Redfin. Inspections and contingencies come with a high price tag and can cause buyers to walk away as every aspect of maintaining a home comes with a high price tag.\nThe problems in 2008 stemmed from systemic financial excess, predatory lending, adjustable-rate resets, and a lack of vetting. It was not an organic situation, but rather, conditions manufactured by credit expansion by financial institutions and rating agencies. We are not witnessing defaults because buyers are choosing to walk away before the purchase. Buyers and lenders are both evaluating risks and stopping deals in their tracks.\nWage growth, while improving, hasn’t kept pace with housing cost inflation over the last decade, especially after the dramatic increases in home prices since 2020. Combined with mortgage rates above long-term averages and elevated property taxes and insurance, the effective cost of homeownership has climbed faster than incomes for many.\nAffordability is of particular concern with younger demographics who have been priced out of the market. Starter homes are not what they once were.\nThe market is recalibrating and corrections are occurring before systemic debt defaults. All participants are making choices based on affordability and the heightened risk of not being able to make payments. It is almost difficult to call this a buyer’s market as no one feels they are walking away with a great deal.",
    "summary": "Recent data from Redfin shows that roughly 40,000 US home-purchase agreements were canceled in December, representing about 16.3% of homes that went under contract–the highest level for that month since at least 2017. The peak in housing demand, much like in equities or commodities, eventually lost momentum as mortgage rates climbed and affordability deteriorated. Sellers now outnumber buyers by record margins, a dynamic unseen in the recent boom years when over-ask bidding wars were commonplace. Wage growth, while improving, hasn’t kept pace with housing cost inflation over the last decade, especially after the dramatic increases in home prices since 2020.",
    "highlightText": "",
    "highlightTitle": "",
    "highlightThreadTitle": "",
    "language": "english",
    "sentiment": "negative",
    "categories": [
        "Economy, Business and Finance"
    ],
    "topics": [
        "Economy, Business and Finance->construction and property",
        "Economy, Business and Finance->business and market analysis"
    ],
    "ai_allow": true,
    "has_canonical": false,
    "breaking": null,
    "webz_reporter": false,
    "external_links": [
        "https://www.redfin.com/news/home-purchase-cancellations-december-2025/?utm_source=chatgpt.com",
        "https://redfin.com/news/home-purchase-cancellations-december-2025/?utm_source=chatgpt.com",
        "https://www.redfin.com/news/home-purchase-cancellations-december-2025/"
    ],
    "external_images": [],
    "internal_images": [],
    "entities": {
        "persons": [],
        "locations": [
            {
                "name": "US",
                "sentiment": "none"
            }
        ],
        "organizations": [
            {
                "name": "Redfin",
                "sentiment": "none",
                "tickers": [
                    {
                        "ticker": "RDFN",
                        "exchange": "NASDAQ"
                    }
                ]
            }
        ]
    },
    "syndication": {
        "syndicated": false,
        "syndicate_id": "6e53e11dda3244cb0f86c579293b1fea98f8586b",
        "first_syndicated": true
    },
    "trust": {
        "categories": null,
        "top_news": [],
        "bias": "right",
        "source": {
            "type": null,
            "city": null,
            "state": null,
            "country": null,
            "domain_type": null,
            "agency": null,
            "organization_name": null
        }
    },
    "rating": null,
    "crawled": "2026-01-29T08:40:38.804+02:00",
    "updated": "2026-01-29T08:42:29.000+02:00"
}