{
    "thread": {
        "uuid": "7bfce346f250c007feb0032caa48dbdb861474fc",
        "url": "https://www.placera.se/telegram/usa-konkurrenter-whirlpool-sjonk-3-1-procent-20260129",
        "site_full": "www.placera.se",
        "site": "placera.se",
        "site_section": "https://placera.se/telegram",
        "site_categories": [
            "science and technology",
            "economy, business and finance"
        ],
        "section_title": "Telegram | Placera.se",
        "site_title": "Placera - Förstasidan | Placera",
        "title": "USA konkurrenter - Whirlpool sjönk 3,1 procent | Placera.se",
        "title_full": "USA konkurrenter - Whirlpool sjönk 3,1 procent | Placera.se",
        "published": "2026-01-29T07:50:00.000+02:00",
        "replies_count": 0,
        "participants_count": 1,
        "site_type": "news",
        "country": "SE",
        "main_image": "https://www.placera.se/static/images/default-image.png",
        "performance_score": 0,
        "domain_rank": 115968,
        "domain_rank_updated": "2026-01-25T23:00:00.000+02:00",
        "licensing_agency": [],
        "social": {
            "facebook": {
                "likes": 0,
                "comments": 0,
                "shares": 0
            },
            "vk": {
                "shares": 0
            }
        }
    },
    "uuid": "7bfce346f250c007feb0032caa48dbdb861474fc",
    "url": "https://www.placera.se/telegram/usa-konkurrenter-whirlpool-sjonk-3-1-procent-20260129",
    "ord_in_thread": 0,
    "author": "Finwire",
    "published": "2026-01-29T07:50:00.000+02:00",
    "title": "USA konkurrenter - Whirlpool sjönk 3,1 procent | Placera.se",
    "text": "telegram USA konkurrenter - Whirlpool sjönk 3,1 procent",
    "summary": null,
    "highlightText": "",
    "highlightTitle": "",
    "highlightThreadTitle": "",
    "language": "english",
    "sentiment": "negative",
    "categories": [
        "Economy, Business and Finance"
    ],
    "topics": [
        "Economy, Business and Finance->consumer goods",
        "Economy, Business and Finance->market and exchange"
    ],
    "ai_allow": true,
    "has_canonical": false,
    "breaking": false,
    "webz_reporter": false,
    "external_links": [],
    "external_images": [],
    "internal_images": [],
    "entities": {
        "persons": [],
        "locations": [
            {
                "name": "USA",
                "sentiment": "none"
            }
        ],
        "organizations": [
            {
                "name": "Whirlpool",
                "sentiment": "none",
                "tickers": [
                    {
                        "ticker": "WHR",
                        "exchange": "NYSE"
                    }
                ]
            }
        ]
    },
    "syndication": {
        "syndicated": false,
        "syndicate_id": null,
        "first_syndicated": false
    },
    "trust": {
        "categories": [],
        "top_news": [],
        "bias": null,
        "source": {
            "type": null,
            "city": null,
            "state": null,
            "country": null,
            "domain_type": null,
            "agency": null,
            "organization_name": null
        }
    },
    "rating": null,
    "crawled": "2026-01-29T08:02:46.575+02:00",
    "updated": "2026-01-29T08:03:46.000+02:00"
}