{
    "thread": {
        "uuid": "9d0ce6712ed11727e2327a27c3766f9d0e4a1827",
        "url": "https://www.newsbytesapp.com/news/business/bitcoin-slips-below-88k-as-crypto-market-takes-a-29t-hit/tldr",
        "site_full": "www.newsbytesapp.com",
        "site": "newsbytesapp.com",
        "site_section": "https://www.newsbytesapp.com/sitemap/googleNews/sitemap.xml",
        "site_categories": [
            "media",
            "politics",
            "lifestyle and leisure",
            "arts, culture and entertainment",
            "economy, business and finance",
            "crime, law and justice",
            "science and technology",
            "sport"
        ],
        "section_title": "",
        "site_title": "NewsBytes: Latest News, India, Cricket, Politics, Bollywood, Gadgets",
        "title": "Bitcoin slips below $88K as crypto market takes a $2.9T hit",
        "title_full": "Bitcoin slips below $88K as crypto market takes a $2.9T hit",
        "published": "2026-01-29T08:16:55.351+02:00",
        "replies_count": 0,
        "participants_count": 0,
        "site_type": "news",
        "country": "IN",
        "main_image": "",
        "performance_score": 0,
        "domain_rank": 35442,
        "domain_rank_updated": "2026-01-25T23:00:00.000+02:00",
        "licensing_agency": [],
        "social": {
            "facebook": {
                "likes": 0,
                "comments": 0,
                "shares": 0
            },
            "vk": {
                "shares": 0
            }
        }
    },
    "uuid": "9d0ce6712ed11727e2327a27c3766f9d0e4a1827",
    "url": "https://www.newsbytesapp.com/news/business/bitcoin-slips-below-88k-as-crypto-market-takes-a-29t-hit/tldr",
    "ord_in_thread": 0,
    "author": null,
    "published": "2026-01-29T08:16:55.351+02:00",
    "title": "Bitcoin slips below $88K as crypto market takes a $2.9T hit",
    "text": "Bitcoin slips below $88K as crypto market takes a $2.9T hit\nBusiness\nBitcoin dropped to $87,677 after the US Federal Reserve kept interest rates steady, sparking a massive sell-off that wiped $2.9 trillion from the crypto market and sent gold prices soaring.\nWhy does this matter?\nIf you're watching crypto or thinking about investing, this is a big shake-up.\nBitcoin's been bouncing between $86K and $91K lately, with traders eyeing key levels at $89K (support) and $90K (resistance).\nA break above or below could mean more wild moves ahead.\nWhat's behind the moves?\nThe Fed's rate pause was expected by most, but it still triggered a sell-the-news reaction as investors got cautious—plus some shifted cash into gold instead.\nLong-term holders also unloaded 143,000 BTC in just 30 days—the fastest sell-off since August 2025—adding to the volatility.",
    "summary": "Bitcoin slips below $88K as crypto market takes a $2.9T hit Bitcoin dropped to $87,677 after the US Federal Reserve kept interest rates steady, sparking a massive sell-off that wiped $2.9 trillion from the crypto market and sent gold prices soaring. If you're watching crypto or thinking about investing, this is a big shake-up. Bitcoin's been bouncing between $86K and $91K lately, with traders eyeing key levels at $89K (support) and $90K (resistance). The Fed's rate pause was expected by most, but it still triggered a sell-the-news reaction as investors got cautious—plus some shifted cash into gold instead.",
    "highlightText": "",
    "highlightTitle": "",
    "highlightThreadTitle": "",
    "language": "english",
    "sentiment": "negative",
    "categories": [
        "Economy, Business and Finance"
    ],
    "topics": [
        "Economy, Business and Finance->cryptocurrency",
        "Economy, Business and Finance->financial and economic news"
    ],
    "ai_allow": true,
    "has_canonical": false,
    "breaking": false,
    "webz_reporter": false,
    "external_links": [],
    "external_images": [],
    "internal_images": [],
    "entities": {
        "persons": [],
        "locations": [],
        "organizations": []
    },
    "syndication": {
        "syndicated": false,
        "syndicate_id": null,
        "first_syndicated": false
    },
    "trust": {
        "categories": [],
        "top_news": [],
        "bias": null,
        "source": {
            "type": null,
            "city": null,
            "state": null,
            "country": null,
            "domain_type": null,
            "agency": null,
            "organization_name": null
        }
    },
    "rating": null,
    "crawled": "2026-01-29T08:16:55.351+02:00",
    "updated": "2026-01-29T08:19:03.000+02:00"
}