{
    "thread": {
        "uuid": "ae221d01019a1e37d6687669c6ea2e5bdcc75dee",
        "url": "https://www.marketsmojo.com/news/stocks-in-action/revathi-equipment-india-ltd-reports-continued-financial-struggles-amid-margin-pressure-3809513",
        "site_full": "www.marketsmojo.com",
        "site": "marketsmojo.com",
        "site_section": "https://www.marketsmojo.com/news/result-analysis",
        "site_categories": [
            "economy, business and finance"
        ],
        "section_title": "Stay Informed with MarketsMojo News: Stock Market Insights, Portfolio Tracking, Alerts, and Expert Analyses  ",
        "site_title": "Mojo Search: Your Ultimate Buy/Sell/Hold Guide for all Stocks in India",
        "title": "Revathi Equipment India Ltd Reports Continued Financial S...",
        "title_full": "Revathi Equipment India Ltd Reports Continued Financial S...",
        "published": "2026-01-29T07:45:49.602+02:00",
        "replies_count": 0,
        "participants_count": 1,
        "site_type": "news",
        "country": "IN",
        "main_image": "https://i.marketsmojo.com/newsimg/2026/1/RevathiEquipmen_fintrenddot_3809513.png",
        "performance_score": 0,
        "domain_rank": 66172,
        "domain_rank_updated": "2026-01-25T23:00:00.000+02:00",
        "licensing_agency": [],
        "social": {
            "facebook": {
                "likes": 0,
                "comments": 0,
                "shares": 0
            },
            "vk": {
                "shares": 0
            }
        }
    },
    "uuid": "ae221d01019a1e37d6687669c6ea2e5bdcc75dee",
    "url": "https://www.marketsmojo.com/news/stocks-in-action/revathi-equipment-india-ltd-reports-continued-financial-struggles-amid-margin-pressure-3809513",
    "ord_in_thread": 0,
    "author": "@Marketsmojo",
    "published": "2026-01-29T07:45:49.602+02:00",
    "title": "Revathi Equipment India Ltd Reports Continued Financial S...",
    "text": "Quarterly Financial Performance Highlights\nThe December 2025 quarter results for Revathi Equipment India Ltd reveal a continuation of negative financial outcomes, although the company‚Äôs financial trend score has improved from a very negative -21 to a less severe negative -12 over the past three months. This shift suggests some stabilisation, but the underlying fundamentals remain weak.\nNet sales for the quarter stood at ‚Çπ32.23 crores, marking a decline of 15.1% compared to the average of the previous four quarters. This contraction in revenue reflects subdued demand conditions in the industrial manufacturing sector and possibly delays or cancellations of orders. The company‚Äôs profit after tax (PAT) plunged dramatically to a loss of ‚Çπ1.40 crores, representing a steep fall of 153.2% relative to the prior four-quarter average. Such a sharp deterioration in profitability underscores the operational challenges faced by Revathi Equipment.\nFurther compounding the negative outlook, the company‚Äôs interest expenses increased by 25.89% to ‚Çπ2.82 crores, indicating higher borrowing costs or increased debt levels. This rise in financial charges is a concern as it further pressures the bottom line. Earnings per share (EPS) for the quarter hit a low of ‚Çπ-4.56, the lowest recorded in recent periods, signalling significant losses for shareholders.\nStock Price and Market Performance\nRevathi Equipment‚Äôs stock price closed at ‚Çπ647.80 on 29 January 2026, down 6.37% on the day from the previous close of ‚Çπ691.85. The stock is currently trading at its 52-week low, a stark contrast to its 52-week high of ‚Çπ1,980.00, reflecting a severe downtrend over the past year. The intraday trading range on the day was between ‚Çπ647.80 and ‚Çπ690.10, indicating volatility amid investor uncertainty.\nWhen compared to the broader market, the company‚Äôs returns have significantly underperformed the Sensex benchmark. Over the past week, Revathi Equipment‚Äôs stock declined by 3.31%, while the Sensex fell by only 0.40%. The one-month return shows a 5.44% drop against a 3.21% decline in the Sensex. Year-to-date, the stock has lost 8.76%, more than double the Sensex‚Äôs 3.81% fall. Most notably, over the last year, the stock has plummeted by 64.98%, whereas the Sensex has gained 7.11%. This stark divergence highlights the company‚Äôs ongoing struggles relative to the broader market and sector peers.\nPerfect timing to enter! This Small Cap from IT - Software just turned profitable with growth momentum clearly building up. Get in before the broader market notices!\n- - New profitability achieved\n- - Growth momentum building\n- - Under-the-radar entry\nFinancial Trend and Industry Context\nThe company‚Äôs financial trend parameter has shifted from very negative to negative, reflecting a slight improvement but still signalling considerable challenges. The Mojo Score currently stands at 17.0, with a Mojo Grade of Strong Sell, upgraded from Sell on 11 November 2025. This grading indicates that despite some progress, the stock remains unattractive for investors based on fundamental and technical factors.\nWithin the industrial manufacturing sector, companies are facing headwinds from fluctuating raw material costs, supply chain disruptions, and subdued capital expenditure by clients. Revathi Equipment‚Äôs deteriorating profitability and rising interest costs suggest it has not yet managed to navigate these challenges effectively. The company‚Äôs market capitalisation grade is a low 4, indicating limited market cap strength relative to peers.\nOperational Challenges and Outlook\nRevathi Equipment‚Äôs operational performance is under pressure, as evidenced by declining sales and negative earnings. The contraction in net sales by over 15% in the latest quarter is a key concern, signalling weakening demand or competitive pressures. The sharp fall in PAT and EPS further emphasises the company‚Äôs inability to control costs or generate sufficient revenue to offset expenses.\nInterest expenses rising by nearly 26% suggest increased leverage or higher borrowing costs, which could constrain future investment and growth initiatives. The company must focus on improving operational efficiencies, reducing debt, and exploring new market opportunities to reverse the negative trend.\nConsidering Revathi Equipment India Ltd? Wait! SwitchER has found potentially better options in Industrial Manufacturing and beyond. Compare this micro-cap with top-rated alternatives now!\n- - Better options discovered\n- - Industrial Manufacturing + beyond scope\n- - Top-rated alternatives ready\nInvestor Considerations and Market Sentiment\nGiven the current financial performance and market conditions, investors should approach Revathi Equipment India Ltd with caution. The strong sell rating and deteriorating earnings metrics suggest limited near-term upside. The stock‚Äôs significant underperformance relative to the Sensex over multiple time frames highlights the risks involved.\nHowever, the slight improvement in the financial trend score from very negative to negative may indicate that the company is beginning to stabilise. Investors with a higher risk tolerance might monitor upcoming quarters for signs of margin expansion or revenue recovery before considering entry.\nComparatively, the industrial manufacturing sector offers other opportunities with stronger fundamentals and more favourable outlooks. Market participants are advised to evaluate alternatives carefully, considering both financial health and growth prospects.\nSummary\nRevathi Equipment India Ltd‚Äôs December 2025 quarter results reflect ongoing operational and financial challenges, with declining sales, widening losses, and increased interest expenses. Despite a modest improvement in its financial trend score, the company remains under significant pressure, as reflected in its strong sell rating and poor stock performance. Investors should weigh these factors carefully and consider more robust alternatives within the industrial manufacturing sector.\nUnlock special upgrade rates for a limited period. Start Saving Now ‚Üí",
    "summary": "The company‚Äôs profit after tax (PAT) plunged dramatically to a loss of ‚Çπ1.40 crores, representing a steep fall of 153.2% relative to the prior four-quarter average. Earnings per share (EPS) for the quarter hit a low of ‚Çπ-4.56, the lowest recorded in recent periods, signalling significant losses for shareholders. Within the industrial manufacturing sector, companies are facing headwinds from fluctuating raw material costs, supply chain disruptions, and subdued capital expenditure by clients. Revathi Equipment India Ltd‚Äôs December 2025 quarter results reflect ongoing operational and financial challenges, with declining sales, widening losses, and increased interest expenses.",
    "highlightText": "",
    "highlightTitle": "",
    "highlightThreadTitle": "",
    "language": "english",
    "sentiment": "negative",
    "categories": [
        "Economy, Business and Finance"
    ],
    "topics": [
        "Economy, Business and Finance->financial and economic news",
        "Economy, Business and Finance->business reporting and performance"
    ],
    "ai_allow": true,
    "has_canonical": false,
    "breaking": false,
    "webz_reporter": false,
    "external_links": [],
    "external_images": [],
    "internal_images": [],
    "entities": {
        "persons": [],
        "locations": [],
        "organizations": [
            {
                "name": "Revathi Equipment India Ltd",
                "sentiment": "negative",
                "tickers": []
            }
        ]
    },
    "syndication": {
        "syndicated": false,
        "syndicate_id": null,
        "first_syndicated": false
    },
    "trust": {
        "categories": [],
        "top_news": [],
        "bias": null,
        "source": {
            "type": null,
            "city": null,
            "state": null,
            "country": null,
            "domain_type": null,
            "agency": null,
            "organization_name": null
        }
    },
    "rating": null,
    "crawled": "2026-01-29T07:45:49.602+02:00",
    "updated": "2026-01-29T07:49:32.000+02:00"
}