{
    "thread": {
        "uuid": "de73b1c7d0488e981302a8e1d733bfcba9ef3d1a",
        "url": "https://www.marketsmojo.com/news/result-analysis/chemfab-alkalis-q3-fy26-mounting-losses-and-margin-collapse-signal-deepening-operational-crisis-3809516",
        "site_full": "www.marketsmojo.com",
        "site": "marketsmojo.com",
        "site_section": "https://www.marketsmojo.com/news/result-analysis",
        "site_categories": [
            "economy, business and finance"
        ],
        "section_title": "Stay Informed with MarketsMojo News: Stock Market Insights, Portfolio Tracking, Alerts, and Expert Analyses  ",
        "site_title": "Mojo Search: Your Ultimate Buy/Sell/Hold Guide for all Stocks in India",
        "title": "Chemfab Alkalis Q3 FY26: Mounting Losses and Margin Colla...",
        "title_full": "Chemfab Alkalis Q3 FY26: Mounting Losses and Margin Colla...",
        "published": "2026-01-29T07:59:43.311+02:00",
        "replies_count": 0,
        "participants_count": 1,
        "site_type": "news",
        "country": "IN",
        "main_image": "https://i.marketsmojo.com/newsimg/2026/1/ChemfabAlkalis_quaterlyResult_3809516.png",
        "performance_score": 0,
        "domain_rank": 66172,
        "domain_rank_updated": "2026-01-25T23:00:00.000+02:00",
        "licensing_agency": [],
        "social": {
            "facebook": {
                "likes": 0,
                "comments": 0,
                "shares": 0
            },
            "vk": {
                "shares": 0
            }
        }
    },
    "uuid": "de73b1c7d0488e981302a8e1d733bfcba9ef3d1a",
    "url": "https://www.marketsmojo.com/news/result-analysis/chemfab-alkalis-q3-fy26-mounting-losses-and-margin-collapse-signal-deepening-operational-crisis-3809516",
    "ord_in_thread": 0,
    "author": "@Marketsmojo",
    "published": "2026-01-29T07:59:43.311+02:00",
    "title": "Chemfab Alkalis Q3 FY26: Mounting Losses and Margin Colla...",
    "text": "The results underscore a company in distress. Sequential revenue declined 11.00% from Q2 FY26, marking the third consecutive quarter of falling sales. More alarmingly, operating profit before depreciation, interest, tax, and other income (PBDIT excluding OI) plummeted to ‚Çπ1.94 crores‚Äîthe lowest in the past seven quarters‚Äîrepresenting an 83.71% collapse from the year-ago quarter's ‚Çπ11.91 crores. The company's profit before tax stood at a loss of ‚Çπ4.79 crores, compared to a profit of ‚Çπ3.64 crores in Q3 FY25.\nWith a market capitalisation of just ‚Çπ545.27 crores and trading at an inflated P/E ratio of 189x‚Äînearly five times the industry average of 39x‚Äîthe stock's valuation appears disconnected from operational reality. The shares have lost 63.16% over the past year, dramatically underperforming both the Sensex (up 6.90%) and the commodity chemicals sector (up 6.62%).\n| Quarter | Dec'25 | Sep'25 | Jun'25 | Mar'25 | Dec'24 | Sep'24 | Jun'24 |\n|---|---|---|---|---|---|---|---|\n| Net Sales (‚Çπ Cr) | 68.14 | 76.56 | 91.54 | 92.32 | 83.62 | 81.90 | 76.53 |\n| QoQ Change (%) | -11.00% | -16.36% | -0.84% | +10.40% | +2.10% | +7.02% | ‚Äî |\n| Net Profit (‚Çπ Cr) | -4.45 | -2.01 | 2.55 | -9.19 | 1.88 | -0.53 | 0.90 |\n| YoY Change (%) | -336.70% | +279.25% | +183.33% | ‚Äî | ‚Äî | ‚Äî | ‚Äî |\n| Operating Margin (%) | 2.85% | 7.13% | 12.34% | 14.44% | 14.24% | 12.39% | 10.88% |\n| PAT Margin (%) | -6.53% | -2.63% | 2.79% | -9.95% | 2.25% | -0.65% | 1.18% |\nFinancial Performance: A Downward Spiral Accelerates\nThe Q3 FY26 numbers reveal a company struggling with fundamental operational challenges. Net sales of ‚Çπ68.14 crores marked the lowest quarterly revenue in the trailing seven-quarter period, declining 18.51% year-on-year and 11.00% sequentially. This represents the third consecutive quarter of revenue contraction, with sales falling from ‚Çπ91.54 crores in Q1 FY26 to the current levels‚Äîa cumulative decline of 25.56% within just two quarters.\nThe margin picture is even more troubling. Operating profit excluding other income collapsed to ‚Çπ1.94 crores from ‚Çπ11.91 crores in Q3 FY25, translating to an operating margin of just 2.85% versus 14.24% a year ago‚Äîa deterioration of 1,139 basis points. This represents the lowest operating margin recorded in at least seven quarters, signalling severe pricing pressure or cost inflation challenges in the commodity chemicals space.\nInterest costs have risen 69.17% year-on-year to ‚Çπ2.03 crores, whilst depreciation surged to ‚Çπ7.47 crores from ‚Çπ9.62 crores in Q3 FY25, reflecting the company's capital-intensive expansion undertaken in recent years. The combination of falling revenues, collapsing margins, and rising fixed costs pushed the company into a pre-tax loss of ‚Çπ4.79 crores in Q3 FY26.\nThe nine-month performance for FY26 (April-December 2025) paints an equally concerning picture. Cumulative revenue of ‚Çπ236.24 crores represents only a marginal decline of 2.90% compared to the same period last year, but net losses have mounted to ‚Çπ3.91 crores versus a profit of ‚Çπ2.25 crores in the first nine months of FY25. The company's inability to maintain profitability despite relatively stable top-line performance highlights deteriorating operational efficiency and margin compression.\nCritical Concern: Lowest Quarterly Metrics\nOperating Profit to Interest Coverage: At just 0.96 times in Q3 FY26, this represents the lowest coverage in recent history, signalling severe stress in servicing debt obligations.\nCash Position: Cash and cash equivalents in the first half of FY26 stood at just ‚Çπ0.89 crores‚Äîthe lowest in years‚Äîraising concerns about liquidity and working capital management.\nDebt-Equity Ratio: Has risen to 0.29 times in H1 FY26, the highest recorded level, indicating increasing financial leverage at a time when profitability is deteriorating.\nMargin Dynamics: The Core Problem\nThe erosion in operating margins from 14.24% in Q3 FY25 to 2.85% in Q3 FY26 represents the single most critical challenge facing Chemfab Alkalis. This 1,139 basis point contraction cannot be attributed solely to cyclical factors‚Äîit points to structural issues in the company's cost base or pricing power.\nCommodity chemicals manufacturers typically operate in highly competitive, price-sensitive markets where margins are thin and volumes drive profitability. Chemfab's margin collapse suggests either severe pricing pressure in caustic soda and chlorine markets, or significant cost inflation in raw materials and energy that the company has been unable to pass through to customers. Employee costs remained relatively stable at ‚Çπ6.59 crores in Q3 FY26, but depreciation of ‚Çπ7.47 crores continues to weigh heavily on profitability.\nThe company's return on equity (ROE) has deteriorated sharply to just 0.82% in the latest period, down from an average of 6.91% over recent years. This anaemic return profile‚Äîwell below the cost of capital‚Äîindicates value destruction for shareholders. Return on capital employed (ROCE) similarly plunged to 1.80% from a historical average of 10.65%, reflecting poor asset utilisation and weak operational returns.\nQuality of Earnings: Red Flags Emerging\nThe negative tax rate of 7.31% in Q3 FY26 (compared to 48.35% in Q3 FY25) reflects tax adjustments on losses rather than normal operations. More concerning is the interest coverage ratio, which has collapsed to below 1x‚Äîmeaning operating profits are insufficient to cover even interest expenses. This is particularly worrying given that long-term debt surged to ‚Çπ63.80 crores in FY25 from just ‚Çπ16.39 crores in FY24, representing a near-quadrupling of debt at precisely the time when operational performance has deteriorated.\nBalance Sheet Stress: Liquidity Concerns Mount\nChemfab's balance sheet reveals a company under increasing financial strain. Long-term debt jumped dramatically to ‚Çπ63.80 crores in FY25 from ‚Çπ16.39 crores in FY24, indicating significant borrowing‚Äîlikely to fund the capital expenditure that pushed fixed assets to ‚Çπ303.26 crores from ‚Çπ232.52 crores. However, this expansion has occurred at an inopportune time, with operating performance deteriorating sharply.\nCurrent assets of ‚Çπ119.37 crores in FY25 provide some cushion against current liabilities of ‚Çπ72.20 crores, yielding a current ratio of approximately 1.65x. However, the cash flow statement reveals concerning trends: operating cash flow of ‚Çπ39.00 crores in FY25 was entirely absorbed by investing activities of ‚Çπ85.00 crores, forcing the company to rely on financing cash flow of ‚Çπ58.00 crores (primarily debt) to bridge the gap.\nMost alarmingly, cash and cash equivalents in the first half of FY26 stood at just ‚Çπ0.89 crores‚Äîdown from ‚Çπ19.00 crores at the end of FY25. This dramatic depletion of liquidity, combined with mounting losses and rising debt service obligations, raises serious questions about the company's ability to navigate the current downturn without additional capital infusion.\n| Company | P/E (TTM) | P/BV | ROE (%) | Debt/Equity | Div Yield (%) |\n|---|---|---|---|---|---|\n| Chemfab Alkalis | 189.44 | 1.56 | 6.91% | 0.29 | 0.29% |\n| TGV Sraac | 7.88 | 0.76 | 13.78% | 0.16 | 1.12% |\n| Andhra Sugars | 12.30 | 0.58 | 9.18% | -0.16 | 1.14% |\n| Indo Borax & Chem. | 20.14 | 2.19 | 16.18% | -0.41 | 0.41% |\n| Sr. Rayalaseema Hypo | 8.13 | 0.77 | 13.39% | -0.40 | 0.63% |\n| Transpek Industries | 10.96 | 0.83 | 9.64% | -0.08 | 1.75% |\nPeer Comparison: Valuation Disconnect Stark\nWhen benchmarked against commodity chemicals peers, Chemfab Alkalis' valuation appears egregiously expensive relative to operational performance. Trading at a P/E ratio of 189.44x‚Äîthe highest in its peer group by a wide margin‚Äîthe stock commands a valuation premium that is entirely unjustified by fundamentals.\nPeer companies trade at P/E multiples ranging from 7.88x (TGV Sraac) to 20.14x (Indo Borax & Chemicals), with an average around 12x. Chemfab's 189x multiple implies the market is pricing in a dramatic operational turnaround that current trends do not support. More tellingly, the company's ROE of 6.91% is the lowest in its peer group, where competitors deliver returns ranging from 9.18% to 16.18%.\nThe price-to-book ratio of 1.56x also appears elevated given the weak return profile. Whilst higher than most peers (average around 1.0x), this metric would be justified only if the company were generating superior returns on equity‚Äîwhich it clearly is not. The dividend yield of 0.29% is among the lowest in the group, reflecting both weak profitability and a conservative payout policy.\n\"At 189 times trailing earnings and an ROE of just 6.91%,\nChemfab Alkalistrades at a valuation that assumes perfection in a business currently experiencing operational distress.\"\nValuation Analysis: Extreme Premium Unjustified\nChemfab Alkalis' valuation metrics flash bright red warning signals across the board. The P/E ratio of 189x is not merely expensive‚Äîit's in the stratosphere, particularly for a commodity chemicals manufacturer experiencing margin compression and mounting losses. The company's EV/EBITDA multiple of 16.65x and EV/EBIT of 79.76x are similarly elevated, especially given the deteriorating operational trajectory.\nThe stock's classification as \"VERY EXPENSIVE\" by valuation grading systems is well-deserved. Since May 2024, the stock has oscillated between \"Expensive\" and \"Very Expensive\" ratings, with the current assessment reflecting the disconnect between market price and underlying fundamentals. With the stock down 63.86% from its 52-week high of ‚Çπ1,049.80, much of the valuation froth has been eliminated, but significant downside risk remains given the negative earnings trajectory.\nBook value per share stands at ‚Çπ264.55, implying the current price of ‚Çπ379.35 trades at a 43% premium to book. For a company generating sub-par returns and facing existential profitability challenges, this premium appears entirely unwarranted. A fair valuation would likely require the stock to trade at or below book value, suggesting potential downside of 30-40% from current levels.\nShareholding Pattern: Promoters Steady, Institutions Absent\nThe shareholding structure of Chemfab Alkalis reveals a promoter-dominated company with minimal institutional participation. Promoter holding stood at 72.13% as of December 2025, down marginally by 0.05% from the previous quarter. The promoter group, led by Dr Rao Holdings Pte Ltd (47.04%) and individual promoters including Suresh Krishnamurthi Rao (9.91%), has maintained a stable stake, with no pledging of shares‚Äîa positive sign indicating promoter confidence or at least no immediate liquidity stress at the holding company level.\nHowever, institutional participation remains negligible. Foreign institutional investors (FIIs) hold a mere 0.08% as of December 2025, up slightly from 0.00% in September but still insignificant. Mutual fund holdings are static at 0.07%, whilst insurance companies have zero exposure. Other domestic institutional investors (DIIs) hold 0.21%, down from 0.27% in the previous quarter. This lack of institutional interest is telling‚Äîsophisticated investors have largely avoided the stock, likely due to concerns about the company's small size, operational volatility, and weak governance or disclosure standards typical of micro-cap companies.\n| Quarter | Promoter % | FII % | MF % | Insurance % | Other DII % | Public % |\n|---|---|---|---|---|---|---|\n| Dec'25 | 72.13% | 0.08% | 0.07% | 0.00% | 0.21% | 27.50% |\n| Sep'25 | 72.18% | 0.00% | 0.07% | 0.00% | 0.27% | 27.48% |\n| Jun'25 | 72.18% | 0.02% | 0.07% | 0.00% | 0.20% | 27.53% |\n| Mar'25 | 72.18% | 0.03% | 0.07% | 0.00% | 0.20% | 27.51% |\n| Dec'24 | 72.57% | 0.03% | 0.07% | 0.00% | 0.20% | 27.12% |\nThe non-institutional public holding of 27.50% represents primarily retail investors, who may lack the resources or sophistication to fully analyse the company's deteriorating fundamentals. The absence of institutional buying over the past several quarters‚Äîdespite the stock's 63% decline from peaks‚Äîsuggests professional investors remain unconvinced about the company's turnaround prospects.\nStock Performance: Brutal Wealth Destruction\nThe stock price performance of Chemfab Alkalis over the past year can only be described as catastrophic. Shares have plummeted 63.16% over the past 12 months, underperforming the Sensex by a staggering 70.06 percentage points. The commodity chemicals sector index, which gained 6.62% during the same period, highlights that Chemfab's troubles are company-specific rather than sector-wide.\nThe decline has accelerated in recent months. Over the past six months, the stock has lost 50.40% whilst the Sensex gained 0.58%‚Äîan underperformance of 50.98 percentage points. The three-month return of -36.88% (versus Sensex -3.75%) reflects the market's increasingly negative assessment following the string of disappointing quarterly results. Even the most recent week saw the stock decline 6.31%, with the single-day 7.66% plunge on January 29, 2026, following the Q3 results announcement.\n| Period | Stock Return | Sensex Return | Alpha |\n|---|---|---|---|\n| 1 Day | -7.66% | -0.65% | -7.01% |\n| 1 Week | -6.31% | -0.60% | -5.71% |\n| 1 Month | -10.84% | -3.40% | -7.44% |\n| 3 Month | -36.88% | -3.75% | -33.13% |\n| 6 Month | -50.40% | +0.58% | -50.98% |\n| YTD | -8.04% | -4.00% | -4.04% |\n| 1 Year | -63.16% | +6.90% | -70.06% |\n| 3 Years | +49.23% | +37.89% | +11.34% |\n| 5 Years | +183.63% | +76.75% | +106.88% |\nThe stock now trades at ‚Çπ379.35, perilously close to its 52-week low of ‚Çπ374.95 and 63.86% below its 52-week high of ‚Çπ1,049.80. All key moving averages have been decisively breached‚Äîthe stock trades below its 5-day (‚Çπ396.74), 20-day (‚Çπ414.51), 50-day (‚Çπ453.22), 100-day (‚Çπ530.85), and 200-day (‚Çπ648.82) moving averages, indicating a firmly established downtrend with no technical support in sight.\nThe stock's beta of 1.50 indicates high volatility‚Äîit tends to move 50% more than the broader market. With annualised volatility of 43.45% over the past year, this is a high-risk stock that has delivered negative risk-adjusted returns of -1.45, firmly placing it in the \"HIGH RISK LOW RETURN\" category.\nTechnical Analysis: Bearish Trend Firmly Entrenched\nThe technical picture for Chemfab Alkalis is unambiguously bearish. The stock entered a \"BEARISH\" trend on January 19, 2026, at ‚Çπ424, and has since fallen 10.53% to current levels. Multiple technical indicators confirm the negative momentum: MACD shows bearish signals on both weekly and monthly timeframes, Bollinger Bands indicate mildly bearish to bearish conditions, and moving averages across all periods remain bearish.\nThe KST (Know Sure Thing) oscillator displays bearish to mildly bearish readings, whilst Dow Theory shows no clear trend on weekly charts but mildly bearish on monthly timeframes. Only the On-Balance Volume (OBV) indicator shows any positive divergence on monthly charts, suggesting some accumulation, but this is overshadowed by the weight of negative technical evidence.\nImmediate support lies at the 52-week low of ‚Çπ374.95‚Äîjust 1.17% below current levels‚Äîwith no meaningful technical support visible until much lower levels. Resistance is stacked overhead at ‚Çπ414.51 (20-day moving average), ‚Çπ530.85 (100-day moving average), and ‚Çπ648.82 (200-day moving average), making any meaningful rally difficult without a fundamental catalyst.\nInvestment Thesis: Multiple Red Flags, No Catalysts\nThe investment case for Chemfab Alkalis has deteriorated significantly, with the company's proprietary Mojo Score plummeting to just 19 out of 100‚Äîfirmly in \"STRONG SELL\" territory. This score reflects the confluence of negative factors: bearish technical trends, negative financial trends, very expensive valuation, and poor long-term growth (operating profit CAGR of -6.47% over five years).\nThe company's quality grade of \"AVERAGE\" provides little comfort. Whilst the balance sheet shows no promoter pledging and maintains reasonable debt levels (debt-to-equity of 0.29x), the operational metrics are concerning. Average ROCE of 10.65% and ROE of 6.91% over recent years are mediocre at best, and current period returns have collapsed to 1.80% and 0.82% respectively‚Äîwell below the cost of capital.\nThe 5-year sales growth of 14.44% is respectable, but this is more than offset by the -6.47% EBIT growth over the same period, indicating margin compression has been a persistent issue, not just a recent phenomenon. The company's strong interest coverage of 28.47x on average has now collapsed to below 1x in the latest quarter, signalling acute financial stress.\nKEY STRENGTHS\n- No Promoter Pledging: Zero pledged shares indicate no immediate promoter liquidity stress\n- Stable Promoter Holding: 72.13% promoter stake remains steady with minimal quarterly variation\n- Reasonable Debt Levels: Debt-to-equity of 0.29x remains manageable despite recent increase\n- Long-term Sales Growth: 14.44% revenue CAGR over 5 years shows top-line expansion capability\n- Established Operations: Manufacturing presence in caustic soda, chlorine, and PVCO pipes provides diversification\n- Current Ratio: Approximately 1.65x provides some working capital cushion\nKEY CONCERNS\n- Consecutive Quarterly Losses: Q2 and Q3 FY26 both in red, with Q3 loss of ‚Çπ4.45 crores worsening\n- Margin Collapse: Operating margin crashed from 14.24% to 2.85% YoY‚Äîunsustainable levels\n- Revenue Decline: Three consecutive quarters of falling sales, down 18.51% YoY in Q3\n- Liquidity Stress: Cash position fell to just ‚Çπ0.89 crores in H1 FY26 from ‚Çπ19 crores\n- Interest Coverage Below 1x: Operating profits insufficient to cover interest costs\n- Extreme Valuation: P/E of 189x for a loss-making company is indefensible\n- Poor Capital Returns: Latest ROE of 0.82% and ROCE of 1.80% indicate value destruction\n- No Institutional Interest: FII and MF holdings combined under 0.15%‚Äîsophisticated investors absent\n- Technical Breakdown: Stock below all moving averages in confirmed bearish trend\n- High Volatility: Beta of 1.50 with 43.45% annualised volatility amplifies downside risk\nOutlook: What to Watch\nThe path forward for Chemfab Alkalis requires urgent operational improvements and a credible turnaround strategy. Investors and analysts should monitor several key indicators to assess whether the company can stabilise and reverse its deteriorating trajectory.\nPOSITIVE CATALYSTS\n- Margin Recovery: Return of operating margins above 10% would signal pricing power restoration or cost control success\n- Revenue Stabilisation: Arresting the three-quarter revenue decline with sequential growth in Q4 FY26\n- Return to Profitability: Achieving positive net profit in Q4 FY26 would be critical psychological milestone\n- Cash Flow Improvement: Rebuilding cash position above ‚Çπ5-10 crores to ease liquidity concerns\n- Management Commentary: Clear articulation of turnaround strategy and market recovery timeline\nRED FLAGS TO MONITOR\n- Fourth Consecutive Loss: If Q4 FY26 also posts losses, full-year FY26 will be deeply negative\n- Further Margin Compression: Operating margins falling below 2% would indicate terminal business stress\n- Debt Covenant Breach: With interest coverage below 1x, watch for lender pressure or restructuring\n- Working Capital Deterioration: Further decline in cash or current ratio compression\n- Promoter Stake Reduction: Any decline in promoter holding would signal loss of confidence\n- Technical Breakdown: Breach of ‚Çπ374.95 support would open downside to ‚Çπ300-350 zone\nThe commodity chemicals sector can be cyclical, and Chemfab's struggles may partly reflect broader market conditions for caustic soda and chlorine. However, the company's underperformance relative to peers (sector up 6.62% versus Chemfab down 63.16% over one year) suggests company-specific execution issues rather than purely sectoral headwinds. Without visible signs of operational improvement in Q4 FY26, the investment case remains deeply challenged.\nThe Verdict: Exit Recommended\nScore: 19/100\nFor Fresh Investors: Avoid entirely. The combination of mounting losses, collapsing margins, liquidity stress, and extreme valuation creates a perfect storm of investment risks. No entry point is attractive until the company demonstrates at least two consecutive quarters of profitability and margin recovery above 10%.\nFor Existing Holders: Consider exiting on any technical bounce towards ‚Çπ400-420 levels. The stock has destroyed 63% of shareholder value over the past year, and the deteriorating operational trajectory suggests further downside risk. The absence of visible catalysts for turnaround, combined with interest coverage below 1x and depleted cash reserves, raises existential questions about the business model's viability in current market conditions.\nFair Value Estimate: ‚Çπ250-280 (34-26% downside from current levels), assuming the company can stabilise operations and return to modest profitability. Current price of ‚Çπ379.35 prices in an optimistic recovery scenario that fundamentals do not support.\nNote- ROCE= (EBIT - Other income)/(Capital Employed - Cash - Current Investments)\n‚ö†Ô∏è Investment Disclaimer\nThis article is for educational and informational purposes only and should not be construed as financial advice. Investors should conduct their own due diligence, consider their risk tolerance and investment objectives, and consult with a qualified financial advisor before making any investment decisions. Past performance is not indicative of future results, and all investments carry risk of loss.",
    "summary": "Chemfab's margin collapse suggests either severe pricing pressure in caustic soda and chlorine markets, or significant cost inflation in raw materials and energy that the company has been unable to pass through to customers. This dramatic depletion of liquidity, combined with mounting losses and rising debt service obligations, raises serious questions about the company's ability to navigate the current downturn without additional capital infusion.",
    "highlightText": "",
    "highlightTitle": "",
    "highlightThreadTitle": "",
    "language": "english",
    "sentiment": "negative",
    "categories": [
        "Economy, Business and Finance"
    ],
    "topics": [
        "Economy, Business and Finance->business reporting and performance"
    ],
    "ai_allow": true,
    "has_canonical": false,
    "breaking": false,
    "webz_reporter": false,
    "external_links": [],
    "external_images": [],
    "internal_images": [],
    "entities": {
        "persons": [],
        "locations": [],
        "organizations": [
            {
                "name": "Chemfab Alkalis",
                "sentiment": "negative",
                "tickers": []
            }
        ]
    },
    "syndication": {
        "syndicated": false,
        "syndicate_id": null,
        "first_syndicated": false
    },
    "trust": {
        "categories": [],
        "top_news": [],
        "bias": null,
        "source": {
            "type": null,
            "city": null,
            "state": null,
            "country": null,
            "domain_type": null,
            "agency": null,
            "organization_name": null
        }
    },
    "rating": null,
    "crawled": "2026-01-29T07:59:43.311+02:00",
    "updated": "2026-01-29T08:04:28.000+02:00"
}