{
    "thread": {
        "uuid": "ac70b352a673beb5f69e1ac71da34f0fcaff4950",
        "url": "https://www.marketsmojo.com/news/result-analysis/agi-greenpac-q3-fy26-margin-pressure-and-volume-decline-dampen-performance-3809456",
        "site_full": "www.marketsmojo.com",
        "site": "marketsmojo.com",
        "site_section": "https://www.marketsmojo.com/news/result-analysis",
        "site_categories": [
            "economy, business and finance"
        ],
        "section_title": "Stay Informed with MarketsMojo News: Stock Market Insights, Portfolio Tracking, Alerts, and Expert Analyses  ",
        "site_title": "Mojo Search: Your Ultimate Buy/Sell/Hold Guide for all Stocks in India",
        "title": "AGI Greenpac Q3 FY26: Margin Pressure and Volume Decline ...",
        "title_full": "AGI Greenpac Q3 FY26: Margin Pressure and Volume Decline ...",
        "published": "2026-01-29T07:45:25.706+02:00",
        "replies_count": 0,
        "participants_count": 1,
        "site_type": "news",
        "country": "IN",
        "main_image": "https://i.marketsmojo.com/newsimg/2026/1/AGIGreenpac_quaterlyResult_3809456.png",
        "performance_score": 0,
        "domain_rank": 66172,
        "domain_rank_updated": "2026-01-25T23:00:00.000+02:00",
        "licensing_agency": [],
        "social": {
            "facebook": {
                "likes": 0,
                "comments": 0,
                "shares": 0
            },
            "vk": {
                "shares": 0
            }
        }
    },
    "uuid": "ac70b352a673beb5f69e1ac71da34f0fcaff4950",
    "url": "https://www.marketsmojo.com/news/result-analysis/agi-greenpac-q3-fy26-margin-pressure-and-volume-decline-dampen-performance-3809456",
    "ord_in_thread": 0,
    "author": "@Marketsmojo",
    "published": "2026-01-29T07:45:25.706+02:00",
    "title": "AGI Greenpac Q3 FY26: Margin Pressure and Volume Decline ...",
    "text": "The quarter's performance reflects mounting pressure across key metrics, with revenue declining 3.76% year-on-year to ‚Çπ633.69 crores from ‚Çπ658.48 crores. Whilst sequential revenue growth of 5.34% from Q2 FY26 provides some relief, the year-on-year contraction signals volume challenges in the packaging sector. The company's operating profit margin (excluding other income) compressed to 23.72% from 25.68% in the year-ago quarter, a deterioration of 196 basis points that underscores cost management difficulties.\nFinancial Performance: Profitability Under Siege\nAGI Greenpac's Q3 FY26 results reveal a company grappling with margin compression across multiple levels. Net sales of ‚Çπ633.69 crores, whilst showing a modest 5.34% sequential improvement from Q2 FY26's ‚Çπ601.58 crores, declined 3.76% year-on-year, marking the first negative YoY growth in recent quarters. This volume weakness is particularly concerning given the company's position as a market leader in the packaging sector.\n| Quarter | Revenue (‚Çπ Cr) | QoQ Change | Net Profit (‚Çπ Cr) | QoQ Change | Operating Margin | PAT Margin |\n|---|---|---|---|---|---|---|\n| Dec'25 | 633.69 | +5.34% | 71.45 | -5.96% | 23.72% | 11.28% |\n| Sep'25 | 601.58 | -12.52% | 75.98 | -14.49% | 24.85% | 12.63% |\n| Jun'25 | 687.66 | -2.44% | 88.85 | -8.03% | 20.65% | 12.92% |\n| Mar'25 | 704.83 | +7.04% | 96.61 | +6.74% | 21.87% | 13.71% |\n| Dec'24 | 658.48 | +9.90% | 90.51 | +25.59% | 25.68% | 13.75% |\n| Sep'24 | 599.18 | ‚Äî | 72.07 | ‚Äî | 25.74% | 12.03% |\nOperating profit (PBDIT excluding other income) stood at ‚Çπ150.31 crores, representing a 23.72% margin, down from 25.68% in Q3 FY24. This 196-basis-point contraction reflects both volume deleverage and potential raw material cost pressures. Employee costs increased to ‚Çπ59.84 crores from ‚Çπ57.83 crores year-on-year, though they remained relatively stable sequentially. The company's gross profit margin declined to 21.81% from 25.03% in the year-ago quarter, a significant 322-basis-point deterioration that points to pricing pressure or unfavourable product mix shifts.\nProfit after tax margin compressed to 11.28% from 13.75% in Q3 FY24, a decline of 247 basis points. This erosion in bottom-line profitability reflects the cumulative impact of margin pressures at multiple levels. Interest costs declined to ‚Çπ10.62 crores from ‚Çπ19.75 crores year-on-year, providing some relief, whilst depreciation remained elevated at ‚Çπ43.75 crores compared to ‚Çπ44.25 crores. The effective tax rate of 24.36% remained stable and within the normal range.\nOperational Challenges: Volume Weakness and Cost Pressures\nThe company's operational performance reveals deeper structural challenges beyond cyclical headwinds. Return on equity (ROE) stood at 14.46% on average, which whilst reasonable, has shown limited improvement trajectory. The latest ROE of 15.88% represents a modest uptick but remains below the levels required for sustained value creation in a capital-intensive packaging business. Return on capital employed (ROCE) averaged 13.73%, with the latest reading at 16.66%, indicating improving capital efficiency but still constrained by margin pressures.\nAGI Greenpac's balance sheet reflects a relatively conservative financial profile. Long-term debt stood at ‚Çπ500.02 crores as of March 2025, with a debt-to-equity ratio of 0.24, well within comfortable limits. The company's debt-to-EBITDA ratio of 2.06 times suggests moderate leverage, whilst net debt to equity of 0.20 times indicates low financial risk. However, cash and cash equivalents declined to just ‚Çπ28.00 crores in FY25 from ‚Çπ232.00 crores in FY24, a concerning liquidity reduction that warrants monitoring.\nKey Monitoring Point: Liquidity Pressure\nThe company's cash position has deteriorated sharply, declining from ‚Çπ232 crores in FY24 to ‚Çπ28 crores in FY25. This 87.93% reduction in cash reserves, coupled with negative cash flow from operations of ‚Çπ204 crores, raises concerns about working capital management and liquidity adequacy. Whilst debt levels remain manageable, the cash drain requires close monitoring, particularly if margin pressures persist.\nWorking capital dynamics have turned adverse, with cash flow from operations showing a negative ‚Çπ428 crores in FY25 after adjusting for working capital changes of negative ‚Çπ114 crores. Capital expenditure remained elevated at ‚Çπ442 crores, reflecting ongoing capacity expansion initiatives. The company's sales-to-capital-employed ratio of 0.93 times suggests moderate asset turnover, indicating room for efficiency improvements.\nMargin Dynamics: The Profitability Squeeze\nThe erosion in AGI Greenpac's margin profile represents the most significant concern emerging from the Q3 FY26 results. Operating margins (excluding other income) have declined from a peak of 25.74% in September 2024 to 23.72% in December 2025, a compression of 202 basis points over just three quarters. This deterioration reflects a combination of volume deleverage, potential raw material inflation, and pricing pressures in the packaging sector.\nThe company's gross profit margin trajectory is particularly worrying. From 25.03% in Q3 FY24, gross margins have compressed to 21.81% in Q3 FY26, a 322-basis-point decline that suggests either unfavourable product mix shifts or inability to pass through cost increases to customers. This margin pressure has cascaded down to the PAT level, where margins contracted from 13.75% to 11.28% year-on-year.\n| Metric | Q3 FY26 | Q2 FY26 | Q3 FY25 | YoY Change |\n|---|---|---|---|---|\n| Gross Margin | 21.81% | 23.83% | 25.03% | -322 bps |\n| Operating Margin (Excl OI) | 23.72% | 24.85% | 25.68% | -196 bps |\n| PBDIT Margin | 24.30% | 25.64% | 28.03% | -373 bps |\n| PAT Margin | 11.28% | 12.63% | 13.75% | -247 bps |\nInterest coverage improved to 14.15 times in Q3 FY26 from 8.56 times in Q3 FY25, reflecting both lower interest costs and stable operating profit. However, this improvement is overshadowed by the broader margin deterioration. The company's EBIT-to-interest ratio averaged 5.13 times, adequate but not exceptional for a company in the packaging sector.\nIndustry Leadership: How AGI Greenpac Compares to Peers\nAGI Greenpac's positioning within the packaging sector reveals a company trading at a discount to some peers despite reasonable operational metrics. As the second-largest company in the sector by market capitalisation at ‚Çπ4,225 crores, AGI Greenpac commands a price-to-earnings ratio of 12.45 times, below the industry average of 15 times. This valuation discount reflects market concerns about near-term margin pressures and volume growth challenges.\n| Company | P/E (TTM) | P/BV | ROE % | Debt/Equity | Div Yield % |\n|---|---|---|---|---|---|\n| AGI Greenpac | 12.45 | 1.98 | 14.46 | 0.20 | 1.03 |\n| EPL Ltd | 15.10 | 2.39 | 13.01 | 0.24 | 2.55 |\n| Uflex | 10.92 | 0.43 | 8.23 | 1.06 | 0.65 |\n| Polyplex Corpn | 36.18 | 0.66 | 8.30 | -0.03 | 0.77 |\n| XPRO India | 179.63 | 3.54 | 16.14 | 0.07 | 0.19 |\n| TCPL Packaging | 18.65 | 3.53 | 21.02 | 1.01 | 1.15 |\nAGI Greenpac's ROE of 14.46% positions it in the middle of the peer group, ahead of Uflex (8.23%) and Polyplex (8.30%) but behind TCPL Packaging (21.02%) and XPRO India (16.14%). The company's conservative leverage profile with a debt-to-equity ratio of 0.20 compares favourably to Uflex (1.06) and TCPL Packaging (1.01), providing financial flexibility. However, the price-to-book value of 1.98 times suggests the market is not fully rewarding this financial prudence.\nThe dividend yield of 1.03% trails EPL Ltd's 2.55% and TCPL Packaging's 1.15%, reflecting a conservative dividend policy with a payout ratio of just 15.45%. This low payout suggests management is prioritising capital retention for growth investments, though the recent cash flow challenges raise questions about the sustainability of even this modest distribution.\nValuation Analysis: Attractive Entry Point or Value Trap?\nAGI Greenpac's valuation metrics present a mixed picture. Trading at a P/E ratio of 12.45 times trailing twelve-month earnings, the stock trades at a 17% discount to the industry average of 15 times. The price-to-book value of 1.98 times appears reasonable given the company's ROE of 14.46%, though it reflects market scepticism about near-term earnings trajectory. The stock's enterprise value to EBITDA multiple of 7.85 times suggests moderate valuation, neither expensive nor particularly cheap.\nThe company's PEG ratio of 0.39 suggests potential undervaluation relative to growth prospects, with five-year sales CAGR of 10.26% and EBIT CAGR of 39.35%. However, this historical growth trajectory may not reflect current challenges, as evidenced by negative revenue growth in Q3 FY26. The stock's valuation grade has improved to \"Very Attractive\" from \"Attractive\" in May 2025, reflecting the significant price correction from the 52-week high of ‚Çπ1,008.55.\nAt the current price of ‚Çπ653.10, the stock trades 35.24% below its 52-week high and 8.85% above its 52-week low of ‚Çπ600.00. This positioning suggests the stock has undergone significant correction, potentially offering value for patient investors. However, the deteriorating operational metrics and margin pressures warrant caution, as further downside remains possible if the earnings trajectory continues to disappoint.\nShareholding: Stable Promoter Base, Modest Institutional Interest\nAGI Greenpac's shareholding pattern reflects a stable ownership structure dominated by the Somany family promoter group. Promoter holding has remained steady at 60.24% over the past five quarters, with no change in stake, indicating strong commitment from the founding family. The largest promoter entity, Somany Impresa Limited, holds 50.84%, whilst promoter Sandip Somany personally holds 8.65%. Importantly, there is zero pledging of promoter shares, a positive indicator of financial health and confidence.\n| Shareholder Category | Dec'25 | Sep'25 | Jun'25 | Mar'25 | QoQ Change |\n|---|---|---|---|---|---|\n| Promoter | 60.24% | 60.24% | 60.24% | 60.24% | 0.00% |\n| FII | 7.24% | 7.49% | 7.61% | 7.55% | -0.25% |\n| Mutual Funds | 1.51% | 1.52% | 0.92% | 0.73% | -0.01% |\n| Insurance | 0.06% | 0.06% | 0.06% | 0.06% | 0.00% |\n| Other DII | 0.69% | 0.66% | 0.55% | 0.29% | +0.03% |\n| Non-Institutional | 30.25% | 30.03% | 30.62% | 31.13% | +0.22% |\nForeign institutional investor (FII) holding declined marginally to 7.24% in December 2025 from 7.49% in September 2025, representing a reduction of 0.25 percentage points. This sequential decline, part of a broader trend from 8.31% in December 2024, suggests waning foreign investor confidence amidst operational challenges. Mutual fund holding remained relatively stable at 1.51%, down marginally from 1.52% in the previous quarter but significantly higher than the 0.41% holding in December 2024.\nOverall institutional holding stands at just 9.51%, indicating limited institutional participation. This low institutional ownership reflects the company's small-cap status and potentially limited liquidity. The modest institutional presence suggests the stock remains under-researched and under-owned by large institutional investors, which could present opportunity for discovery but also implies limited support during market downturns.\nStock Performance: Significant Underperformance Across Timeframes\nAGI Greenpac's stock performance has deteriorated sharply across multiple timeframes, with particularly acute underperformance over the past year. The stock declined 16.23% over the past twelve months, significantly underperforming the Sensex's 6.80% gain, resulting in negative alpha of 23.03 percentage points. This underperformance has accelerated in recent months, with the stock down 32.85% over six months compared to the Sensex's 0.50% gain, representing alpha of negative 33.35 percentage points.\n| Period | Stock Return | Sensex Return | Alpha |\n|---|---|---|---|\n| 1 Week | -1.17% | -0.69% | -0.48% |\n| 1 Month | -10.17% | -3.49% | -6.68% |\n| 3 Months | -22.18% | -3.83% | -18.35% |\n| 6 Months | -32.85% | +0.50% | -33.35% |\n| YTD | -12.80% | -4.08% | -8.72% |\n| 1 Year | -16.23% | +6.80% | -23.03% |\n| 2 Years | -16.12% | +13.62% | -29.74% |\n| 3 Years | +113.82% | +37.77% | +76.05% |\n| 5 Years | +382.88% | +76.60% | +306.28% |\nThe stock's technical indicators paint a uniformly bearish picture. The overall trend turned bearish on December 5, 2025, at ‚Çπ745.75, and has continued to deteriorate. The stock trades below all key moving averages‚Äî5-day (‚Çπ658.11), 20-day (‚Çπ698.09), 50-day (‚Çπ727.45), 100-day (‚Çπ786.80), and 200-day (‚Çπ820.19)‚Äîindicating sustained selling pressure and lack of buying interest. The MACD indicator shows bearish signals on both weekly and monthly timeframes, whilst the RSI provides no clear signal, suggesting the stock is neither oversold nor overbought.\nWith a beta of 1.35, AGI Greenpac exhibits high volatility relative to the market, amplifying both gains and losses. The stock's volatility of 38.56% over the past year significantly exceeds the Sensex's 11.23%, classifying it as a high-risk investment. The risk-adjusted return of negative 0.42 over the past year reflects poor performance relative to the risk taken, contrasting sharply with the Sensex's positive risk-adjusted return of 0.61.\n\"With margins compressing, volumes declining, and cash flows turning negative,\nAGI Greenpacfaces a critical juncture requiring decisive management action to restore operational momentum and investor confidence.\"\nInvestment Thesis: Quality Company Facing Cyclical Headwinds\nAGI Greenpac's investment case rests on a foundation of good fundamental quality overshadowed by near-term operational challenges. The company's quality grade of \"Good\" reflects strong long-term financial performance, with five-year sales CAGR of 10.26% and impressive EBIT growth of 39.35%. The absence of promoter pledging, conservative leverage profile with net debt-to-equity of 0.20, and adequate interest coverage of 5.13 times underscore financial stability.\nHowever, the company's financial trend has deteriorated to \"Flat\" in Q3 FY26, down from \"Positive\" in September 2024, reflecting margin compression and profit decline. The bearish technical trend since December 2025 indicates continued selling pressure and lack of investor confidence. The combination of flat financial performance and bearish technicals has pushed the overall Mojo Score to 47 out of 100, resulting in a \"SELL\" rating.\nThe valuation grade of \"Very Attractive\" suggests the market has priced in significant concerns, with the stock trading at a 17% discount to industry P/E multiples. This creates a classic value trap scenario‚Äîthe stock appears cheap on traditional metrics, but deteriorating fundamentals justify the discount. For the investment thesis to turn positive, AGI Greenpac must demonstrate margin stabilisation, volume recovery, and improved cash generation.\nKey Strengths & Risk Factors\n‚úì KEY STRENGTHS\n- Market Leadership: Second-largest player in Indian packaging sector with established brand and distribution\n- Conservative Leverage: Debt-to-equity of 0.20 and net debt-to-equity of 0.20 provide financial flexibility\n- Zero Promoter Pledging: Stable 60.24% promoter holding with no pledged shares demonstrates confidence\n- Attractive Valuation: P/E of 12.45x represents 17% discount to industry average\n- Strong Historical Growth: Five-year sales CAGR of 10.26% and EBIT CAGR of 39.35%\n- Adequate Interest Coverage: EBIT-to-interest ratio of 5.13 times provides debt servicing comfort\n- Good Quality Grade: Fundamentally sound business with established market position\n‚ö† KEY CONCERNS\n- Margin Compression: Operating margin declined 196 bps YoY to 23.72%, PAT margin down 247 bps to 11.28%\n- Volume Decline: Revenue down 3.76% YoY, first negative growth in recent quarters\n- Liquidity Pressure: Cash declined 87.93% to ‚Çπ28 crores, negative operating cash flow of ‚Çπ204 crores\n- Profitability Decline: Net profit down 21.06% YoY, continuing downward trajectory\n- Weak Stock Performance: Down 16.23% over one year, 32.85% over six months\n- Bearish Technicals: Trading below all moving averages, bearish MACD signals\n- Low Institutional Holding: Just 9.51% institutional ownership, declining FII participation\nOutlook: What to Watch\nPOSITIVE CATALYSTS\n- Margin Stabilisation: Sequential improvement in operating margins from current 23.72%\n- Volume Recovery: Return to positive YoY revenue growth indicating demand improvement\n- Cash Flow Improvement: Positive operating cash flow and working capital normalisation\n- Valuation Support: P/E of 12.45x provides cushion if earnings stabilise\n- Sector Recovery: Improvement in packaging industry demand environment\nRED FLAGS\n- Continued Margin Erosion: Further decline in operating or PAT margins below current levels\n- Persistent Volume Weakness: Negative revenue growth extending into Q4 FY26\n- Liquidity Deterioration: Further decline in cash position or breach of debt covenants\n- Market Share Loss: Underperformance relative to packaging sector peers\n- Technical Breakdown: Break below 52-week low of ‚Çπ600 would signal further downside\nForward Outlook\nAGI Greenpac stands at a critical juncture. The company's Q3 FY26 results reveal a business under pressure, with margin compression, volume decline, and cash flow challenges converging to create a difficult operating environment. Whilst the company's long-term track record and market leadership position provide a foundation for recovery, near-term visibility remains poor. The key question for investors is whether current challenges represent a cyclical downturn in a fundamentally sound business or the beginning of structural deterioration.\nManagement's ability to stabilise margins, restore volume growth, and improve cash generation will determine the investment outcome. The company's conservative financial profile provides time to execute a turnaround, but patience will be tested if operational metrics continue to deteriorate. For existing shareholders, the decision hinges on conviction in management's ability to navigate current headwinds. For prospective investors, waiting for tangible signs of operational improvement appears prudent given the bearish technical setup and deteriorating financial trends.\nThe Verdict: Avoid Until Operational Stabilisation\nScore: 47/100\nFor Fresh Investors: Avoid initiating positions at current levels. Whilst valuation appears attractive at 12.45x P/E, deteriorating margins, negative volume growth, and cash flow pressures suggest further downside risk. Wait for at least two consecutive quarters of margin stabilisation and positive volume growth before considering entry. A break below ‚Çπ600 (52-week low) would signal further technical weakness.\nFor Existing Holders: Consider reducing exposure on any technical bounce towards ‚Çπ700-720 levels. The combination of flat financial trends, bearish technicals, and negative cash flows warrants a defensive stance. Those with high conviction in long-term prospects may hold with tight stop-loss at ‚Çπ600, but should be prepared for continued volatility. Re-evaluate position after Q4 FY26 results for signs of operational turnaround.\nFair Value Estimate: ‚Çπ580-620 (11-14% downside risk from current levels), based on 11-12x forward P/E assuming earnings stabilisation. Upside scenario of ‚Çπ750-800 possible only if margins recover to 25%+ and volumes return to growth.\nNote- ROCE= (EBIT - Other income)/(Capital Employed - Cash - Current Investments)\n‚ö†Ô∏è Investment Disclaimer\nThis article is for educational and informational purposes only and should not be construed as financial advice. Investors should conduct their own due diligence, consider their risk tolerance and investment objectives, and consult with a qualified financial advisor before making any investment decisions. Past performance is not indicative of future results, and all investments carry risk of loss.",
    "summary": "This low payout suggests management is prioritising capital retention for growth investments, though the recent cash flow challenges raise questions about the sustainability of even this modest distribution.",
    "highlightText": "",
    "highlightTitle": "",
    "highlightThreadTitle": "",
    "language": "english",
    "sentiment": "negative",
    "categories": [
        "Economy, Business and Finance"
    ],
    "topics": [
        "Economy, Business and Finance->business reporting and performance"
    ],
    "ai_allow": true,
    "has_canonical": false,
    "breaking": false,
    "webz_reporter": false,
    "external_links": [],
    "external_images": [],
    "internal_images": [],
    "entities": {
        "persons": [],
        "locations": [],
        "organizations": [
            {
                "name": "AGI Greenpac",
                "sentiment": "negative",
                "tickers": []
            }
        ]
    },
    "syndication": {
        "syndicated": false,
        "syndicate_id": null,
        "first_syndicated": false
    },
    "trust": {
        "categories": [],
        "top_news": [],
        "bias": null,
        "source": {
            "type": null,
            "city": null,
            "state": null,
            "country": null,
            "domain_type": null,
            "agency": null,
            "organization_name": null
        }
    },
    "rating": null,
    "crawled": "2026-01-29T07:45:25.706+02:00",
    "updated": "2026-01-29T07:47:52.000+02:00"
}