{
    "thread": {
        "uuid": "8f2b18b0c936a9f6f315bd8255ddb8d2b527125d",
        "url": "https://www.marketbeat.com/instant-alerts/airspan-networks-otcmktsairo-shares-down-44-should-you-sell-2026-01-21/",
        "site_full": "www.marketbeat.com",
        "site": "marketbeat.com",
        "site_section": "https://www.marketbeat.com/rss.ashx?type=headlines",
        "site_categories": [
            "investing",
            "financial_news",
            "finance",
            "stocks",
            "economy, business and finance"
        ],
        "section_title": "MarketBeat News Feed",
        "site_title": "MarketBeat: Stock Market News and Research Tools",
        "title": "Airspan Networks (OTCMKTS:AIRO) Shares Down 4.4% - Should You Sell?",
        "title_full": "Airspan Networks (OTCMKTS:AIRO) Shares Down 4.4% - Should You Sell?",
        "published": "2026-01-22T08:00:00.000+02:00",
        "replies_count": 0,
        "participants_count": 1,
        "site_type": "news",
        "country": "US",
        "main_image": "https://www.marketbeat.com/logos/airspan-networks-inc-logo-1200x675.png?v=20230116112844",
        "performance_score": 0,
        "domain_rank": 17792,
        "domain_rank_updated": "2026-01-18T23:00:00.000+02:00",
        "licensing_agency": [],
        "social": {
            "facebook": {
                "likes": 0,
                "comments": 0,
                "shares": 0
            },
            "vk": {
                "shares": 0
            }
        }
    },
    "uuid": "8f2b18b0c936a9f6f315bd8255ddb8d2b527125d",
    "url": "https://www.marketbeat.com/instant-alerts/airspan-networks-otcmktsairo-shares-down-44-should-you-sell-2026-01-21/",
    "ord_in_thread": 0,
    "author": "MarketBeat",
    "published": "2026-01-22T08:00:00.000+02:00",
    "title": "Airspan Networks (OTCMKTS:AIRO) Shares Down 4.4% - Should You Sell?",
    "text": "Airspan Networks (OTCMKTS:AIRO) Shares Down 4.4% - Should You Sell? Written by MarketBeat January 22, 2026 Share Link copied to clipboard. Image from MarketBeat Media, LLC. Key Points Shares fell 4.4% intraday to $12.17 (low $11.42) with 853,730 shares traded, about a 17% decline from the average session volume of 1,024,074. The company carries a market cap of $380.97 million and an exceptionally high price-to-earnings ratio of 608.50 , with the 50-day SMA at $9.73 versus the 200-day SMA at $16.65, signaling recent volatility versus the longer-term trend. Airspan is a provider of wireless broadband equipment and software for 4G/5G networks, offering small cells, XHaul transport, and orchestration platforms for urban, rural, and private network deployments. Five stocks we like better than Airspan Networks . Airspan Networks Inc. ( OTCMKTS:AIRO - Get Free Report )'s share price traded down 4.4% during mid-day trading on Wednesday . The company traded as low as $11.42 and last traded at $12.17. 853,730 shares changed hands during mid-day trading, a decline of 17% from the average session volume of 1,024,074 shares. The stock had previously closed at $12.73. Get Airspan Networks alerts: Sign Up Airspan Networks Trading Down 4.4%\nThe firm's fifty day simple moving average is $9.73 and its 200 day simple moving average is $16.65. The company has a market cap of $380.97 million, a price-to-earnings ratio of 608.50 and a beta of 1.24. About Airspan Networks ( Get Free Report )\nAirspan Networks OTCMKTS: AIRO is a global provider of wireless broadband solutions, specializing in 4G LTE and 5G network technologies. Headquartered in Boca Raton, Florida, the company offers a portfolio that spans small cell products, macro network solutions, and proprietary software platforms designed to optimize network performance and capacity. Since its founding in 1998, Airspan has focused on enabling dense urban deployments, rural broadband connectivity, and private network applications for enterprise and industrial clients.\nThe company's product lineup includes high-performance small cell radios for indoor and outdoor applications, XHaul transport solutions for fronthaul and backhaul connectivity, and network orchestration software that supports network slicing and automation. Featured Stories\nThis instant news alert was generated by narrative science technology and financial data from MarketBeat in order to provide readers with the fastest reporting and unbiased coverage. Please send any questions or comments about this story to contact@marketbeat.com.\nShould You Invest $1,000 in Airspan Networks Right Now? Before you consider Airspan Networks, you'll want to hear this.\nMarketBeat keeps track of Wall Street's top-rated and best performing research analysts and the stocks they recommend to their clients on a daily basis. MarketBeat has identified the five stocks that top analysts are quietly whispering to their clients to buy now before the broader market catches on... and Airspan Networks wasn't on the list.\nWhile Airspan Networks currently has a Hold rating among analysts, top-rated analysts believe these five stocks are better buys.\nView The Five Stocks Here\n7 Stocks That Will Be Magnificent in 2026 Discover the next wave of investment opportunities with our report, 7 Stocks That Will Be Magnificent in 2026. Explore companies poised to replicate the growth, innovation, and value creation of the tech giants dominating today's markets.\nGet This Free Report Like this article? Share it with a colleague. Link copied to clipboard.",
    "highlightText": "",
    "highlightTitle": "",
    "highlightThreadTitle": "",
    "language": "english",
    "sentiment": "negative",
    "categories": [
        "Economy, Business and Finance"
    ],
    "topics": [
        "Economy, Business and Finance->corporate news and profiles",
        "Economy, Business and Finance->investment and opinion pieces",
        "Economy, Business and Finance->business and market analysis"
    ],
    "ai_allow": true,
    "has_canonical": false,
    "breaking": false,
    "webz_reporter": false,
    "external_links": [
        "https://www.americanconsumernews.net/scripts/standalone/viewcount.ashx?type=h&id=3150267&domain=marketbeat.com&referrer=",
        "https://api.stocktwits.com/widgets/share?via=MarketBeat&body=Airspan+Networks+(OTCMKTS%3aAIRO)++Shares+Down+4.4%25+++-+Should+You+Sell%3f%20https://www.marketbeat.com/instant-alerts/airspan-networks-otcmktsairo-shares-down-44-should-you-sell-2026-01-21/",
        "https://twitter.com/intent/tweet?text=Airspan+Networks+(OTCMKTS%3aAIRO)++Shares+Down+4.4%25+++-+Should+You+Sell%3f%20%24AIRO%20%23AIRO%20https://www.marketbeat.com/instant-alerts/airspan-networks-otcmktsairo-shares-down-44-should-you-sell-2026-01-21/",
        "https://www.american",
        "https://www.linkedin.com/cws/share?mini=true&url=https://www.marketbeat.com/instant-alerts/airspan-networks-otcmktsairo-shares-down-44-should-you-sell-2026-01-21/",
        "https://twitter.com/intent/tweet?text=Airspan+Networks+(OTCMKTS%3aAIRO)++Shares+Down+4.4%25+++-+Should+You+Sell%3f%20https://www.marketbeat.com/instant-alerts/airspan-networks-otcmktsairo-shares-down-44-should-you-sell-2026-01-21/",
        "https://www.facebook.com/sharer/sharer.php?u=https://www.marketbeat.com/instant-alerts/airspan-networks-otcmktsairo-shares-down-44-should-you-sell-2026-01-21/",
        "https://twitter.com/intent/tweet?text=Airspan+Networks+(OTCMKTS%3aAIRO)++Shares+Down+4.4%25+++-+Should+You+Sell%3f%20https://marketbeat.com/instant-alerts/airspan-networks-otcmktsairo-shares-down-44-should-you-sell-2026-01-21/",
        "https://facebook.com/sharer/sharer.php?u=https://marketbeat.com/instant-alerts/airspan-networks-otcmktsairo-shares-down-44-should-you-sell-2026-01-21/",
        "https://www.facebook.com/sharer/sharer.php?u=https://www.marketbeat.com/instant-alerts/airspan-networks-otcmktsairo-shares-down-44-should-you-sell-2026-01-21",
        "https://twitter.com/intent/tweet?text=Airspan+Networks+(OTCMKTS%3aAIRO)++Shares+Down+4.4%25+++-+Should+You+Sell%3f%20%24AIRO%20%23AIRO%20https://marketbeat.com/instant-alerts/airspan-networks-otcmktsairo-shares-down-44-should-you-sell-2026-01-21/",
        "https://api.stocktwits.com/widgets/share?via=MarketBeat&body=Airspan+Networks+(OTCMKTS%3aAIRO)++Shares+Down+4.4%25+++-+Should+You+Sell%3f%20https://marketbeat.com/instant-alerts/airspan-networks-otcmktsairo-shares-down-44-should-you-sell-2026-01-21/",
        "https://american",
        "https://americanconsumernews.net/scripts/standalone/viewcount.ashx?type=h&id=3150267&domain=marketbeat.com&referrer=",
        "https://twitter.com/intent/tweet?text=Airspan+Networks+(OTCMKTS%3aAIRO)++Shares+Down+4.4%25+++-+Should+You+Sell%3f%20%24AIRO%20%23AIRO%20https://www.marketbeat.com/instant-alerts/airspan-networks-otcmktsairo-shares-down-44-should-you-sell-2026-01-21",
        "https://linkedin.com/cws/share?mini=true&url=https://marketbeat.com/instant-alerts/airspan-networks-otcmktsairo-shares-down-44-should-you-sell-2026-01-21/",
        "https://www.linkedin.com/cws/share",
        "https://twitter.com/intent/tweet?text=Airspan+Networks+(OTCMKTS%3aAIRO)++Shares+Down+4.4%25+++-+Should+You+Sell%3f%20https://www.marketbeat.com/instant-alerts/airspan-networks-otcmktsairo-shares-down-44-should-you-sell-2026-01-21",
        "https://api.stocktwits.com/widgets/share?via=MarketBeat&body=Airspan+Networks+(OTCMKTS%3aAIRO)++Shares+Down+4.4%25+++-+Should+You+Sell%3f%20https://www.marketbeat.com/instant-alerts/airspan-networks-otcmktsairo-shares-down-44-should-you-sell-2026-01-21",
        "https://www.americanconsumernews.net/scripts/standalone/viewcount.ashx",
        "https://api.stocktwits.com/widgets/share",
        "https://www.facebook.com/sharer/sharer.php",
        "https://www.linkedin.com/cws/share?mini=true&url=https://www.marketbeat.com/instant-alerts/airspan-networks-otcmktsairo-shares-down-44-should-you-sell-2026-01-21",
        "https://twitter.com/intent/tweet"
    ],
    "external_images": [],
    "internal_images": [],
    "entities": {
        "persons": [],
        "locations": [],
        "organizations": [
            {
                "name": "Airspan Networks",
                "sentiment": "negative",
                "tickers": []
            },
            {
                "name": "AIRO",
                "sentiment": "negative",
                "tickers": [
                    {
                        "ticker": null,
                        "exchange": null
                    }
                ]
            },
            {
                "name": "MarketBeat Media, LLC",
                "sentiment": "none",
                "tickers": [
                    {
                        "ticker": null,
                        "exchange": null
                    }
                ]
            }
        ]
    },
    "syndication": {
        "syndicated": false,
        "syndicate_id": null,
        "first_syndicated": false
    },
    "trust": {
        "categories": [],
        "top_news": [],
        "bias": null,
        "source": {
            "type": null,
            "city": null,
            "state": null,
            "country": null,
            "domain_type": null,
            "agency": null,
            "organization_name": null
        }
    },
    "rating": null,
    "crawled": "2026-01-22T08:22:56.740+02:00",
    "updated": "2026-01-22T08:25:58.000+02:00"
}