{
    "thread": {
        "uuid": "9625402e76760382cbf371c921506451f61a9db9",
        "url": "https://www.ad-hoc-news.de/boerse/ueberblick/u-s-national-security-concerns-threaten-irobot-s-bankruptcy-rescue/68508514",
        "site_full": "www.ad-hoc-news.de",
        "site": "ad-hoc-news.de",
        "site_section": "https://www.ad-hoc-news.de/sonstige",
        "site_categories": [
            "media",
            "business",
            "marketing",
            "science and technology",
            "economy, business and finance",
            "lifestyle and leisure"
        ],
        "section_title": "NEWS AKTUELLE NACHRICHTEN UND MELDUNGEN",
        "site_title": "NEWS & AKTIENKURSE | AD HOC NEWS",
        "title": "U.S. National Security Concerns Threaten iRobot's Bankruptcy Rescue",
        "title_full": "U.S. National Security Concerns Threaten iRobot's Bankruptcy Rescue",
        "published": "2026-01-22T08:13:00.000+02:00",
        "replies_count": 0,
        "participants_count": 1,
        "site_type": "news",
        "country": "DE",
        "main_image": "https://mdb.ad-hoc-news.de/bilder/bild-2439843_600_800.jpg",
        "performance_score": 0,
        "domain_rank": 146132,
        "domain_rank_updated": "2026-01-18T23:00:00.000+02:00",
        "licensing_agency": [],
        "social": {
            "facebook": {
                "likes": 0,
                "comments": 0,
                "shares": 0
            },
            "vk": {
                "shares": 0
            }
        }
    },
    "uuid": "9625402e76760382cbf371c921506451f61a9db9",
    "url": "https://www.ad-hoc-news.de/boerse/ueberblick/u-s-national-security-concerns-threaten-irobot-s-bankruptcy-rescue/68508514",
    "ord_in_thread": 0,
    "author": "Redaktion ad-hoc-news.de",
    "published": "2026-01-22T08:13:00.000+02:00",
    "title": "U.S. National Security Concerns Threaten iRobot's Bankruptcy Rescue",
    "text": ",\nU.S. National Security Concerns Threaten iRobot’s Bankruptcy Rescue\n22.01.2026 - 07:13:04The proposed sale of iRobot Corp. to a Chinese manufacturer has drawn a formal warning from the U.S. Department of Justice (DOJ), throwing the company's Chapter 11 restructuring plan into jeopardy just ahead of a pivotal court hearing. The intervention, citing significant national security risks, could delay or even derail the entire bankruptcy process, dramatically increasing the threat of a total loss for the struggling robot maker's remaining shareholders.\nIn a formal filing to the U.S. Bankruptcy Court in Delaware on Wednesday, the Justice Department alerted the court that the planned acquisition by China's Shenzhen PICEA Robotics Co. presents potential risks to national security. The DOJ highlighted that the transaction would likely trigger a mandatory review by the Committee on Foreign Investment in the United States (CFIUS).\nSuch an investigation would significantly postpone the timeline of the bankruptcy plan or could fundamentally prevent its completion. This warning arrives at a highly sensitive moment, as a hearing to confirm the restructuring was scheduled for the same day. The move signals that Washington is unlikely to allow the transfer of sensitive U.S. technology and data to a Chinese-controlled entity without a thorough and lengthy examination.\nMarket reaction was immediately negative. The stock, which has traded at penny-stock levels since iRobot filed for Chapter 11 protection in December 2025, remained under heavy pressure. Shares closed Wednesday at $0.13, with trading volume seeing a notable decline.\nA Steep Decline Culminates in Political Scrutiny\nThe current crisis marks a new low in a dramatic fall from grace for the Roomba vacuum maker. Its troubles accelerated after a planned $1.7 billion acquisition by Amazon collapsed in 2024 due to regulatory opposition. Although iRobot received a $94 million break-up fee, it was left without a viable long-term business model, ultimately leading to its Chapter 11 filing.\nThe restructuring blueprint now centers on a takeover by Shenzhen PICEA. Preparations for this move included the purchase of $191 million in iRobot bonds last November by Santrum Hong Kong, a subsidiary of the Chinese partner, to facilitate a \"credit bid\" acquisition.\nPolitical resistance has been mounting for weeks. As early as January 8, U.S. Representatives Ritchie Torres and Zach Nunn publicly called for a strict CFIUS review, arguing that placing iRobot's mapping and camera data in Chinese hands would create an unacceptable security risk. The DOJ's formal action confirms the U.S. government shares these serious concerns.\n[Should investors sell immediately? Or is it worth buying iRobot?]\nShareholders Face Mounting Risks of a Wipeout\nThe situation for equity holders is increasingly dire. The share price has collapsed by more than 98% over the past twelve months. The government's intervention creates a twofold problem:\n-\nSignificant Delay:\nA standard CFIUS review typically extends over several months, a timeline that strains iRobot's limited liquidity within the ongoing bankruptcy proceedings. -\nPotential Collapse:\nShould the sale to Shenzhen PICEA be blocked, the core pillar of the entire restructuring strategy would vanish.\nPessimism spread to European markets. On the Munich stock exchange, the stock traded at €0.1165 late Wednesday, representing a single-day decline of nearly 20%.\nCourt's Decision Holds the Key\nAll attention now turns to the bankruptcy court in Delaware. The presiding judge must rule on how to proceed following the DOJ's objection. If the government's request for a stay or a review period is granted, any swift implementation of the reorganization plan will be impossible.\nConsequently, market analysts see little chance for any meaningful recovery in shareholder equity. The central questions now revolve around the recovery rate for creditors and whether the technology behind the Roomba brand can survive under a new corporate structure. For the stock, this translates into sustained high volatility and the looming possibility of a trading suspension.\nAd\niRobot Stock: Buy or Sell?! New iRobot Analysis from January 22 delivers the answer:\nThe latest iRobot figures speak for themselves: Urgent action needed for iRobot investors. Is it worth buying or should you sell? Find out what to do now in the current free analysis from January 22.\niRobot: Buy or sell?\nRead more here...",
    "highlightText": "",
    "highlightTitle": "",
    "highlightThreadTitle": "",
    "language": "english",
    "sentiment": "negative",
    "categories": [
        "Economy, Business and Finance",
        "Science and Technology"
    ],
    "topics": [
        "Economy, Business and Finance->corporate news and profiles",
        "Economy, Business and Finance->mergers and acquisitions",
        "Science and Technology->technology and engineering"
    ],
    "ai_allow": true,
    "has_canonical": false,
    "breaking": false,
    "webz_reporter": false,
    "external_links": [
        "https://stockstoday.com/lp/analysis/?trk=ST_Asset_Analysis_Bottom_Full-Text-Feed&isin=US4627261005&aktienname=iRobot&adref=PostID_71170%3ABlog_StocksToday%3AISIN_US4627261005%3AStock_iRobot%3ASource_Ad-Hoc-News&source=Ad-Hoc-News",
        "https://stockstoday.com/lp/analysis/",
        "https://www.stockstoday.com/lp/analysis/?trk=ST_Asset_Analysis_Bottom_Full-Text-Feed&isin=US4627261005&aktienname=iRobot&adref=PostID_71170%3ABlog_StocksToday%3AISIN_US4627261005%3AStock_iRobot%3ASource_Ad-Hoc-News&source=Ad-Hoc-News"
    ],
    "external_images": [],
    "internal_images": [],
    "entities": {
        "persons": [],
        "locations": [],
        "organizations": []
    },
    "syndication": {
        "syndicated": false,
        "syndicate_id": null,
        "first_syndicated": false
    },
    "trust": {
        "categories": [],
        "top_news": [],
        "bias": null,
        "source": {
            "type": null,
            "city": null,
            "state": null,
            "country": null,
            "domain_type": null,
            "agency": null,
            "organization_name": null
        }
    },
    "rating": null,
    "crawled": "2026-01-22T08:17:53.909+02:00",
    "updated": "2026-01-22T08:19:55.000+02:00"
}