{
    "thread": {
        "uuid": "a3f0376605e9b8c675c32a728548899b3393fe85",
        "url": "https://www.ksdk.com/video/sports/locked-on/lo-wisconsin/brewers-show/bombshellmilwaukee-brewers-send-freddy-peralta-to-new-york-metsdid-the-brewers-get-enough-back/535-549d3717-e688-4061-8566-e0005d789d80",
        "site_full": "www.ksdk.com",
        "site": "ksdk.com",
        "site_section": "https://www.ksdk.com/sports",
        "site_categories": [
            "media",
            "health",
            "cold_and_flu",
            "sport",
            "crime, law and justice",
            "economy, business and finance"
        ],
        "section_title": "Sports | ksdk.com",
        "site_title": "St. Louis Breaking News, Weather, Traffic, Sports | ksdk.com",
        "title": "BOMBSHELL:Milwaukee Brewers Send Freddy Peralta to New York Mets-Did the Brewers Get ENOUGH Back? | ksdk.com",
        "title_full": "BOMBSHELL:Milwaukee Brewers Send Freddy Peralta to New York Mets-Did the Brewers Get ENOUGH Back? | ksdk.com",
        "published": "2026-01-22T01:52:00.000+02:00",
        "replies_count": 0,
        "participants_count": 1,
        "site_type": "news",
        "country": "US",
        "main_image": "https://media.ksdk.com/assets/LOCKEDON/images/e186cfa3-4d1b-49d5-977e-8a63eff4b4b1/20260122T055142/e186cfa3-4d1b-49d5-977e-8a63eff4b4b1_1140x641.jpg",
        "performance_score": 0,
        "domain_rank": 19253,
        "domain_rank_updated": "2026-01-18T23:00:00.000+02:00",
        "licensing_agency": [],
        "social": {
            "facebook": {
                "likes": 0,
                "comments": 0,
                "shares": 0
            },
            "vk": {
                "shares": 0
            }
        }
    },
    "uuid": "a3f0376605e9b8c675c32a728548899b3393fe85",
    "url": "https://www.ksdk.com/video/sports/locked-on/lo-wisconsin/brewers-show/bombshellmilwaukee-brewers-send-freddy-peralta-to-new-york-metsdid-the-brewers-get-enough-back/535-549d3717-e688-4061-8566-e0005d789d80",
    "ord_in_thread": 0,
    "author": "Author ksdk com",
    "published": "2026-01-22T01:52:00.000+02:00",
    "title": "BOMBSHELL:Milwaukee Brewers Send Freddy Peralta to New York Mets-Did the Brewers Get ENOUGH Back? | ksdk.com",
    "text": "Skip Navigation\nNavigation\nNews\nWeather\nSearch\nSearch:\nSearch\nRight Now\nSt. Louis, MO »\n35°\nSt. Louis, MO »\nAdvertise With Us\nWeather Forecast\nStream 5+\nAs Seen On TV\nBlack History\nContact us\nShow Me St. Louis\nContests\nToday in St. Louis\nRadar\nMaking A Difference\nGet Our Newsletters\nDownload our app\nSearching for Solutions\nProject 5\nTV Listings\nBlack History\nBreaking News\nMore (\n) »\nBOMBSHELL:Milwaukee Brewers Send Freddy Peralta to New York Mets—Did the Brewers Get ENOUGH Back?\nTo stream 5 On Your Side on your phone, you need the 5 On Your Side app.\nDownload the 5 On Your Side app\nMilwaukee Brewers shake up their rotation , sending ace Freddy Peralta and Tobias Myers to the New York Mets in a blockbuster deal.\nBefore You Leave, Check This Out",
    "highlightText": "",
    "highlightTitle": "",
    "highlightThreadTitle": "",
    "language": "english",
    "sentiment": "negative",
    "categories": [
        "Sport",
        "Economy, Business and Finance"
    ],
    "topics": [
        "Sport->baseball",
        "Sport->sports transaction",
        "Economy, Business and Finance->media and entertainment industry",
        "Economy, Business and Finance->corporate news and profiles"
    ],
    "ai_allow": true,
    "has_canonical": true,
    "breaking": null,
    "webz_reporter": false,
    "external_links": [],
    "external_images": [],
    "internal_images": [],
    "entities": {
        "persons": [],
        "locations": [],
        "organizations": []
    },
    "syndication": {
        "syndicated": false,
        "syndicate_id": null,
        "first_syndicated": false
    },
    "trust": {
        "categories": [
            "trusted_news"
        ],
        "top_news": [],
        "bias": "center",
        "source": {
            "type": "local_news",
            "city": [
                "St. Louis"
            ],
            "state": [
                "Missouri"
            ],
            "country": [
                "US"
            ],
            "domain_type": null,
            "agency": null,
            "organization_name": null
        }
    },
    "rating": null,
    "crawled": "2026-01-22T08:07:25.308+02:00",
    "updated": "2026-01-22T08:12:20.000+02:00"
}