{
    "thread": {
        "uuid": "009e8bbf6470c9d2ca5f62abde6604ddb0e86bbf",
        "url": "https://www.firstpost.com/world/is-pollution-a-bigger-threat-than-trumps-tariffs-to-indias-growing-economy-gita-gopinath-says-13971238.html",
        "site_full": "www.firstpost.com",
        "site": "firstpost.com",
        "site_section": "https://news.google.com/search?q=than%20when%3A1h&hl=en-US&gl=US&ceid=US%3Aen",
        "site_categories": [
            "media",
            "cricket",
            "sports",
            "top_news_in",
            "top_news_pk",
            "top_news",
            "arts, culture and entertainment",
            "war, conflict and unrest",
            "economy, business and finance",
            "crime, law and justice",
            "politics",
            "sport"
        ],
        "section_title": "Google News - Search",
        "site_title": "FIRSTPOST: LIVE updates, Latest News, Breaking News, World News, Sports News, Bollywood News, Business, Entertainment, Tech, Political News and more Firstpost",
        "title": "Is pollution a bigger threat than Trump's tariffs to India's growing economy? Gita Gopinath says…",
        "title_full": "Is pollution a bigger threat than Trump's tariffs to India's growing economy? Gita Gopinath says…",
        "published": "2026-01-22T08:17:00.000+02:00",
        "replies_count": 0,
        "participants_count": 1,
        "site_type": "news",
        "country": "IN",
        "main_image": "https://images.firstpost.com/uploads/2025/07/1001614-gita-gopinath-reuters-2025-07-362b66b8b7e0bdae6246e08e1d4ffbde-1200x675.jpeg?im=FitAndFill=(1200,675)",
        "performance_score": 0,
        "domain_rank": 7002,
        "domain_rank_updated": "2026-01-18T23:00:00.000+02:00",
        "licensing_agency": [],
        "social": {
            "facebook": {
                "likes": 0,
                "comments": 0,
                "shares": 0
            },
            "vk": {
                "shares": 0
            }
        }
    },
    "uuid": "009e8bbf6470c9d2ca5f62abde6604ddb0e86bbf",
    "url": "https://www.firstpost.com/world/is-pollution-a-bigger-threat-than-trumps-tariffs-to-indias-growing-economy-gita-gopinath-says-13971238.html",
    "ord_in_thread": 0,
    "author": "FP News Desk",
    "published": "2026-01-22T08:17:00.000+02:00",
    "title": "Is pollution a bigger threat than Trump's tariffs to India's growing economy? Gita Gopinath says…",
    "text": "Former IMF chief economist Gita Gopinath has said India has bigger problems than US President Donald Trump’s tariffs, naming pollution as having the capacity to threaten the Indian economy much more than tariffs.\n“Pollution is a challenge in India, and its impact on the economy is far more consequential than any impact of tariffs imposed so far,” Gopinath said at the World Economic Forum in Davos.\nShe explained that the effects of pollution have direct consequences on productivity, healthcare costs and overall economic activity, making it an underlying cause of slowed economic growth.\n“The real costs of pollution are not merely environmental &mldr They are deeply intertwined with economic growth, productivity, and the health of citizens,” she added.\nGopinath argued that environmental factors deserve more attention than tariffs in economic debates, citing their more permanent and extensive impact on the global economy.\nShe argued that India should prioritise mitigating the effects of pollution to safeguard its economy. “India has made progress in expanding its economy and improving infrastructure, but pollution remains a persistent challenge, particularly in major urban centers,” she said.\n“From an international investor’s point of view, if you are thinking of setting up operations in India and living there, the environment matters,” she added.\nThe former IMF chief economist highlighted a 2022 World Bank study revealing that pollution claims nearly 1.7 million lives in India annually. This figure represents approximately 18 per cent of all deaths in the country.\nMeanwhile, the Commission for Air Quality Management (CAQM)told the Supreme Court on Wednesday that vehicular pollution is the highest contributor to air pollution in Delhi-NCR and recommended 15 long-term measures to improve the worsening Air Quality Index (AQI).\nAppearing for CAQM, Additional Solicitor General Aishwarya Bhati told a bench comprising Chief Justice of India Surya Kant and Justices Joymalya Bagchi and Vipul M Pancholi that a meta-analysis of studies from 2015 to 2025 attributes PM2.5 in Delhi to a mix of primary emissions and secondary particulate formation from sources within the National Capital Region (NCR).\nFollow Firstpost on Google. Get insightful\nexplainers, sharp\nopinions, and in-depth\nlatest newson everything from geopolitics and diplomacy to\nWorld News. Stay informed with the latest perspectives only on Firstpost.",
    "highlightText": "",
    "highlightTitle": "",
    "highlightThreadTitle": "",
    "language": "english",
    "sentiment": "negative",
    "categories": [
        "Economy, Business and Finance",
        "Environment"
    ],
    "topics": [
        "Economy, Business and Finance->economy",
        "Economy, Business and Finance->financial and economic news",
        "Economy, Business and Finance->macro economics",
        "Environment->environmental pollution"
    ],
    "ai_allow": true,
    "has_canonical": false,
    "breaking": true,
    "webz_reporter": false,
    "external_links": [
        "https://www.google.com/preferences/source?q=firstpost.com",
        "https://www.google.com/preferences/source",
        "https://google.com/preferences/source?q=firstpost.com"
    ],
    "external_images": [],
    "internal_images": [],
    "entities": {
        "persons": [
            {
                "name": "Donald",
                "sentiment": "negative"
            },
            {
                "name": "Gita Gopinath",
                "sentiment": "negative"
            },
            {
                "name": "Trump",
                "sentiment": "neutral"
            }
        ],
        "locations": [
            {
                "name": "US",
                "sentiment": "none"
            },
            {
                "name": "India",
                "sentiment": "none"
            },
            {
                "name": "Davos",
                "sentiment": "none"
            }
        ],
        "organizations": [
            {
                "name": "IMF",
                "sentiment": "negative",
                "tickers": [
                    {
                        "ticker": null,
                        "exchange": null
                    }
                ]
            },
            {
                "name": "World Economic Forum",
                "sentiment": "none",
                "tickers": [
                    {
                        "ticker": null,
                        "exchange": null
                    }
                ]
            }
        ]
    },
    "syndication": {
        "syndicated": false,
        "syndicate_id": null,
        "first_syndicated": false
    },
    "trust": {
        "categories": [
            "trusted_news"
        ],
        "top_news": [
            "top_news_in",
            "top_news_pk",
            "top_news"
        ],
        "bias": "center",
        "source": {
            "type": null,
            "city": null,
            "state": null,
            "country": null,
            "domain_type": null,
            "agency": null,
            "organization_name": null
        }
    },
    "rating": null,
    "crawled": "2026-01-22T08:26:01.402+02:00",
    "updated": "2026-01-23T09:05:24.000+02:00"
}