{
    "thread": {
        "uuid": "ad321b9f27f703700a9f4611182df18a397441b7",
        "url": "https://www.myjoyonline.com/copec-accuses-industry-of-victimising-star-oil-over-fuel-price-stance/",
        "site_full": "www.myjoyonline.com",
        "site": "myjoyonline.com",
        "site_section": "https://news.google.com/search?q=nor%20when%3A1h&hl=en-US&gl=US&ceid=US%3Aen",
        "site_categories": [
            "media",
            "travel",
            "japan",
            "crime, law and justice",
            "politics",
            "social issue",
            "sport",
            "economy, business and finance"
        ],
        "section_title": "Google News - Search",
        "site_title": "MyJoyOnline - Ghana News | Ghana&#039;s most comprehensive website. Independent, Fearless and Credible journalism",
        "title": "COPEC accuses industry of victimising Star Oil over fuel price stance - MyJoyOnline",
        "title_full": "COPEC accuses industry of victimising Star Oil over fuel price stance - MyJoyOnline",
        "published": "2026-01-22T02:00:00.000+02:00",
        "replies_count": 0,
        "participants_count": 1,
        "site_type": "news",
        "country": "GH",
        "main_image": "https://www.myjoyonline.com/wp-content/uploads/2026/01/COPECs-Executive-Secretary-Duncan-Amoah.jpg",
        "performance_score": 0,
        "domain_rank": 33018,
        "domain_rank_updated": "2026-01-18T23:00:00.000+02:00",
        "licensing_agency": [],
        "social": {
            "facebook": {
                "likes": 0,
                "comments": 0,
                "shares": 0
            },
            "vk": {
                "shares": 0
            }
        }
    },
    "uuid": "ad321b9f27f703700a9f4611182df18a397441b7",
    "url": "https://www.myjoyonline.com/copec-accuses-industry-of-victimising-star-oil-over-fuel-price-stance/",
    "ord_in_thread": 0,
    "author": "@joyonlineghana",
    "published": "2026-01-22T02:00:00.000+02:00",
    "title": "COPEC accuses industry of victimising Star Oil over fuel price stance - MyJoyOnline",
    "text": "Audio By Carbonatix\nThe Executive Secretary of the Chamber of Petroleum Consumers (COPEC), Duncan Amoah, has criticised what he describes as the unfair treatment of Star Oil Limited following the company’s advocacy for fuel price reductions during peak periods.\nIt argues that the episode exposes fundamental weaknesses in Ghana’s petroleum pricing framework.\nSpeaking on Citi FM on Wednesday, January 21, Mr Amoah said the controversy surrounding Star Oil’s position highlights longstanding concerns about the petroleum price floor, which he has consistently opposed. He maintained that if any form of price control was necessary, it should have been a price ceiling rather than a floor.\n“We never needed a price floor. If there had to be any intervention at all, it should have been a price ceiling to deal with those charging excessively,” he said.\n“When you compare prices across oil marketing companies, the difference between the cheapest and the most expensive can be more than one Ghana cedi. Is the regulator suggesting that those charging significantly higher prices are right, while those proposing lower prices to benefit Ghanaians are the problem?”\nMr Amoah stressed that Star Oil’s position was neither novel nor isolated, noting that COPEC had raised similar concerns as far back as 2024, when the price floor was first introduced.\nHe described the backlash against the company as unjust and harmful to its corporate image.\n“In my view, Star Oil is being victimised for holding a position we clearly articulated from the very beginning of this price floor policy. The discussion around their position has not been fair to their brand,” he added.\nHis remarks come in the wake of Star Oil Limited’s decision to suspend its membership of the Chamber of Oil Marketing Companies (COMAC) with immediate effect.\nIn a statement issued on Wednesday, January 21, Star Oil said it was dissatisfied with what it termed COMAC’s failure to fairly represent or adequately explain its position on abolishing the price floor, particularly during recent media engagements by the Chamber’s leadership.\nThe company argued that the lack of balanced communication had fuelled negative public perceptions, wrongly portraying its advocacy as being driven by anti-competitive or improper motives.",
    "highlightText": "",
    "highlightTitle": "",
    "highlightThreadTitle": "",
    "language": "english",
    "sentiment": "negative",
    "categories": [
        "Economy, Business and Finance"
    ],
    "topics": [
        "Economy, Business and Finance->commodity market",
        "Economy, Business and Finance->energy and resource"
    ],
    "ai_allow": true,
    "has_canonical": false,
    "breaking": null,
    "webz_reporter": false,
    "external_links": [],
    "external_images": [],
    "internal_images": [],
    "entities": {
        "persons": [
            {
                "name": "Duncan Am",
                "sentiment": "negative"
            },
            {
                "name": "Amoah",
                "sentiment": "none"
            }
        ],
        "locations": [
            {
                "name": "Ghana",
                "sentiment": "none"
            }
        ],
        "organizations": [
            {
                "name": "Chamber of Petroleum Consumers",
                "sentiment": "negative",
                "tickers": [
                    {
                        "ticker": null,
                        "exchange": null
                    }
                ]
            },
            {
                "name": "Carbonatix",
                "sentiment": "negative",
                "tickers": [
                    {
                        "ticker": null,
                        "exchange": null
                    }
                ]
            },
            {
                "name": "MyJoyOnline",
                "sentiment": "neutral",
                "tickers": [
                    {
                        "ticker": null,
                        "exchange": null
                    }
                ]
            },
            {
                "name": "COPEC",
                "sentiment": "neutral",
                "tickers": [
                    {
                        "ticker": "COPEC",
                        "exchange": "NYSE"
                    }
                ]
            },
            {
                "name": "Star Oil Limited",
                "sentiment": "neutral",
                "tickers": []
            },
            {
                "name": "Citi FM",
                "sentiment": "none",
                "tickers": []
            }
        ]
    },
    "syndication": {
        "syndicated": false,
        "syndicate_id": "ad321b9f27f703700a9f4611182df18a397441b7",
        "first_syndicated": true
    },
    "trust": {
        "categories": [],
        "top_news": [],
        "bias": null,
        "source": {
            "type": null,
            "city": null,
            "state": null,
            "country": null,
            "domain_type": null,
            "agency": null,
            "organization_name": null
        }
    },
    "rating": null,
    "crawled": "2026-01-22T08:01:24.736+02:00",
    "updated": "2026-01-22T08:02:50.000+02:00"
}