{
    "thread": {
        "uuid": "19e9d3a2ec241482f37d98d8b17f8a2dd50c9e94",
        "url": "https://www.armstrongeconomics.com/international-news/north_america/americas-current-economy/october-2025-us-economic-data-blackout/",
        "site_full": "www.armstrongeconomics.com",
        "site": "armstrongeconomics.com",
        "site_section": "https://www.armstrongeconomics.com/feed",
        "site_categories": [
            "media"
        ],
        "section_title": "Armstrong Economics",
        "site_title": "Home | Armstrong Economics",
        "title": "October 2025 Partial US Economic Data Blackout",
        "title_full": "October 2025 Partial US Economic Data Blackout",
        "published": "2025-12-11T07:02:00.000+02:00",
        "replies_count": 0,
        "participants_count": 1,
        "site_type": "news",
        "country": "US",
        "main_image": "https://www.armstrongeconomics.com/wp-content/uploads/2024/04/GDP-3.jpg",
        "performance_score": 0,
        "domain_rank": 92881,
        "domain_rank_updated": "2025-12-07T23:00:00.000+02:00",
        "licensing_agency": [],
        "social": {
            "facebook": {
                "likes": 0,
                "comments": 0,
                "shares": 0
            },
            "vk": {
                "shares": 0
            }
        }
    },
    "uuid": "19e9d3a2ec241482f37d98d8b17f8a2dd50c9e94",
    "url": "https://www.armstrongeconomics.com/international-news/north_america/americas-current-economy/october-2025-us-economic-data-blackout/",
    "ord_in_thread": 0,
    "author": "Martin Armstrong",
    "published": "2025-12-11T07:02:00.000+02:00",
    "title": "October 2025 Partial US Economic Data Blackout",
    "text": "Governments never suspend economic data because things are going well. When a government stops publishing the very numbers it insists are the foundation of policy—GDP, CPI, PPI, employment—you are looking at the final stage of the collapse in confidence. The US government would be eager to publish this data despite the shutdown if the figures were optimistic.\nGDP, inflation, PPI, and the jobs report are the four pillars the government uses to claim the economy is “strong” or “transitory.” Rest assured, those at the top will have access to the data. The absence of data in the public sphere tells you more than the data themselves ever could.\nGovernments will become more authoritarian, more secretive, and more desperate as this wave continues. Once confidence breaks, they will do anything to prevent the population from realizing the depth of the crisis they themselves created. They manipulate statistics when times are tough; they suspend them when manipulation is no longer enough.\nThis aligns perfectly with the Economic Confidence Model as we move toward 2026—the political panic cycle. Governments cannot maintain the illusion of competence when capital flows shift against them. By refusing to publish these numbers, they are admitting, indirectly, that the economic deterioration is accelerating faster than they can spin. They fear the headlines, the market reaction, and above all, the realization by the public that the emperor has no clothes.",
    "highlightText": "",
    "highlightTitle": "",
    "highlightThreadTitle": "",
    "language": "english",
    "sentiment": "negative",
    "categories": [
        "Economy, Business and Finance"
    ],
    "topics": [
        "Economy, Business and Finance->financial and economic news",
        "Economy, Business and Finance->business and market analysis",
        "Economy, Business and Finance->economy"
    ],
    "ai_allow": true,
    "has_canonical": false,
    "breaking": null,
    "webz_reporter": false,
    "external_links": [],
    "external_images": [],
    "internal_images": [],
    "entities": {
        "persons": [],
        "locations": [],
        "organizations": []
    },
    "syndication": {
        "syndicated": false,
        "syndicate_id": null,
        "first_syndicated": false
    },
    "trust": {
        "categories": null,
        "top_news": [],
        "bias": "right",
        "source": {
            "type": null,
            "city": null,
            "state": null,
            "country": null,
            "domain_type": null,
            "agency": null,
            "organization_name": null
        }
    },
    "rating": null,
    "crawled": "2025-12-11T09:06:20.340+02:00",
    "updated": "2025-12-11T09:09:29.000+02:00"
}