{
    "thread": {
        "uuid": "38f156001ba61e2bd523a2317824bdc9a371ff24",
        "url": "https://www.independent.ie/business/irish/operating-profits-at-expanding-wright-group-down-65pc-to-318m/a1362771177.html",
        "site_full": "www.independent.ie",
        "site": "independent.ie",
        "site_section": "https://news.google.com/search?q=down%20when%3A1h&hl=en-US&gl=US&ceid=US%3Aen",
        "site_categories": [
            "media",
            "rugby",
            "sports",
            "top_news_ie",
            "top_news"
        ],
        "section_title": "Google News - Search",
        "site_title": "Irish Independent",
        "title": "Operating profits at expanding Wright Group down 65pc to €3.18m",
        "title_full": "Operating profits at expanding Wright Group down 65pc to €3.18m",
        "published": "2025-12-11T07:30:00.000+02:00",
        "replies_count": 0,
        "participants_count": 1,
        "site_type": "news",
        "country": "IE",
        "main_image": "https://focus.independent.ie/thumbor/8-oxcecgbfUA_uVjgwknvszSPxM=/400x280/smart/prod-mh-ireland/dd4f4b38-b9dc-465d-9869-923cd97ad6ea/637395b6-d68e-457e-be75-c1b8279b6005/dd4f4b38-b9dc-465d-9869-923cd97ad6ea.jpg",
        "performance_score": 0,
        "domain_rank": 3656,
        "domain_rank_updated": "2025-12-07T23:00:00.000+02:00",
        "licensing_agency": [],
        "social": {
            "facebook": {
                "likes": 0,
                "comments": 0,
                "shares": 0
            },
            "vk": {
                "shares": 0
            }
        }
    },
    "uuid": "38f156001ba61e2bd523a2317824bdc9a371ff24",
    "url": "https://www.independent.ie/business/irish/operating-profits-at-expanding-wright-group-down-65pc-to-318m/a1362771177.html",
    "ord_in_thread": 0,
    "author": "Gordon Deegan",
    "published": "2025-12-11T07:30:00.000+02:00",
    "title": "Operating profits at expanding Wright Group down 65pc to €3.18m",
    "text": "Operating profits at expanding Wright Group down 65pc to €3.18m\nOperating profits at the Wright Group last year declined by 65pc to €3.18m due to expansion costs.\nThe group – led by CEO Michael JF Wright – operates outlets in Dublin Airport and across 20 locations in Ireland. It expanded in recent weeks with the opening of the MJ Wright pub on Dublin’s South Great George’s Street in a four-storey property that previously housed Dylan McGrath’s Rustic Stone restaurant.\nDocuments filed with the Companies Office earlier this year confirmed that Mink Fusion Ltd, a Wright Group firm, paid €275,000 for the leasehold interest of the building.\nThe new consolidated accounts for the group filed by Treasure Trail Holdings Ltd show that operating profits declined as revenues increased by 11pc from €49.04m to €54.6m in the 12 months to the end of September 2024.\nThe directors state that the company “delivered a strong performance during the period, with turnover increasing, driven by the successful opening of new units and continued solid trading across our existing portfolio”.\n“Althou gh turnover increased, profit for the year declined,” state the directors.\nThe company achieved notable milestones that reinforce our growth trajectory\n“This was anticipated and primarily reflects a number of strategic investments made to support future growth and strengthen the business for the long term.\n“The company achieved notable milestones that reinforce our growth trajectory, strength of our brand and operational performance.”\nThis includes the group securing an 11-year contract award at Dublin Airport which it said secured its presence there for the long term.\n“With strong foundations now in place, we are well-positioned to convert recent investments and contract wins into long-term value for stakeholders,” they said.\nThe group recorded a pre-tax profit of €2.48m after net interest payments of €664,896 are taken into account.\nGroup earnings before interest, tax, depreciation and amortisation (Ebitda) last year was €5.39m.\nNumbers employed increased from 490 to 570 as staff costs increased from €12.99m to €16.39m. Aggregate directors’ pay last year increased from €604,354 to €709,740.\nThe pre-tax profit also takes account of combined non-cash depreciation costs of €2.23m. The group recorded a post-tax profit of €2.48m.",
    "highlightText": "",
    "highlightTitle": "",
    "highlightThreadTitle": "",
    "language": "english",
    "sentiment": "negative",
    "categories": [
        "Economy, Business and Finance"
    ],
    "topics": [
        "Economy, Business and Finance->business reporting and performance",
        "Economy, Business and Finance->business and market analysis"
    ],
    "ai_allow": true,
    "has_canonical": false,
    "breaking": true,
    "webz_reporter": false,
    "external_links": [],
    "external_images": [],
    "internal_images": [],
    "entities": {
        "persons": [
            {
                "name": "Michael JF Wright",
                "sentiment": "none"
            },
            {
                "name": "Dylan McGrath",
                "sentiment": "none"
            }
        ],
        "locations": [
            {
                "name": "Airport",
                "sentiment": "none"
            }
        ],
        "organizations": [
            {
                "name": "Treasure Trail Holdings Ltd",
                "sentiment": "none",
                "tickers": []
            },
            {
                "name": "Companies Office",
                "sentiment": "none",
                "tickers": []
            },
            {
                "name": "Mink Fusion Ltd",
                "sentiment": "none",
                "tickers": []
            },
            {
                "name": "Wright Group",
                "sentiment": "none",
                "tickers": []
            }
        ]
    },
    "syndication": {
        "syndicated": false,
        "syndicate_id": "38f156001ba61e2bd523a2317824bdc9a371ff24",
        "first_syndicated": true
    },
    "trust": {
        "categories": null,
        "top_news": [
            "top_news_ie",
            "top_news"
        ],
        "bias": "center",
        "source": {
            "type": null,
            "city": null,
            "state": null,
            "country": null,
            "domain_type": null,
            "agency": null,
            "organization_name": null
        }
    },
    "rating": null,
    "crawled": "2025-12-11T07:36:19.707+02:00",
    "updated": "2025-12-12T08:10:26.000+02:00"
}