{
    "thread": {
        "uuid": "909e82e1bf4f1347ee799799be43d999c1ee1f84",
        "url": "https://www.thedailystar.net/opinion/views/news/why-our-economy-looks-rich-facebook-broke-real-life-4055556",
        "site_full": "www.thedailystar.net",
        "site": "thedailystar.net",
        "site_section": "https://news.google.com/search?q=because%20when%3A1h&hl=en-US&gl=US&ceid=US%3Aen",
        "site_categories": [
            "media"
        ],
        "section_title": "Google News - Search",
        "site_title": "The Daily Star – Leading English Daily among Bangladesh Newspapers",
        "title": "Why our economy looks rich on Facebook but broke in real life",
        "title_full": "Why our economy looks rich on Facebook but broke in real life",
        "published": "2025-12-11T08:00:00.000+02:00",
        "replies_count": 0,
        "participants_count": 1,
        "site_type": "news",
        "country": "BD",
        "main_image": "https://www.thedailystar.net/sites/default/files/styles/social_share/public/media/api_images/2025/12/10/ED%202%20-%20Why%20our%20economy%20looks%20rich%20on%20Facebook%20but%20broke%20in%20real%20life_4994.jpg",
        "performance_score": 0,
        "domain_rank": 15342,
        "domain_rank_updated": "2025-12-07T23:00:00.000+02:00",
        "licensing_agency": [],
        "social": {
            "facebook": {
                "likes": 0,
                "comments": 0,
                "shares": 0
            },
            "vk": {
                "shares": 0
            }
        }
    },
    "uuid": "909e82e1bf4f1347ee799799be43d999c1ee1f84",
    "url": "https://www.thedailystar.net/opinion/views/news/why-our-economy-looks-rich-facebook-broke-real-life-4055556",
    "ord_in_thread": 0,
    "author": "@dailystarnews",
    "published": "2025-12-11T08:00:00.000+02:00",
    "title": "Why our economy looks rich on Facebook but broke in real life",
    "text": "Why our economy looks rich on Facebook but broke in real life\nThe world is warning of a looming economic downturn, yet many of us here we are—scrolling, shopping, and insisting we are living our best lives, even as our mobile banking apps beg to differ. The focus remains firmly on flash sales and cashback offers. Economists globally compare the present moment to the years preceding the Great Depression, and many in Bangladesh is playing along with remarkable enthusiasm. We are a country where consumption for many has become a national identity rather than a financial act. Our GDP graphs tell one story. Our bank balances tell another, and our online personas tell a third story entirely, one usually involving brunch.\nBack in the 1920s, Americans often spent money they did not have because keeping up appearances mattered more than financial stability. In Bangladesh, many of us have turned this instinct into an art form. Whether it is an Eid outfit, imported skincare, a birthday dinner in Gulshan, or a pair of trainers costing more than a month's rent in Mirpur, some of us buy to belong. We buy to feel modern. We buy because everyone else is buying—and God forbid someone thinks we are not doing well. And, much like the 1920s, Bangladesh has found its own version of mass debt normalisation. Our grandparents saved cash in tin trunks. We save screenshots of instalment plans. The rise of buy-now-pay-later culture worldwide has been localised here through loan apps, informal credit, and bKash borrowing. Debt has become invisible, convenient, and socially acceptable.\nBut invisibility does not mean harmlessness. When a significant share of young people in Dhaka tend to juggle delayed payments, digital loans, and lifestyle expectations shaped by TikTok, you do not have a consumption boom—you have a brewing fragility. Around 97 percent of Gen Z says social media influences what they buy. The remaining three percent have never seen their Explore page. Most of these Bangladeshis seemed to be buying under pressure, not capacity, and pressure is far more dangerous. Pressure pushes a lower-middle-income household to keep up with upper-middle-class spending to prove they are doing \"fine.\" Pressure convinces a 24-year-old to spend half her salary on a handbag she cannot afford because everyone else in her office carries one. Pressure tells people to buy the lifestyle first and figure out the finances later.\nThe illusion of stability is maintained through small, delayed payments that create artificial demand. Back then, instalment plans made people feel richer than they were. Today, loan apps do the same job quietly, efficiently, and without the inconvenience of paperwork. Instalments are the new meditation. Debt is the new normal. Shame is the only thing no one is willing to put on instalment.\nMeanwhile, the actual economy is under strain. Inflation remains high. The dollar is volatile. Imports are expensive. Banks are wobbling. And yet our social media feeds resemble a country on the verge of hosting Fashion Week. If the West has New York Fashion Week, then Bangladesh has Instagram, where the vibrant activity drowns out the warnings. The bigger danger is structural. Today's economy relies heavily on a few dominant corporations. In Bangladesh, everything from food to fintech to mobile banking to consumer imports is controlled by a small circle of powerful players. When one stumbles, the shock spreads quickly. The system looks stable only because debt wears excellent make-up.\nThe truth is simple: Bangladesh is living in a period of aspiration without stability. A generation raised on global content and local constraints is trying to merge two incompatible realities. They have a caviar taste in an economy that frequently offers tap water. They have dreams shaped by YouTube and salaries shaped by budget speeches. The mismatch is not a moral failure; it is an economic one. This is not a call for austerity. It is a call for awareness. A nation cannot rely on borrowed confidence forever. Households cannot outsource their futures to instalment plans. And young people cannot build financial security on the shaky foundation of trends that expire faster than your bKash balance on the 29th of the month.\nIf we continue mirroring the worst patterns of the global economy, we may discover the consequences the hard way. The Great Depression did not begin with one dramatic moment. It began with millions of small decisions layered upon each other until the system cracked. Bangladesh still has time to step back from that cliff. But that requires honesty about where our economy stands, how our society consumes, and why appearances have become more important than affordability. Because the world of easy instalments and digital glamour may look modern, but underneath, it carries the same fragility that history has already warned us about. And history, unlike debt collectors, never sends just one reminder.\nBarrister Noshin Nawal is a columnist for The Daily Star. She can be reached at [[email protected]](/cdn-cgi/l/email-protection).\nViews expressed in this article are the author's own.\nFollow The Daily Star Opinion on Facebook for the latest opinions, commentaries, and analyses by experts and professionals. To contribute your article or letter to The Daily Star Opinion, see our guidelines for submission.",
    "highlightText": "",
    "highlightTitle": "",
    "highlightThreadTitle": "",
    "language": "english",
    "sentiment": "negative",
    "categories": [
        "Economy, Business and Finance"
    ],
    "topics": [
        "Economy, Business and Finance->economy",
        "Economy, Business and Finance->business and market analysis"
    ],
    "ai_allow": true,
    "has_canonical": false,
    "breaking": true,
    "webz_reporter": false,
    "external_links": [
        "http://facebook.com/dsopinion",
        "http://www.facebook.com/dsopinion"
    ],
    "external_images": [],
    "internal_images": [],
    "entities": {
        "persons": [],
        "locations": [
            {
                "name": "Gulshan",
                "sentiment": "none"
            },
            {
                "name": "Mirpur",
                "sentiment": "none"
            }
        ],
        "organizations": []
    },
    "syndication": {
        "syndicated": false,
        "syndicate_id": null,
        "first_syndicated": false
    },
    "trust": {
        "categories": [],
        "top_news": [],
        "bias": null,
        "source": {
            "type": null,
            "city": null,
            "state": null,
            "country": null,
            "domain_type": null,
            "agency": null,
            "organization_name": null
        }
    },
    "rating": null,
    "crawled": "2025-12-11T08:07:24.472+02:00",
    "updated": "2025-12-11T08:09:33.000+02:00"
}