{
    "thread": {
        "uuid": "1451357cc8fa41dbd165ddb3c8d5683ff2400063",
        "url": "https://www.antarafoto.com/view/2661489/commodities-driving-annual-inflation-in-aceh-2025",
        "site_full": "www.antarafoto.com",
        "site": "antarafoto.com",
        "site_section": "https://www.antarafoto.com",
        "site_categories": [
            "media"
        ],
        "section_title": "Indonesia's largest photojournalism and news provider | ANTARA Foto",
        "site_title": "Indonesia's largest photojournalism and news provider | ANTARA Foto",
        "title": "Commodities Driving Annual Inflation in Aceh 2025",
        "title_full": "Commodities Driving Annual Inflation in Aceh 2025",
        "published": "2025-11-06T02:00:00.000+02:00",
        "replies_count": 0,
        "participants_count": 1,
        "site_type": "news",
        "country": "ID",
        "main_image": "https://img.antarafoto.com/cache/1200x799/2025/11/06/komoditas-pemicu-inflasi-tahunan-aceh-2025-1l1m9-dom.jpg",
        "performance_score": 0,
        "domain_rank": 147167,
        "domain_rank_updated": "2025-10-26T23:00:00.000+02:00",
        "licensing_agency": [],
        "social": {
            "facebook": {
                "likes": 0,
                "comments": 0,
                "shares": 0
            },
            "vk": {
                "shares": 0
            }
        }
    },
    "uuid": "1451357cc8fa41dbd165ddb3c8d5683ff2400063",
    "url": "https://www.antarafoto.com/view/2661489/commodities-driving-annual-inflation-in-aceh-2025",
    "ord_in_thread": 0,
    "author": "IRWANSYAH PUTRA",
    "published": "2025-11-06T02:00:00.000+02:00",
    "title": "Commodities Driving Annual Inflation in Aceh 2025",
    "text": "Traders arranged agricultural commodity products, particularly chili peppers, displayed at the Almahira Lamdingin market, Banda Aceh, Aceh, on Thursday (6/11/2025). The Central Statistics Agency (BPS) reported that the increase in chili commodities and jewelry gold has become the trigger for Aceh's annual inflation, or year on year (yoy), at 4.66 percent in October 2025. ANTARA FOTO/Irwansyah Putra/foc.",
    "highlightText": "",
    "highlightTitle": "",
    "highlightThreadTitle": "",
    "language": "english",
    "sentiment": "negative",
    "categories": [
        "Economy, Business and Finance"
    ],
    "topics": [
        "Economy, Business and Finance->economy",
        "Economy, Business and Finance->agriculture",
        "Economy, Business and Finance->commodity market"
    ],
    "ai_allow": true,
    "has_canonical": false,
    "breaking": null,
    "webz_reporter": false,
    "external_links": [],
    "external_images": [],
    "internal_images": [],
    "entities": {
        "persons": [],
        "locations": [
            {
                "name": "Aceh",
                "sentiment": "none"
            }
        ],
        "organizations": [
            {
                "name": "Central Statistics Agency",
                "sentiment": "none",
                "tickers": [
                    {
                        "ticker": null,
                        "exchange": null
                    }
                ]
            }
        ]
    },
    "syndication": {
        "syndicated": false,
        "syndicate_id": null,
        "first_syndicated": false
    },
    "trust": {
        "categories": [],
        "top_news": [],
        "bias": null,
        "source": {
            "type": null,
            "city": null,
            "state": null,
            "country": null,
            "domain_type": null,
            "agency": null,
            "organization_name": null
        }
    },
    "rating": null,
    "crawled": "2025-11-06T08:00:36.807+02:00",
    "updated": "2025-11-06T08:01:47.000+02:00"
}