{
    "thread": {
        "uuid": "45c7168fa4770de0a15178396144d813a3d73653",
        "url": "https://www.ad-hoc-news.de/boerse/ueberblick/hormel-foods-announces-major-workforce-reduction-amid-restructuring-push/68326876",
        "site_full": "www.ad-hoc-news.de",
        "site": "ad-hoc-news.de",
        "site_section": "https://www.ad-hoc-news.de/international",
        "site_categories": [
            "media",
            "business",
            "marketing"
        ],
        "section_title": "INTERNATIONAL AKTUELLE NACHRICHTEN UND MELDUNGEN",
        "site_title": "NEWS & AKTIENKURSE | AD HOC NEWS",
        "title": "Hormel Foods Announces Major Workforce Reduction Amid Restructuring Push",
        "title_full": "Hormel Foods Announces Major Workforce Reduction Amid Restructuring Push",
        "published": "2025-11-06T08:15:00.000+02:00",
        "replies_count": 0,
        "participants_count": 1,
        "site_type": "news",
        "country": "DE",
        "main_image": "https://mdb.ad-hoc-news.de/bilder/bild-2375918_600_800.jpg",
        "performance_score": 0,
        "domain_rank": 146132,
        "domain_rank_updated": "2025-10-26T23:00:00.000+02:00",
        "licensing_agency": [],
        "social": {
            "facebook": {
                "likes": 0,
                "comments": 0,
                "shares": 0
            },
            "vk": {
                "shares": 0
            }
        }
    },
    "uuid": "45c7168fa4770de0a15178396144d813a3d73653",
    "url": "https://www.ad-hoc-news.de/boerse/ueberblick/hormel-foods-announces-major-workforce-reduction-amid-restructuring-push/68326876",
    "ord_in_thread": 0,
    "author": "Redaktion ad-hoc-news.de",
    "published": "2025-11-06T08:15:00.000+02:00",
    "title": "Hormel Foods Announces Major Workforce Reduction Amid Restructuring Push",
    "text": ",\nHormel Foods Announces Major Workforce Reduction Amid Restructuring Push\n06.11.2025 - 07:15:04Financial Implications and Strategic Shifts\nFood industry giant Hormel Foods is implementing a significant cost-cutting initiative that involves eliminating 250 positions across its sales and corporate administration divisions. The comprehensive restructuring plan also includes offers of voluntary early retirement and the removal of numerous unfilled roles from the organization.\nThe company anticipates one-time charges between $20 million and $25 million as a direct result of these workforce reductions. Company leadership maintains these expenses represent a necessary investment toward creating a more efficient operational structure. Interim Chief Executive Officer Jeff Ettinger has emphasized the company’s commitment to handling the transition with respect for affected employees, while simultaneously acknowledging that market pressures necessitate these substantial changes.\nAccording to Read more...",
    "highlightText": "",
    "highlightTitle": "",
    "highlightThreadTitle": "",
    "language": "english",
    "sentiment": "negative",
    "categories": [
        "Labor",
        "Economy, Business and Finance"
    ],
    "topics": [
        "Labor->labour market",
        "Labor->employment",
        "Labor->employer",
        "Economy, Business and Finance->layoffs",
        "Economy, Business and Finance->business restructuring"
    ],
    "ai_allow": true,
    "has_canonical": false,
    "breaking": false,
    "webz_reporter": false,
    "external_links": [
        "https://stockstoday.com/hormel-foods-announces-major-workforce-reduction-amid-restructuring-push/?utm_source=teaser-feed",
        "https://www.stockstoday.com/hormel-foods-announces-major-workforce-reduction-amid-restructuring-push/?utm_source=teaser-feed",
        "https://stockstoday.com/hormel-foods-announces-major-workforce-reduction-amid-restructuring-push/"
    ],
    "external_images": [],
    "internal_images": [],
    "entities": {
        "persons": [
            {
                "name": "Jeff Ettinger",
                "sentiment": "none"
            }
        ],
        "locations": [],
        "organizations": [
            {
                "name": "Hormel Foods",
                "sentiment": "none",
                "tickers": [
                    {
                        "ticker": "HRL",
                        "exchange": "NYSE"
                    }
                ]
            }
        ]
    },
    "syndication": {
        "syndicated": false,
        "syndicate_id": null,
        "first_syndicated": false
    },
    "trust": {
        "categories": [],
        "top_news": [],
        "bias": null,
        "source": {
            "type": null,
            "city": null,
            "state": null,
            "country": null,
            "domain_type": null,
            "agency": null,
            "organization_name": null
        }
    },
    "rating": null,
    "crawled": "2025-11-06T08:28:13.829+02:00",
    "updated": "2025-11-06T08:33:35.000+02:00"
}