{
    "thread": {
        "uuid": "3c5a7ac558902e8b5121e77db7875df1d95d5522",
        "url": "https://www.marketscreener.com/news/new-wave-increases-revenue-but-reports-lower-operating-profit-ce7d5cddde89f421",
        "site_full": "www.marketscreener.com",
        "site": "marketscreener.com",
        "site_section": "https://news.google.com/search?q=but%20when%3A1h&hl=en-US&gl=US&ceid=US%3Aen",
        "site_categories": [
            "photography",
            "hobbies_and_interests"
        ],
        "section_title": "Google News - Search",
        "site_title": "Stock Market Today : Reports, Quotes and News - MarketScreener",
        "title": "New Wave Increases Revenue but Reports Lower Operating Profit | MarketScreener",
        "title_full": "New Wave Increases Revenue but Reports Lower Operating Profit | MarketScreener",
        "published": "2025-11-06T08:04:00.000+02:00",
        "replies_count": 0,
        "participants_count": 1,
        "site_type": "news",
        "country": "DE",
        "main_image": "https://www.marketscreener.com/images/twitter_MS_fdblanc.png",
        "performance_score": 0,
        "domain_rank": 11487,
        "domain_rank_updated": "2025-10-26T23:00:00.000+02:00",
        "licensing_agency": [],
        "social": {
            "facebook": {
                "likes": 0,
                "comments": 0,
                "shares": 0
            },
            "vk": {
                "shares": 0
            }
        }
    },
    "uuid": "3c5a7ac558902e8b5121e77db7875df1d95d5522",
    "url": "https://www.marketscreener.com/news/new-wave-increases-revenue-but-reports-lower-operating-profit-ce7d5cddde89f421",
    "ord_in_thread": 0,
    "author": "Finwire",
    "published": "2025-11-06T08:04:00.000+02:00",
    "title": "New Wave Increases Revenue but Reports Lower Operating Profit | MarketScreener",
    "text": "New Wave Group AB +9.60% The brand company New Wave has reported a rise in revenue for the third quarter compared to the same period last year, while operating profit declined.\nRevenue increased by 3.6 percent to SEK 2,390 million (2,308). Organic sales growth was 4.1 percent. Currency effects had a negative impact of -4.8 percent.\nGross profit reached SEK 1,196 million (1,128), with a gross margin of 50.0 percent (48.9).\nOperating profit amounted to SEK 253 million (313), corresponding to an operating margin of 10.6 percent (13.6).\nProfit before tax was SEK 225 million (276).\nNet profit totaled SEK 166 million (204), or SEK 1.25 per share (1.54).\nCash flow from operating activities was -SEK 249 million (191).\n\"The market remained weak during Q3. However, we see growing optimism and confidence in the future among our customers, so a turnaround may be approaching, although I personally do not expect a rapid recovery before the global situation becomes more stable. I still believe that a general market turnaround is a quarter or two away, but we know that things can change quickly when the shift comes,\" commented CEO Torsten Jansson.\nNew Wave, SEK million Q3-2025 Q3-2024 Change Net revenue 2,390 2,308 3.6% Gross profit 1,196 1,128 6.0% Gross margin 50.0% 48.9% Operating profit 253 313 -19.2% Operating margin 10.6% 13.6% Profit before tax 225 276 -18.5% Net profit 166 204 -18.6% Earnings per share, SEK 1.25 1.54 -18.8% Cash flow from operating activities -249 191\n© Finwire - 2025",
    "highlightText": "",
    "highlightTitle": "",
    "highlightThreadTitle": "",
    "language": "english",
    "sentiment": "negative",
    "categories": [
        "Economy, Business and Finance"
    ],
    "topics": [
        "Economy, Business and Finance->business reporting and performance"
    ],
    "ai_allow": true,
    "has_canonical": false,
    "breaking": true,
    "webz_reporter": false,
    "external_links": [
        "https://www.linkedin.com/shareArticle?mini=true&url=https%3A%2F%2Fwww.marketscreener.com%2Fnews%2Fnew-wave-increases-revenue-but-reports-lower-operating-profit-ce7d5cddde89f421%3Futm_source%3Dlinkedin%26utm_medium%3Dsocial%26utm_campaign%3Dshare&title=New",
        "https://wa.me/?text=https%3A%2F%2Fwww.marketscreener.com%2Fnews%2Fnew-wave-increases-revenue-but-reports-lower-operating-profit-ce7d5cddde89f421%3Futm_source%3Dwhatsapp%26utm_medium%3Dsocial%26utm_campaign%3Dshare",
        "https://www.facebook.com/sharer/sharer.php?u=https%3A%2F%2Fwww.marketscreener.com%2Fnews%2Fnew-wave-increases-revenue-but-reports-lower-operating-profit-ce7d5cddde89f421%3Futm_source%3Dfacebook%26utm_medium%3Dsocial%26utm_campaign%3Dshare",
        "https://telegram.me/share/url?url=https%3A%2F%2Fwww.marketscreener.com%2Fnews%2Fnew-wave-increases-revenue-but-reports-lower-operating-profit-ce7d5cddde89f421%3Futm_source%3Dtelegram%26utm_medium%3Dsocial%26utm_campaign%3Dshare",
        "https://x.com/intent/tweet?text=New",
        "https://x.com/intent/tweet",
        "https://telegram.me/share/url",
        "https://facebook.com/sharer/sharer.php?u=https%3A%2F%2Fwww.marketscreener.com%2Fnews%2Fnew-wave-increases-revenue-but-reports-lower-operating-profit-ce7d5cddde89f421%3Futm_source%3Dfacebook%26utm_medium%3Dsocial%26utm_campaign%3Dshare",
        "https://wa.me/",
        "https://www.facebook.com/sharer/sharer.php",
        "https://www.linkedin.com/shareArticle",
        "https://www.x.com/intent/tweet?text=New",
        "https://www.telegram.me/share/url?url=https%3A%2F%2Fwww.marketscreener.com%2Fnews%2Fnew-wave-increases-revenue-but-reports-lower-operating-profit-ce7d5cddde89f421%3Futm_source%3Dtelegram%26utm_medium%3Dsocial%26utm_campaign%3Dshare",
        "https://www.wa.me/?text=https%3A%2F%2Fwww.marketscreener.com%2Fnews%2Fnew-wave-increases-revenue-but-reports-lower-operating-profit-ce7d5cddde89f421%3Futm_source%3Dwhatsapp%26utm_medium%3Dsocial%26utm_campaign%3Dshare",
        "https://linkedin.com/shareArticle?mini=true&url=https%3A%2F%2Fwww.marketscreener.com%2Fnews%2Fnew-wave-increases-revenue-but-reports-lower-operating-profit-ce7d5cddde89f421%3Futm_source%3Dlinkedin%26utm_medium%3Dsocial%26utm_campaign%3Dshare&title=New"
    ],
    "external_images": [],
    "internal_images": [],
    "entities": {
        "persons": [],
        "locations": [],
        "organizations": []
    },
    "syndication": {
        "syndicated": false,
        "syndicate_id": null,
        "first_syndicated": false
    },
    "trust": {
        "categories": [],
        "top_news": [],
        "bias": null,
        "source": {
            "type": null,
            "city": null,
            "state": null,
            "country": null,
            "domain_type": null,
            "agency": null,
            "organization_name": null
        }
    },
    "rating": null,
    "crawled": "2025-11-06T08:33:51.188+02:00",
    "updated": "2025-11-06T12:15:35.237+02:00"
}