{
    "thread": {
        "uuid": "95b15e3db440a926fa84e1f19a8415e998f324e8",
        "url": "https://www.the-independent.com/bulletin/news/nestle-job-cuts-earnings-losses-b2846514.html",
        "site_full": "www.the-independent.com",
        "site": "the-independent.com",
        "site_section": "https://the-independent.com/rss",
        "site_categories": [],
        "section_title": "The Independent",
        "site_title": "The Independent | Latest US politics news, comment and analysis",
        "title": "Nestle job cuts: Food giant to axe thousands of roles in radical shake-up",
        "title_full": "Nestle job cuts: Food giant to axe thousands of roles in radical shake-up",
        "published": "2025-10-16T13:23:00.000+03:00",
        "replies_count": 0,
        "participants_count": 1,
        "site_type": "news",
        "country": "US",
        "main_image": "https://static.the-independent.com/2025/10/16/09/de734a413c3b7bfeffe89d47362b7f73Y29udGVudHNlYXJjaGFwaSwxNzYwNjg2ODQ1-2.15864305.jpg?width=1200&height=800&crop=1200:800",
        "performance_score": 0,
        "domain_rank": 11280,
        "domain_rank_updated": "2025-10-13T00:00:00.000+03:00",
        "licensing_agency": [
            "NLA"
        ],
        "social": {
            "facebook": {
                "likes": 0,
                "comments": 0,
                "shares": 0
            },
            "vk": {
                "shares": 0
            }
        }
    },
    "uuid": "95b15e3db440a926fa84e1f19a8415e998f324e8",
    "url": "https://www.the-independent.com/bulletin/news/nestle-job-cuts-earnings-losses-b2846514.html",
    "ord_in_thread": 0,
    "author": "Anna Wise",
    "published": "2025-10-16T13:23:00.000+03:00",
    "title": "Nestle job cuts: Food giant to axe thousands of roles in radical shake-up",
    "text": "Food giant to axe thousands of jobs in radical shake-up\n- Nestle has announced plans to cut approximately 16,000\njobsglobally over the next two years, driven by automation and a need to reduce costs. - The job reductions will affect around 12,000 white-collar professionals across various business functions and geographies, with an additional 4,000 cuts in\nmanufacturingand supply chain. - This restructuring is anticipated to save the consumer goods giant around one billion Swiss francs (£940 million) annually by the end of 2027.\n- Nestle's total cost-savings target, which incorporates the workforce cuts, has risen to three billion Swiss francs (£2.8 billion).\n- Philipp Navratil, Nestle’s chief executive, stated the company needs to 'change faster' to secure its future as a leader in the industry.",
    "highlightText": "",
    "highlightTitle": "",
    "highlightThreadTitle": "",
    "language": "english",
    "sentiment": "negative",
    "categories": [
        "Economy, Business and Finance",
        "Labor"
    ],
    "topics": [
        "Economy, Business and Finance->corporate news and profiles",
        "Economy, Business and Finance->layoffs",
        "Economy, Business and Finance->business restructuring",
        "Labor->employment"
    ],
    "ai_allow": false,
    "has_canonical": true,
    "breaking": false,
    "webz_reporter": false,
    "external_links": [],
    "external_images": [],
    "internal_images": [],
    "entities": {
        "persons": [
            {
                "name": "Philipp Navratil",
                "sentiment": "none"
            }
        ],
        "locations": [],
        "organizations": [
            {
                "name": "Nestle",
                "sentiment": "neutral",
                "tickers": [
                    {
                        "ticker": "NSRGY",
                        "exchange": "OTC"
                    }
                ]
            }
        ]
    },
    "syndication": {
        "syndicated": false,
        "syndicate_id": null,
        "first_syndicated": false
    },
    "trust": {
        "categories": [],
        "top_news": [],
        "bias": null,
        "source": {
            "type": null,
            "city": null,
            "state": null,
            "country": null,
            "domain_type": null,
            "agency": null,
            "organization_name": null
        }
    },
    "rating": null,
    "crawled": "2025-10-16T13:37:38.249+03:00",
    "updated": "2025-10-16T13:57:31.000+03:00"
}