{
    "thread": {
        "uuid": "b5a1ed96942500d831fcc3503e05deed402d0abe",
        "url": "https://www.capitalfm.co.ke/business/2025/10/indias-exports-to-us-plunge-as-trumps-50-tariffs-kick-in/",
        "site_full": "www.capitalfm.co.ke",
        "site": "capitalfm.co.ke",
        "site_section": "https://kenyamoja.com/index.php",
        "site_categories": [
            "media"
        ],
        "section_title": "Home | KenyaMOJA.com",
        "site_title": "Kenya breaking news | Kenya news today | Capitalfm.co.ke &#187; Capital News",
        "title": "India's exports to US plunge as Trump's 50% tariffs kick in - Capital Business",
        "title_full": "India's exports to US plunge as Trump's 50% tariffs kick in - Capital Business",
        "published": "2025-10-16T11:51:00.000+03:00",
        "replies_count": 0,
        "participants_count": 1,
        "site_type": "news",
        "country": "KE",
        "main_image": "https://www.capitalfm.co.ke/business/files/2025/09/683cec1ea310a04a96798684.jpeg",
        "performance_score": 0,
        "domain_rank": 58454,
        "domain_rank_updated": "2025-10-13T00:00:00.000+03:00",
        "licensing_agency": [],
        "social": {
            "facebook": {
                "likes": 0,
                "comments": 0,
                "shares": 0
            },
            "vk": {
                "shares": 0
            }
        }
    },
    "uuid": "b5a1ed96942500d831fcc3503e05deed402d0abe",
    "url": "https://www.capitalfm.co.ke/business/2025/10/indias-exports-to-us-plunge-as-trumps-50-tariffs-kick-in/",
    "ord_in_thread": 0,
    "author": "CONTRIBUTOR",
    "published": "2025-10-16T11:51:00.000+03:00",
    "title": "India's exports to US plunge as Trump's 50% tariffs kick in - Capital Business",
    "text": "OCT 16 – India’s goods exports to the US, its largest foreign market, dropped sharply by 20% in September and nearly 40% in the last four months, as Trump’s steep tariffs took effect, data shows.\nSeptember was the first full month of Washington’s 50% tariffs on Indian goods, which kicked in on 27 August. This includes a 25% penalty for Delhi’s refusal to stop buying oil from Russia.\n“US has become India’s most severely affected market since the tariff escalation began,” said Ajay Srivastava of Global Trade Research Initiative (GTRI), a Delhi-based think tank.\nNegotiations for a trade deal between the two countries are under way, with the goal of concluding an agreement by next month.\nAccording to GTRI, the most significant impact of the tariffs has been felt by labour-heavy sectors such as textiles, gems and jewellery, engineering goods, and chemicals, which have suffered the heaviest losses.\nShipments to the US have seen four consecutive months of decline, and are down 37.5% – from $8.8bn (£6.5bn) in May to $5.5bn in September.\nThe drop in exports have also contributed to India’s trade deficit (the gap between what a country imports and exports), which widened to a 13-month high of $32.15 billion in September.\nSome of the reduction in exports to the US was cushioned by improved trade with countries like the UAE and China.\nTrade negotiations between India and the US resumed last month after months of stalling over a number of differences. An Indian delegation is currently in the US for talks.\nOn Wednesday, Trump said that Indian Prime Minister Narendra Modi has agreed to stop buying Russian oil, as the US seeks to put economic pressure on the Kremlin as part of efforts to end the war in Ukraine.\nA spokesperson of the Indian foreign ministry said discussions were “ongoing” with the US administration which had “shown interest in deepening energy co-operation with India”.\nBut major sticking points over trade still remain, including access to agriculture and dairy.\nFor years, Washington has pushed for greater access to India’s farm sector, seeing it as a major untapped market. But India has fiercely protected it, citing food security, livelihoods and the interests of millions of small farmers.\nUntil recently, the US was India’s largest trading partner, with bilateral trade reaching $190bn in 2024. Trump and Modi have set a target to more than double this figure to $500bn.\nBy BBC",
    "highlightText": "",
    "highlightTitle": "",
    "highlightThreadTitle": "",
    "language": "english",
    "sentiment": "negative",
    "categories": [
        "Economy, Business and Finance"
    ],
    "topics": [
        "Economy, Business and Finance->foreign exchange market",
        "Economy, Business and Finance->macro economics"
    ],
    "ai_allow": true,
    "has_canonical": false,
    "breaking": null,
    "webz_reporter": false,
    "external_links": [
        "https://www.reuters.com/world/india/indias-trade-deficit-widens-11-month-high-3215-bln-september-2025-10-15/",
        "https://www.bbc.com/news/articles/c99g13xezdvo",
        "https://www.bbc.com/news/articles/ce8gdl54n1go",
        "https://bbc.com/news/articles/c99g13xezdvo",
        "https://reuters.com/world/india/indias-trade-deficit-widens-11-month-high-3215-bln-september-2025-10-15/",
        "https://bbc.com/news/articles/ce8gdl54n1go",
        "https://www.reuters.com/world/india/indias-trade-deficit-widens-11-month-high-3215-bln-september-2025-10-15"
    ],
    "external_images": [],
    "internal_images": [],
    "entities": {
        "persons": [
            {
                "name": "Ajay Srivastava",
                "sentiment": "none"
            },
            {
                "name": "Trump",
                "sentiment": "none"
            }
        ],
        "locations": [],
        "organizations": [
            {
                "name": "Global Trade Research Initiative",
                "sentiment": "none",
                "tickers": [
                    {
                        "ticker": null,
                        "exchange": null
                    }
                ]
            },
            {
                "name": "GTRI",
                "sentiment": "none",
                "tickers": [
                    {
                        "ticker": null,
                        "exchange": null
                    }
                ]
            }
        ]
    },
    "syndication": {
        "syndicated": false,
        "syndicate_id": "b5a1ed96942500d831fcc3503e05deed402d0abe",
        "first_syndicated": true
    },
    "trust": {
        "categories": [],
        "top_news": [],
        "bias": null,
        "source": {
            "type": null,
            "city": null,
            "state": null,
            "country": null,
            "domain_type": null,
            "agency": null,
            "organization_name": null
        }
    },
    "rating": null,
    "crawled": "2025-10-16T13:32:04.595+03:00",
    "updated": "2025-10-16T13:59:44.000+03:00"
}