{
    "thread": {
        "uuid": "64bb554142e55c3b8e0da5f037c7026999faaa8f",
        "url": "https://www.vienna.at/ecj-lightning-strike-in-aua-plane-extraordinary-circumstance-no-compensation/9740666",
        "site_full": "www.vienna.at",
        "site": "vienna.at",
        "site_section": "https://austria.com/rss",
        "site_categories": [
            "under_construction"
        ],
        "section_title": "VIENNA.AT",
        "site_title": "WIEN - Nachrichten und Services | VIENNA.AT",
        "title": "ECJ: Lightning Strike in AUA Plane \"Extraordinary Circumstance\" - No Compensation - VIENNA.AT",
        "title_full": "ECJ: Lightning Strike in AUA Plane \"Extraordinary Circumstance\" - No Compensation - VIENNA.AT",
        "published": "2025-10-16T13:06:00.000+03:00",
        "replies_count": 0,
        "participants_count": 1,
        "site_type": "news",
        "country": "AT",
        "main_image": "https://www.vienna.at/wp-content/themes/vodl-vienna/assets/logo/og-logo.png",
        "performance_score": 0,
        "domain_rank": 49404,
        "domain_rank_updated": "2025-10-13T00:00:00.000+03:00",
        "licensing_agency": [],
        "social": {
            "facebook": {
                "likes": 0,
                "comments": 0,
                "shares": 0
            },
            "vk": {
                "shares": 0
            }
        }
    },
    "uuid": "64bb554142e55c3b8e0da5f037c7026999faaa8f",
    "url": "https://www.vienna.at/ecj-lightning-strike-in-aua-plane-extraordinary-circumstance-no-compensation/9740666",
    "ord_in_thread": 0,
    "author": "translator",
    "published": "2025-10-16T13:06:00.000+03:00",
    "title": "ECJ: Lightning Strike in AUA Plane \"Extraordinary Circumstance\" - No Compensation - VIENNA.AT",
    "text": "ECJ: Lightning Strike in AUA Plane \"Extraordinary Circumstance\" - No Compensation\nA lawsuit filed by the air traveler against the company has a disputed value of 400 euros. In the first instance, the District Court of Schwechat dismissed the lawsuit against AUA. The Regional Court, as the appellate instance, considered it necessary for the ECJ to clarify whether a lightning strike is to be assessed as an \"extraordinary circumstance.\" According to European law, airlines are obliged to compensate for flight cancellations or major delays - but this does not apply if the reason for the cancellation or delay is due to extraordinary circumstances.\n\"Extraordinary Circumstances\" Include Weather Conditions\nThe ECJ stated that a lightning strike constitutes an extraordinary circumstance \"if it leads to mandatory safety checks resulting in the delayed release of the aircraft for operation.\" The EU legislator has included weather conditions that are incompatible with the operation of the flight in the term \"extraordinary circumstances,\" including the risk of a lightning strike. A lightning strike, after which the aircraft must undergo mandatory safety checks, is not part of the normal exercise of the airline's activity and is not actually controllable by it.\nTo be exempt from the obligation to pay compensation to affected passengers, the airline must make further efforts. It must prove that all reasonable measures were taken to avoid the occurrence of the extraordinary circumstance and its consequences - such as a major delay. \"It is up to the Austrian court to assess this in the present case,\" said the ECJ.\nAUA sees itself as blameless in the ongoing proceedings because \"damage caused by a lightning strike was unusual or neither planned nor controllable to this extent,\" as noted by the Regional Court of Korneuburg. The plaintiff, on the other hand, cannot recognize the lightning strike as an extraordinary circumstance. AUA also did not take all reasonable measures to transport the passenger - who was living in London at the time - to his destination as quickly as possible. Instead of arriving around 6:30 PM, he arrived at London Heathrow Airport shortly after 8:00 AM the following day.\nDamage from Lightning Strike: Delayed AUA Flight\nThe AUA aircraft was struck by lightning on March 8, 2022, shortly before landing in Iasi near the border with the Republic of Moldova. During the technical safety inspection of the aircraft after landing - which AUA stated was necessary - damage to technical equipment was found. Ultimately, a replacement aircraft was flown in from Vienna. The flight from Romania to Schwechat therefore did not start shortly after 2:00 PM, but at 10:25 PM.\n(APA/Red.)\nThis article has been automatically translated, read the original article here.",
    "highlightText": "",
    "highlightTitle": "",
    "highlightThreadTitle": "",
    "language": "english",
    "sentiment": "negative",
    "categories": [
        "Disaster and Accident",
        "Economy, Business and Finance"
    ],
    "topics": [
        "Disaster and Accident->transportation accident and incident",
        "Economy, Business and Finance->business reporting and performance"
    ],
    "ai_allow": true,
    "has_canonical": true,
    "breaking": false,
    "webz_reporter": false,
    "external_links": [],
    "external_images": [],
    "internal_images": [],
    "entities": {
        "persons": [],
        "locations": [],
        "organizations": [
            {
                "name": "AUA",
                "sentiment": "none",
                "tickers": [
                    {
                        "ticker": null,
                        "exchange": null
                    }
                ]
            },
            {
                "name": "ECJ",
                "sentiment": "none",
                "tickers": [
                    {
                        "ticker": null,
                        "exchange": null
                    }
                ]
            }
        ]
    },
    "syndication": {
        "syndicated": false,
        "syndicate_id": null,
        "first_syndicated": false
    },
    "trust": {
        "categories": [],
        "top_news": [],
        "bias": null,
        "source": {
            "type": null,
            "city": null,
            "state": null,
            "country": null,
            "domain_type": null,
            "agency": null,
            "organization_name": null
        }
    },
    "rating": null,
    "crawled": "2025-10-16T13:29:04.873+03:00",
    "updated": "2025-10-16T14:02:11.000+03:00"
}