{
    "thread": {
        "uuid": "20eb0255095e3712ed1d3508429efe58987ea993",
        "url": "https://dailypost.ng/2026/01/01/tax-law-rollout-nigerians-should-exercise-caution-budget-office/",
        "site_full": "dailypost.ng",
        "site": "dailypost.ng",
        "site_section": "https://news.google.com/search?q=should%20when%3A1h&hl=en-US&gl=US&ceid=US%3Aen",
        "site_categories": [
            "media",
            "crime, law and justice",
            "politics",
            "war, conflict and unrest",
            "sport",
            "economy, business and finance"
        ],
        "section_title": "Google News - Search",
        "site_title": "Daily Post Nigeria - Nigeria News, Nigerian Newspapers",
        "title": "Tax law rollout: Nigerians should exercise caution - Budget Office - Daily Post Nigeria",
        "title_full": "Tax law rollout: Nigerians should exercise caution - Budget Office - Daily Post Nigeria",
        "published": "2026-01-01T09:05:00.000+02:00",
        "replies_count": 0,
        "participants_count": 1,
        "site_type": "news",
        "country": "NG",
        "main_image": "https://dailypost.ng/wp-content/uploads/2026/01/Tax-Law.jpg",
        "performance_score": 0,
        "domain_rank": 16226,
        "domain_rank_updated": "2025-12-28T23:00:00.000+02:00",
        "licensing_agency": [],
        "social": {
            "facebook": {
                "likes": 0,
                "comments": 0,
                "shares": 0
            },
            "vk": {
                "shares": 0
            }
        }
    },
    "uuid": "20eb0255095e3712ed1d3508429efe58987ea993",
    "url": "https://dailypost.ng/2026/01/01/tax-law-rollout-nigerians-should-exercise-caution-budget-office/",
    "ord_in_thread": 0,
    "author": "Ogaga Ariemu",
    "published": "2026-01-01T09:05:00.000+02:00",
    "title": "Tax law rollout: Nigerians should exercise caution - Budget Office - Daily Post Nigeria",
    "text": "Business\nTax law rollout: Nigerians should exercise caution – Budget Office\nThe Budget Office of the Federation has cautioned Nigerians against relying on unverified claims and speculation surrounding the country’s newly enacted tax laws as implementation takes off on Thursday, January 1, 2026.\nIn a statement issued on Wednesday, the Director-General of the Budget Office, Tanimu Yakubu, affirmed the integrity of the tax reforms.\nHe warned that the spread of unsubstantiated information could undermine democratic governance.\nThe Budget Office stressed that careless amplification of claims from uncertain sources poses a risk to public trust.\n“A nation cannot be governed by insinuation or sustained on circulating documents of uncertain origin,” the statement said, noting that public confidence, once eroded by speculation, is often difficult to rebuild.\nAccording to the statement, authorities remain committed to transparency and accountability.\nThe Office stressed that governance and reform should not be stalled by unresolved conjecture.\nThe warning comes amid growing calls by the Minority Caucus of the House of Representatives, former Senate Leader Ali Ndume, the Nigeria Labour Congress, and other groups for the suspension of the tax laws scheduled to take effect on January 1, 2026.\nDespite the opposition, President Bola Ahmed Tinubu has maintained that the new tax laws will be implemented as planned on January 1, 2026.",
    "highlightText": "",
    "highlightTitle": "",
    "highlightThreadTitle": "",
    "language": "english",
    "sentiment": "negative",
    "categories": [
        "Economy, Business and Finance"
    ],
    "topics": [
        "Economy, Business and Finance->business and market analysis",
        "Economy, Business and Finance->corporate news and profiles"
    ],
    "ai_allow": true,
    "has_canonical": false,
    "breaking": true,
    "webz_reporter": false,
    "external_links": [],
    "external_images": [],
    "internal_images": [],
    "entities": {
        "persons": [
            {
                "name": "Tanimu Yakubu",
                "sentiment": "none"
            }
        ],
        "locations": [],
        "organizations": [
            {
                "name": "Budget Office - Daily Post",
                "sentiment": "negative",
                "tickers": []
            }
        ]
    },
    "syndication": {
        "syndicated": false,
        "syndicate_id": null,
        "first_syndicated": false
    },
    "trust": {
        "categories": [],
        "top_news": [],
        "bias": null,
        "source": {
            "type": null,
            "city": null,
            "state": null,
            "country": null,
            "domain_type": null,
            "agency": null,
            "organization_name": null
        }
    },
    "rating": null,
    "crawled": "2026-01-01T09:10:40.694+02:00",
    "updated": "2026-01-01T09:12:14.000+02:00"
}