{
    "thread": {
        "uuid": "9bd32475aafa0cb30a1e40fbbe889b6abdb161a6",
        "url": "https://zeenews.india.com/marathi/video/commercial-lpg-cylinder-price-hike-in-new-year/972057",
        "site_full": "zeenews.india.com",
        "site": "india.com",
        "site_section": "https://zeenews.india.com/marathi",
        "site_categories": [
            "media",
            "health",
            "cold_and_flu",
            "top_news_in",
            "top_news_qa",
            "top_news_pk",
            "top_news_ae",
            "top_news",
            "arts, culture and entertainment",
            "lifestyle and leisure",
            "economy, business and finance",
            "crime, law and justice",
            "politics",
            "sport"
        ],
        "section_title": "Zee 24 Taas: Latest Marathi News | Breaking News in Marathi | मराठी ताज्या बातम्या | Maharashtra News Live | Marathi News Channel",
        "site_title": "Latest News, Breaking News, LIVE News, Top News Headlines, Viral Video, Cricket LIVE, Sports, Entertainment, Business, Health, Lifestyle and Utility News | India.Com News",
        "title": "LPG Gas Rate: पहिल्याच दिवशी महागाईचा भडका! गॅस सिलिंडर महागला | 24 Taas, Zee News",
        "title_full": "LPG Gas Rate: पहिल्याच दिवशी महागाईचा भडका! गॅस सिलिंडर महागला | 24 Taas, Zee News",
        "published": "2026-01-01T02:00:00.000+02:00",
        "replies_count": 0,
        "participants_count": 1,
        "site_type": "news",
        "country": "IN",
        "main_image": "https://marathi.cdn.zeenews.com/marathi/sites/default/files/2026/01/01/00000003.jpg",
        "performance_score": 0,
        "domain_rank": 1132,
        "domain_rank_updated": "2025-12-28T23:00:00.000+02:00",
        "licensing_agency": [],
        "social": {
            "facebook": {
                "likes": 2,
                "comments": 10,
                "shares": 8
            },
            "vk": {
                "shares": 0
            }
        }
    },
    "uuid": "9bd32475aafa0cb30a1e40fbbe889b6abdb161a6",
    "url": "https://zeenews.india.com/marathi/video/commercial-lpg-cylinder-price-hike-in-new-year/972057",
    "ord_in_thread": 0,
    "author": "@zee24taasnews",
    "published": "2026-01-01T02:00:00.000+02:00",
    "title": "LPG Gas Rate: पहिल्याच दिवशी महागाईचा भडका! गॅस सिलिंडर महागला | 24 Taas, Zee News",
    "text": "Commercial LPG Cylinder Price Hike In New Year\nThank you\nBy clicking “Accept All Cookies”, you agree to the storing of cookies on your device to enhance site navigation, analyze site usage, and assist in our marketing efforts.",
    "highlightText": "",
    "highlightTitle": "",
    "highlightThreadTitle": "",
    "language": "english",
    "sentiment": "negative",
    "categories": [
        "Economy, Business and Finance"
    ],
    "topics": [
        "Economy, Business and Finance->business and market analysis",
        "Economy, Business and Finance->consumer goods"
    ],
    "ai_allow": true,
    "has_canonical": false,
    "breaking": null,
    "webz_reporter": false,
    "external_links": [],
    "external_images": [],
    "internal_images": [],
    "entities": {
        "persons": [],
        "locations": [],
        "organizations": [
            {
                "name": "Zee News",
                "sentiment": "neutral",
                "tickers": [
                    {
                        "ticker": null,
                        "exchange": null
                    }
                ]
            }
        ]
    },
    "syndication": {
        "syndicated": false,
        "syndicate_id": null,
        "first_syndicated": false
    },
    "trust": {
        "categories": [
            "trusted_news"
        ],
        "top_news": [
            "top_news_in",
            "top_news_qa",
            "top_news_pk",
            "top_news_ae",
            "top_news"
        ],
        "bias": "center",
        "source": {
            "type": null,
            "city": null,
            "state": null,
            "country": null,
            "domain_type": null,
            "agency": null,
            "organization_name": null
        }
    },
    "rating": null,
    "crawled": "2026-01-01T07:49:36.092+02:00",
    "updated": "2026-01-02T08:04:54.000+02:00"
}