{
    "thread": {
        "uuid": "f9a5169e248df339406b5158dc7f5f7adc1bf628",
        "url": "https://www.marketbeat.com/instant-alerts/laurentian-bank-of-canada-tselb-given-average-rating-of-strong-sell-by-brokerages-2026-01-01/",
        "site_full": "www.marketbeat.com",
        "site": "marketbeat.com",
        "site_section": "https://www.marketbeat.com/rss.ashx?type=headlines",
        "site_categories": [
            "investing",
            "financial_news",
            "finance",
            "stocks",
            "economy, business and finance"
        ],
        "section_title": "MarketBeat News Feed",
        "site_title": "MarketBeat: Stock Market News and Research Tools",
        "title": "Laurentian Bank of Canada (TSE:LB) Given Average Rating of \"Strong Sell\" by Brokerages",
        "title_full": "Laurentian Bank of Canada (TSE:LB) Given Average Rating of \"Strong Sell\" by Brokerages",
        "published": "2026-01-01T08:34:00.000+02:00",
        "replies_count": 0,
        "participants_count": 1,
        "site_type": "news",
        "country": "US",
        "main_image": "https://www.marketbeat.com/logos/laurentian-bank-logo-1200x675.jpg",
        "performance_score": 0,
        "domain_rank": 17792,
        "domain_rank_updated": "2025-12-28T23:00:00.000+02:00",
        "licensing_agency": [],
        "social": {
            "facebook": {
                "likes": 0,
                "comments": 0,
                "shares": 0
            },
            "vk": {
                "shares": 0
            }
        }
    },
    "uuid": "f9a5169e248df339406b5158dc7f5f7adc1bf628",
    "url": "https://www.marketbeat.com/instant-alerts/laurentian-bank-of-canada-tselb-given-average-rating-of-strong-sell-by-brokerages-2026-01-01/",
    "ord_in_thread": 0,
    "author": "MarketBeat",
    "published": "2026-01-01T08:34:00.000+02:00",
    "title": "Laurentian Bank of Canada (TSE:LB) Given Average Rating of \"Strong Sell\" by Brokerages",
    "text": "Laurentian Bank of Canada (TSE:LB) Given Average Rating of \"Strong Sell\" by Brokerages Written by MarketBeat January 1, 2026 Share Link copied to clipboard. Image from MarketBeat Media, LLC. Laurentian Bank of Canada ( TSE:LB - Get Free Report ) has earned a consensus recommendation of \"Strong Sell\" from the six brokerages that are presently covering the company, MarketBeat.com reports. Four investment analysts have rated the stock with a sell rating and two have assigned a hold rating to the company. The average 1-year target price among brokers that have issued ratings on the stock in the last year is C$35.19.\nGet LB alerts: Sign Up LB has been the topic of several research analyst reports. Royal Bank Of Canada upgraded Laurentian Bank of Canada from a \"strong sell\" rating to a \"hold\" rating and raised their price objective for the stock from C$25.00 to C$40.00 in a research note on Monday, December 8th. CIBC cut shares of Laurentian Bank of Canada from a \"neutral\" rating to a \"tender\" rating and increased their target price for the stock from C$35.00 to C$40.50 in a report on Monday, December 8th. BMO Capital Markets lifted their price target on shares of Laurentian Bank of Canada from C$31.00 to C$40.50 in a report on Monday, December 8th. Raymond James Financial downgraded Laurentian Bank of Canada from a \"market perform\" rating to an \"underperform\" rating in a research note on Monday, December 8th. Finally, Scotiabank set a C$33.00 target price on Laurentian Bank of Canada and gave the company a \"sector perform\" rating in a research note on Tuesday, November 25th.\nCheck Out Our Latest Stock Report on LB Laurentian Bank of Canada Stock Performance\nTSE:LB opened at C$40.30 on Thursday. The company has a market capitalization of C$1.80 billion, a price-to-earnings ratio of 14.19, a price-to-earnings-growth ratio of 0.76 and a beta of 1.44. Laurentian Bank of Canada has a one year low of C$24.37 and a one year high of C$40.34. The stock has a 50-day simple moving average of C$36.13 and a 200 day simple moving average of C$33.11.\nLaurentian Bank of Canada ( TSE:LB - Get Free Report ) last released its earnings results on Friday, December 5th. The company reported C$0.73 EPS for the quarter. Laurentian Bank of Canada had a negative return on equity of 0.20% and a negative net margin of 0.30%.The company had revenue of C$244.71 million for the quarter. On average, equities research analysts forecast that Laurentian Bank of Canada will post 3.8414986 EPS for the current fiscal year. Laurentian Bank of Canada Company Profile ( Get Free Report )\nLaurentian Bank of Canada provides personal banking, business banking and real estate and commercial financing to its personal, business, and institutional customers across Canada and the United States. The company reports three operating segments: personal, business services, and capital markets. The personal segment offers financial services to retail clients. The business services segment provides financial services, commercial banking, real estate financing, and equipment and inventory financing to business clients. Read More\nThis instant news alert was generated by narrative science technology and financial data from MarketBeat in order to provide readers with the fastest reporting and unbiased coverage. Please send any questions or comments about this story to contact@marketbeat.com.\nShould You Invest $1,000 in Laurentian Bank of Canada Right Now? Before you consider Laurentian Bank of Canada, you'll want to hear this.\nMarketBeat keeps track of Wall Street's top-rated and best performing research analysts and the stocks they recommend to their clients on a daily basis. MarketBeat has identified the five stocks that top analysts are quietly whispering to their clients to buy now before the broader market catches on... and Laurentian Bank of Canada wasn't on the list.\nWhile Laurentian Bank of Canada currently has a Strong Sell rating among analysts, top-rated analysts believe these five stocks are better buys.\nView The Five Stocks Here\nOptions Trading Made Easy - Download Now Learn the basics of options trading and how to use them to boost returns and manage risk with this free report from MarketBeat. Click the link below to get your free copy.\nGet This Free Report Like this article? Share it with a colleague. Link copied to clipboard.",
    "highlightText": "",
    "highlightTitle": "",
    "highlightThreadTitle": "",
    "language": "english",
    "sentiment": "negative",
    "categories": [
        "Economy, Business and Finance"
    ],
    "topics": [
        "Economy, Business and Finance->investment and opinion pieces",
        "Economy, Business and Finance->financial service"
    ],
    "ai_allow": true,
    "has_canonical": false,
    "breaking": false,
    "webz_reporter": false,
    "external_links": [
        "https://www.linkedin.com/cws/share?mini=true&url=https://www.marketbeat.com/instant-alerts/laurentian-bank-of-canada-tselb-given-average-rating-of-strong-sell-by-brokerages-2026-01-01/",
        "https://api.stocktwits.com/widgets/share?via=MarketBeat&body=Laurentian+Bank+of+Canada+(TSE%3aLB)+Given+Average+Rating+of+%22Strong+Sell%22+by+Brokerages%20https://www.marketbeat.com/instant-alerts/laurentian-bank-of-canada-tselb-given-average-rating-of-strong-sell-by-brokerages-2026-01-01/",
        "https://www.american",
        "https://www.americanconsumernews.net/scripts/standalone/viewcount.ashx?type=c&id=1583495&domain=marketbeat.com&referrer=",
        "https://www.facebook.com/sharer/sharer.php?u=https://www.marketbeat.com/instant-alerts/laurentian-bank-of-canada-tselb-given-average-rating-of-strong-sell-by-brokerages-2026-01-01/",
        "https://twitter.com/intent/tweet?text=Laurentian+Bank+of+Canada+(TSE%3aLB)+Given+Average+Rating+of+%22Strong+Sell%22+by+Brokerages%20%24LB%20%23LB%20https://www.marketbeat.com/instant-alerts/laurentian-bank-of-canada-tselb-given-average-rating-of-strong-sell-by-brokerages-2026-01-01/",
        "https://twitter.com/intent/tweet?text=Laurentian+Bank+of+Canada+(TSE%3aLB)+Given+Average+Rating+of+%22Strong+Sell%22+by+Brokerages%20https://www.marketbeat.com/instant-alerts/laurentian-bank-of-canada-tselb-given-average-rating-of-strong-sell-by-brokerages-2026-01-01/",
        "https://www.linkedin.com/cws/share?mini=true&url=https://www.marketbeat.com/instant-alerts/laurentian-bank-of-canada-tselb-given-average-rating-of-strong-sell-by-brokerages-2026-01-01",
        "https://facebook.com/sharer/sharer.php?u=https://marketbeat.com/instant-alerts/laurentian-bank-of-canada-tselb-given-average-rating-of-strong-sell-by-brokerages-2026-01-01/",
        "https://american",
        "https://twitter.com/intent/tweet?text=Laurentian+Bank+of+Canada+(TSE%3aLB)+Given+Average+Rating+of+%22Strong+Sell%22+by+Brokerages%20%24LB%20%23LB%20https://www.marketbeat.com/instant-alerts/laurentian-bank-of-canada-tselb-given-average-rating-of-strong-sell-by-brokerages-2026-01-01",
        "https://api.stocktwits.com/widgets/share?via=MarketBeat&body=Laurentian+Bank+of+Canada+(TSE%3aLB)+Given+Average+Rating+of+%22Strong+Sell%22+by+Brokerages%20https://www.marketbeat.com/instant-alerts/laurentian-bank-of-canada-tselb-given-average-rating-of-strong-sell-by-brokerages-2026-01-01",
        "https://twitter.com/intent/tweet?text=Laurentian+Bank+of+Canada+(TSE%3aLB)+Given+Average+Rating+of+%22Strong+Sell%22+by+Brokerages%20https://marketbeat.com/instant-alerts/laurentian-bank-of-canada-tselb-given-average-rating-of-strong-sell-by-brokerages-2026-01-01/",
        "https://www.facebook.com/sharer/sharer.php?u=https://www.marketbeat.com/instant-alerts/laurentian-bank-of-canada-tselb-given-average-rating-of-strong-sell-by-brokerages-2026-01-01",
        "https://www.facebook.com/sharer/sharer.php",
        "https://api.stocktwits.com/widgets/share?via=MarketBeat&body=Laurentian+Bank+of+Canada+(TSE%3aLB)+Given+Average+Rating+of+%22Strong+Sell%22+by+Brokerages%20https://marketbeat.com/instant-alerts/laurentian-bank-of-canada-tselb-given-average-rating-of-strong-sell-by-brokerages-2026-01-01/",
        "https://twitter.com/intent/tweet?text=Laurentian+Bank+of+Canada+(TSE%3aLB)+Given+Average+Rating+of+%22Strong+Sell%22+by+Brokerages%20%24LB%20%23LB%20https://marketbeat.com/instant-alerts/laurentian-bank-of-canada-tselb-given-average-rating-of-strong-sell-by-brokerages-2026-01-01/",
        "https://linkedin.com/cws/share?mini=true&url=https://marketbeat.com/instant-alerts/laurentian-bank-of-canada-tselb-given-average-rating-of-strong-sell-by-brokerages-2026-01-01/",
        "https://twitter.com/intent/tweet?text=Laurentian+Bank+of+Canada+(TSE%3aLB)+Given+Average+Rating+of+%22Strong+Sell%22+by+Brokerages%20https://www.marketbeat.com/instant-alerts/laurentian-bank-of-canada-tselb-given-average-rating-of-strong-sell-by-brokerages-2026-01-01",
        "https://www.americanconsumernews.net/scripts/standalone/viewcount.ashx",
        "https://api.stocktwits.com/widgets/share",
        "https://americanconsumernews.net/scripts/standalone/viewcount.ashx?type=c&id=1583495&domain=marketbeat.com&referrer=",
        "https://twitter.com/intent/tweet",
        "https://www.linkedin.com/cws/share"
    ],
    "external_images": [],
    "internal_images": [],
    "entities": {
        "persons": [],
        "locations": [],
        "organizations": [
            {
                "name": "Laurentian Bank of Canada",
                "sentiment": "negative",
                "tickers": [
                    {
                        "ticker": "LB",
                        "exchange": "Toronto Stock Exchange"
                    }
                ]
            },
            {
                "name": "Royal Bank Of Canada",
                "sentiment": "none",
                "tickers": [
                    {
                        "ticker": "RY",
                        "exchange": "NYSE"
                    }
                ]
            },
            {
                "name": "MarketBeat Media",
                "sentiment": "none",
                "tickers": [
                    {
                        "ticker": null,
                        "exchange": null
                    }
                ]
            },
            {
                "name": "CIBC",
                "sentiment": "none",
                "tickers": [
                    {
                        "ticker": "CM",
                        "exchange": "NYSE"
                    }
                ]
            }
        ]
    },
    "syndication": {
        "syndicated": false,
        "syndicate_id": null,
        "first_syndicated": false
    },
    "trust": {
        "categories": [],
        "top_news": [],
        "bias": null,
        "source": {
            "type": null,
            "city": null,
            "state": null,
            "country": null,
            "domain_type": null,
            "agency": null,
            "organization_name": null
        }
    },
    "rating": null,
    "crawled": "2026-01-01T08:37:06.311+02:00",
    "updated": "2026-01-01T08:38:28.000+02:00"
}