{
    "thread": {
        "uuid": "392ddfcd6a3b90b3649797305bf91a0f4976274a",
        "url": "https://www.deccanchronicle.com/technology/bitcoin-set-for-first-yearly-loss-since-2022-as-macro-trends-weigh-on-crypto-1927616",
        "site_full": "www.deccanchronicle.com",
        "site": "deccanchronicle.com",
        "site_section": "https://news.google.com/search?q=as%20when%3A1h&hl=en-US&gl=US&ceid=US%3Aen",
        "site_categories": [
            "media",
            "top_news_in",
            "top_news_qa",
            "top_news",
            "crime, law and justice",
            "politics",
            "arts, culture and entertainment",
            "sport",
            "economy, business and finance"
        ],
        "section_title": "Google News - Search",
        "site_title": "Deccan Chronicle - News Headlines | Today Headlines | Hyderabad News | English News | Top Stories | Breaking news",
        "title": "Bitcoin Set For First Yearly Loss Since 2022 As Macro Trends Weigh On Crypto",
        "title_full": "Bitcoin Set For First Yearly Loss Since 2022 As Macro Trends Weigh On Crypto",
        "published": "2026-01-01T08:09:00.000+02:00",
        "replies_count": 0,
        "participants_count": 1,
        "site_type": "news",
        "country": "IN",
        "main_image": "https://www.deccanchronicle.com/h-upload/2026/01/01/1995635-la-3065934.jpg",
        "performance_score": 0,
        "domain_rank": 19810,
        "domain_rank_updated": "2025-12-28T23:00:00.000+02:00",
        "licensing_agency": [],
        "social": {
            "facebook": {
                "likes": 0,
                "comments": 0,
                "shares": 0
            },
            "vk": {
                "shares": 0
            }
        }
    },
    "uuid": "392ddfcd6a3b90b3649797305bf91a0f4976274a",
    "url": "https://www.deccanchronicle.com/technology/bitcoin-set-for-first-yearly-loss-since-2022-as-macro-trends-weigh-on-crypto-1927616",
    "ord_in_thread": 0,
    "author": "deccanchronicle.com",
    "published": "2026-01-01T08:09:00.000+02:00",
    "title": "Bitcoin Set For First Yearly Loss Since 2022 As Macro Trends Weigh On Crypto",
    "text": "Bitcoin Set For First Yearly Loss Since 2022 As Macro Trends Weigh On Crypto Technology Reuters 1 Jan 2026 11:39 AM IST 1 Jan 2026 11:39 AM IST Despite reaching a fresh record high this year, bitcoin has struggled to regain its footing since October, and last month experienced its biggest monthly drop since mid-2021 x Now, it is on track to end the year more than 6% lower, after posting yearly gains the previous two years. (AFP Photo) Bitcoin is on track to post its first annual loss since 2022, as macroeconomic pressures and fading momentum weighed on the world's largest cryptocurrency. Despite reaching a fresh record high this year, bitcoin has struggled to regain its footing since October, and last month experienced its biggest monthly drop since mid-2021. Now, it is on track to end the year more than 6% lower, after posting yearly gains the previous two years. It was last trading at $87,474.2. After soaring earlier this year with the election of crypto-friendly U.S. President Donald Trump, cryptocurrencies - along with stocks - plummeted in April on his tariff announcements. They quickly rebounded, with bitcoin hitting an all-time peak above $126,000 in early October. But just days later, on October 10, the market plunged again when Trump announced a new tariff on Chinese imports and threatened export controls on critical software. That sparked more than $19 billion worth of liquidations across leveraged crypto market positions, the largest liquidation in crypto history. The world's main stock benchmarks have also had a turbulent year, repeatedly hitting record peaks and then pulling back as worries over tariffs, interest rates and a possible AI bubble whipsawed markets. \"In 2025, the market showed that bitcoin increasingly exhibits the characteristics of a risk asset within the global financial system, with a notable correlation to the U.S. equity market during multiple periods,\" said Linh Tran, a senior market analyst at XS.com. Analysts say bitcoin's gyrations in 2025 increasingly tracked stock market sentiment as traditional retail and institutional investors jumped into cryptocurrencies, which next year may be even more closely tethered to factors driving stocks and other risk assets, such as monetary policy shifts and nervousness over the lofty valuations of AI-related stocks. Historically, bitcoin and stocks did not move in tandem because crypto was seen as an alternative investment. But with broader crypto adoption by traditional retail investors and some institutions, the correlation looks to be strengthening, analysts said. Wins in Washington The crypto industry notched major regulatory wins in the U.S. under the first year of the Trump administration, including the Securities and Exchange Commission's swift move to dismiss Biden-era lawsuits against Coinbase, Binance and others, as well as the passage of a landmark law creating federal rules for dollar-pegged crypto tokens. But crypto market structure legislation and carve-outs from SEC rules that should fix core, longstanding problems for the industry are yet to come, threatening to sap the industry's celebratory mood, according to multiple industry executives. Trump courted industry cash pledging to be a \"crypto president,\" and his family's own crypto ventures have helped to propel the sector into the mainstream, say executives. Crypto companies and executives donated more than $245 million in the 2024 election cycle to promote pro-crypto candidates including Trump, according to Federal Election Commission data. ( Source : Reuters )",
    "highlightText": "",
    "highlightTitle": "",
    "highlightThreadTitle": "",
    "language": "english",
    "sentiment": "negative",
    "categories": [
        "Economy, Business and Finance"
    ],
    "topics": [
        "Economy, Business and Finance->macro economics",
        "Economy, Business and Finance->cryptocurrency",
        "Economy, Business and Finance->financial and economic news"
    ],
    "ai_allow": true,
    "has_canonical": false,
    "breaking": true,
    "webz_reporter": false,
    "external_links": [],
    "external_images": [],
    "internal_images": [],
    "entities": {
        "persons": [
            {
                "name": "Donald Trump",
                "sentiment": "none"
            }
        ],
        "locations": [],
        "organizations": [
            {
                "name": "Crypto Technology Reuters",
                "sentiment": "negative",
                "tickers": []
            }
        ]
    },
    "syndication": {
        "syndicated": false,
        "syndicate_id": null,
        "first_syndicated": false
    },
    "trust": {
        "categories": [
            "trusted_news"
        ],
        "top_news": [
            "top_news_in",
            "top_news_qa",
            "top_news"
        ],
        "bias": "center",
        "source": {
            "type": null,
            "city": null,
            "state": null,
            "country": null,
            "domain_type": null,
            "agency": null,
            "organization_name": null
        }
    },
    "rating": null,
    "crawled": "2026-01-01T08:17:27.460+02:00",
    "updated": "2026-01-01T08:19:54.000+02:00"
}