{
    "thread": {
        "uuid": "8e5e2362a4f692dc9f2ab6d48cdeccf00d7cb690",
        "url": "https://www.techmeme.com/260101/p1",
        "site_full": "www.techmeme.com",
        "site": "techmeme.com",
        "site_section": "https://www.techmeme.com/feed.xml",
        "site_categories": [
            "media",
            "mac_support",
            "tech",
            "science and technology",
            "economy, business and finance"
        ],
        "section_title": "Techmeme",
        "site_title": "Techmeme",
        "title": "IDC: Apple partner Luxshare halted Vision Pro production at the start of 2025; Sensor Tower says Apple cut digital ad spend for the headset by 95% in 2025 (Michael Acton/Financial Times)",
        "title_full": "IDC: Apple partner Luxshare halted Vision Pro production at the start of 2025; Sensor Tower says Apple cut digital ad spend for the headset by 95% in 2025 (Michael Acton/Financial Times)",
        "published": "2026-01-01T08:05:00.000+02:00",
        "replies_count": 0,
        "participants_count": 0,
        "site_type": "news",
        "country": "US",
        "main_image": "https://images.ft.com/v3/image/raw/https%3A%2F%2Fd1e00ek4ebabms.cloudfront.net%2Fproduction%2F43968548-80b7-4ad7-a810-301503e9540f.jpg?source=next-article&fit=scale-down&quality=highest&width=700&dpr=1",
        "performance_score": 0,
        "domain_rank": 45149,
        "domain_rank_updated": "2025-12-28T23:00:00.000+02:00",
        "licensing_agency": [],
        "social": {
            "facebook": {
                "likes": 0,
                "comments": 0,
                "shares": 0
            },
            "vk": {
                "shares": 0
            }
        }
    },
    "uuid": "8e5e2362a4f692dc9f2ab6d48cdeccf00d7cb690",
    "url": "https://www.techmeme.com/260101/p1",
    "ord_in_thread": 0,
    "author": null,
    "published": "2026-01-01T08:05:00.000+02:00",
    "title": "IDC: Apple partner Luxshare halted Vision Pro production at the start of 2025; Sensor Tower says Apple cut digital ad spend for the headset by 95% in 2025 (Michael Acton/Financial Times)",
    "text": "This is a Techmeme archive page. It shows how the site appeared at 1:20 AM ET, January 1, 2026.\nThe most current version of the site as always is available at our home page. To view an earlier snapshot click here and then modify the date indicated.",
    "highlightText": "",
    "highlightTitle": "",
    "highlightThreadTitle": "",
    "language": "english",
    "sentiment": "negative",
    "categories": [
        "Science and Technology",
        "Economy, Business and Finance"
    ],
    "topics": [
        "Science and Technology->information technology and computer science",
        "Science and Technology->technology and engineering",
        "Science and Technology->scientific innovation",
        "Economy, Business and Finance->corporate news and profiles",
        "Economy, Business and Finance->computing and information technology",
        "Economy, Business and Finance->business and market analysis"
    ],
    "ai_allow": true,
    "has_canonical": false,
    "breaking": false,
    "webz_reporter": false,
    "external_links": [],
    "external_images": [],
    "internal_images": [],
    "entities": {
        "persons": [
            {
                "name": "Luxshare",
                "sentiment": "negative"
            }
        ],
        "locations": [],
        "organizations": [
            {
                "name": "Apple",
                "sentiment": "negative",
                "tickers": [
                    {
                        "ticker": "AAPL",
                        "exchange": "NASDAQ"
                    }
                ]
            }
        ]
    },
    "syndication": {
        "syndicated": false,
        "syndicate_id": null,
        "first_syndicated": false
    },
    "trust": {
        "categories": [],
        "top_news": [],
        "bias": null,
        "source": {
            "type": null,
            "city": null,
            "state": null,
            "country": null,
            "domain_type": null,
            "agency": null,
            "organization_name": null
        }
    },
    "rating": null,
    "crawled": "2026-01-01T08:21:24.365+02:00",
    "updated": "2026-01-01T08:26:37.000+02:00"
}