{
    "thread": {
        "uuid": "24e1141675c95a3003c235b2b5152630a1771971",
        "url": "https://www.defenseworld.net/2026/01/01/themes-uranium-nuclear-etf-nysearcauran-stock-price-down-0-1-whats-next.html",
        "site_full": "www.defenseworld.net",
        "site": "defenseworld.net",
        "site_section": "https://www.defenseworld.net/feed/atom",
        "site_categories": [
            "media",
            "economy, business and finance"
        ],
        "section_title": "Defense World",
        "site_title": "Defense World",
        "title": "Themes Uranium & Nuclear ETF (NYSEARCA:URAN) Stock Price Down 0.1% - What's Next? - Defense World",
        "title_full": "Themes Uranium & Nuclear ETF (NYSEARCA:URAN) Stock Price Down 0.1% - What's Next? - Defense World",
        "published": "2026-01-01T08:57:00.000+02:00",
        "replies_count": 0,
        "participants_count": 1,
        "site_type": "news",
        "country": "US",
        "main_image": "https://www.americanbankingnews.com/wp-content/timthumb/timthumb.php?src=https://www.marketbeat.com/logos/themes-uranium--nuclear-etf-logo-1200x675.jpg?v=20250623065824&amp;w=240&amp;h=240&amp;zc=2",
        "performance_score": 0,
        "domain_rank": 159846,
        "domain_rank_updated": "2025-12-28T23:00:00.000+02:00",
        "licensing_agency": [],
        "social": {
            "facebook": {
                "likes": 0,
                "comments": 0,
                "shares": 0
            },
            "vk": {
                "shares": 0
            }
        }
    },
    "uuid": "24e1141675c95a3003c235b2b5152630a1771971",
    "url": "https://www.defenseworld.net/2026/01/01/themes-uranium-nuclear-etf-nysearcauran-stock-price-down-0-1-whats-next.html",
    "ord_in_thread": 0,
    "author": "Defense World Staff",
    "published": "2026-01-01T08:57:00.000+02:00",
    "title": "Themes Uranium & Nuclear ETF (NYSEARCA:URAN) Stock Price Down 0.1% - What's Next? - Defense World",
    "text": "Themes Uranium & Nuclear ETF ( NYSEARCA:URAN – Get Free Report )’s stock price dropped 0.1% during trading on Wednesday . The company traded as low as $41.32 and last traded at $41.53. Approximately 4,575 shares changed hands during mid-day trading, a decline of 47% from the average daily volume of 8,665 shares. The stock had previously closed at $41.57. The company has a 50-day moving average of $44.36 and a 200 day moving average of $42.18. The company has a market cap of $22.01 million, a PE ratio of 23.41 and a beta of 3.80. Several large investors have recently modified their holdings of URAN. Mutual Advisors LLC bought a new stake in Themes Uranium & Nuclear ETF in the third quarter worth $225,000. SeaCrest Wealth Management LLC bought a new position in Themes Uranium & Nuclear ETF during the third quarter valued at $239,000. Jane Street Group LLC purchased a new stake in shares of Themes Uranium & Nuclear ETF in the first quarter valued at $259,000. Finally, HighTower Advisors LLC raised its position in Themes Uranium & Nuclear ETF by 91.8% in the 3rd quarter. HighTower Advisors LLC now owns 27,319 shares of the company’s stock worth $1,257,000 after purchasing an additional 13,073 shares during the period. ( Get Free Report ) The Themes Uranium & Nuclear ETF (URAN) is an exchange-traded fund that mostly invests in stocks based on a particular theme. The fund tracks an index of companies from around the world associated with the uranium and nuclear industries. The fund selects and weights companies based on revenue-based thematic scores. URAN was launched on Sep 24, 2024 and is issued by Themes.",
    "highlightText": "",
    "highlightTitle": "",
    "highlightThreadTitle": "",
    "language": "english",
    "sentiment": "negative",
    "categories": [
        "Economy, Business and Finance"
    ],
    "topics": [
        "Economy, Business and Finance->financial and economic news"
    ],
    "ai_allow": true,
    "has_canonical": false,
    "breaking": false,
    "webz_reporter": false,
    "external_links": [
        "https://marketbeat.com/scripts/336x280AdNewsSites.ashx",
        "https://www.marketbeat.com/stocks/NYSEARCA/URAN/",
        "https://www.marketbeat.com/arnreports/ReportTickerOptin.aspx?RegistrationCode=TickerHyperlink&Prefix=NYSEARCA&Symbol=URAN",
        "https://www.marketbeat.com/scripts/336x280AdNewsSites.ashx",
        "https://marketbeat.com/arnreports/ReportTickerOptin.aspx?RegistrationCode=TickerHyperlink&Prefix=NYSEARCA&Symbol=URAN",
        "https://marketbeat.com/stocks/NYSEARCA/URAN/",
        "https://www.marketbeat.com/stocks/NYSEARCA/URAN",
        "https://www.marketbeat.com/arnreports/ReportTickerOptin.aspx"
    ],
    "external_images": [],
    "internal_images": [],
    "entities": {
        "persons": [
            {
                "name": "HighTower Adviso",
                "sentiment": "none"
            }
        ],
        "locations": [],
        "organizations": [
            {
                "name": "SeaCrest Wealth Management LLC",
                "sentiment": "none",
                "tickers": [
                    {
                        "ticker": null,
                        "exchange": null
                    }
                ]
            },
            {
                "name": "HighTower Advisors LLC",
                "sentiment": "none",
                "tickers": [
                    {
                        "ticker": null,
                        "exchange": null
                    }
                ]
            },
            {
                "name": "Jane Street Group LLC",
                "sentiment": "none",
                "tickers": [
                    {
                        "ticker": null,
                        "exchange": null
                    }
                ]
            }
        ]
    },
    "syndication": {
        "syndicated": false,
        "syndicate_id": null,
        "first_syndicated": false
    },
    "trust": {
        "categories": [],
        "top_news": [],
        "bias": null,
        "source": {
            "type": null,
            "city": null,
            "state": null,
            "country": null,
            "domain_type": null,
            "agency": null,
            "organization_name": null
        }
    },
    "rating": null,
    "crawled": "2026-01-01T09:22:55.905+02:00",
    "updated": "2026-01-01T09:24:50.000+02:00"
}