{
    "thread": {
        "uuid": "f953c5de616dab874181aa63be61abca4c22e9dd",
        "url": "https://www.gurufocus.com/news/2760994/adagio-medical-holdings-inc-reports-q4-revenue-of-137k-and-net-loss-of-574m",
        "site_full": "www.gurufocus.com",
        "site": "gurufocus.com",
        "site_section": "https://www.gurufocus.com/rss.php",
        "site_categories": [
            "investing",
            "financial_news",
            "finance"
        ],
        "section_title": "GuruFocus New Articles",
        "site_title": "GuruFocus | Stock Market Research, Data and Tools",
        "title": "Adagio Medical Holdings Inc Reports Q4 Revenue of $137K and Net Loss of $57.4M",
        "title_full": "Adagio Medical Holdings Inc Reports Q4 Revenue of $137K and Net Loss of $57.4M",
        "published": "2025-04-03T00:43:12.744+03:00",
        "replies_count": 0,
        "participants_count": 1,
        "site_type": "news",
        "country": "US",
        "main_image": "https://static.gurufocus.com/logos/0C0000F6G2.png?5",
        "performance_score": 0,
        "domain_rank": 8490,
        "domain_rank_updated": "2025-04-01T00:00:00.000+03:00",
        "licensing_agency": [],
        "social": {
            "facebook": {
                "likes": 0,
                "comments": 0,
                "shares": 0
            },
            "vk": {
                "shares": 0
            }
        }
    },
    "uuid": "f953c5de616dab874181aa63be61abca4c22e9dd",
    "url": "https://www.gurufocus.com/news/2760994/adagio-medical-holdings-inc-reports-q4-revenue-of-137k-and-net-loss-of-574m",
    "ord_in_thread": 0,
    "author": "@gurufocus",
    "published": "2025-04-03T00:43:12.744+03:00",
    "title": "Adagio Medical Holdings Inc Reports Q4 Revenue of $137K and Net Loss of $57.4M",
    "text": "On March 31, 2025, Adagio Medical Holdings Inc (ADGM, Financial) released its 8-K filing detailing the financial results for the fourth quarter and full year ending December 31, 2024. Adagio Medical Holdings Inc is a pioneer in catheter ablation technologies aimed at treating cardiac arrhythmias, focusing on innovative cryoablation technologies to address conditions such as atrial fibrillation and ventricular tachycardia.\nPerformance Overview and Challenges\nAdagio Medical Holdings Inc reported a significant increase in revenue for both the fourth quarter and the full year of 2024. Fourth-quarter revenue rose to $137 thousand, marking a 76% increase from $78 thousand in the same period of 2023. For the full year, revenue doubled to $0.6 million from $0.3 million in 2023. This growth was primarily driven by the introduction of the vCLAS catheter in Europe.\nDespite the revenue growth, the company faced substantial challenges, including a negative gross margin of 1012% for the fourth quarter, compared to a negative 328% in the previous year. Operating expenses surged to $56.7 million from $5.1 million, largely due to a $49.2 million impairment and increased transaction and public company expenses. Consequently, the net loss widened to $57.4 million from $8.6 million in the fourth quarter of 2023.\nFinancial Achievements and Industry Implications\nThe company's financial achievements, particularly the revenue growth, are noteworthy in the medical devices and instruments industry, where innovation and market expansion are critical. The introduction of the vCLAS catheter in Europe signifies a strategic step towards capturing a larger market share and enhancing the company's competitive position.\nAdagio Medical Holdings Inc's focus on the FULCRUM-VT pivotal study is a strategic move to secure FDA premarket approval for its VT Cryoablation System. This study, which has surpassed 40% enrollment, is crucial for the company's long-term growth and its mission to improve patient outcomes in ventricular tachycardia treatment.\nKey Financial Metrics\nAdagio Medical Holdings Inc's balance sheet reported cash, cash equivalents, and short-term investments totaling $20.6 million as of December 31, 2024. This financial position provides a buffer for ongoing research and development activities, including the FULCRUM-VT study and product design optimization.\nThe company's gross margin and operating expenses are critical metrics that highlight the financial challenges it faces. The negative gross margin indicates the cost of goods sold significantly exceeds revenue, a situation that needs addressing to achieve profitability. The substantial increase in operating expenses, driven by impairment and public company costs, underscores the financial strain on the company.\nCommentary and Strategic Outlook\n“2024 was a pivotal year for Adagio, as we successfully commenced enrollment in our FULCRUM pivotal trial, securing the strategy to establish Adagio as a leading provider of treatments for ventricular tachycardia,” said Todd Usen, Chief Executive Officer of Adagio. “With all of our resources today focused on two initiatives, the FULCRUM study and our product design optimization program, Adagio is well-poised to deliver on our critical mission of improving the quality of life and long-term outcomes for patients with VT.”\nAnalysis and Future Prospects\nAdagio Medical Holdings Inc's financial performance in 2024 reflects both the potential and the challenges inherent in the medical device industry. While revenue growth is promising, the company must address its negative gross margin and high operating expenses to move towards profitability. The strategic focus on the FULCRUM-VT study and product optimization is expected to drive future growth and enhance the company's market position.\nInvestors and stakeholders will be closely monitoring the company's progress in these areas, as well as its ability to manage costs and improve financial metrics. The successful completion of the FULCRUM-VT study and subsequent FDA approval could significantly impact the company's financial trajectory and market valuation.\nExplore the complete 8-K earnings release (here) from Adagio Medical Holdings Inc for further details.",
    "highlightText": "",
    "highlightTitle": "",
    "highlightThreadTitle": "",
    "language": "english",
    "sentiment": "negative",
    "categories": [
        "Economy, Business and Finance"
    ],
    "topics": [
        "Economy, Business and Finance->financial and economic news",
        "Economy, Business and Finance->business reporting and performance"
    ],
    "ai_allow": true,
    "has_canonical": false,
    "breaking": false,
    "webz_reporter": false,
    "external_links": [
        "https://www.sec.gov//Archives/edgar/data/2006986/000110465925031255/tm2511083d1_ex99-1.htm",
        "https://sec.gov//Archives/edgar/data/2006986/000110465925031255/tm2511083d1_ex99-1.htm"
    ],
    "entities": {
        "persons": [
            {
                "name": "Todd Usen",
                "sentiment": "positive"
            }
        ],
        "locations": [
            {
                "name": "Europe",
                "sentiment": "neutral"
            },
            {
                "name": "VT",
                "sentiment": "neutral"
            }
        ],
        "organizations": [
            {
                "name": "FULCRUM",
                "sentiment": "negative",
                "tickers": []
            },
            {
                "name": "Performance Overview and Challenges\nAdagio Medical Holdings Inc",
                "sentiment": "neutral",
                "tickers": []
            },
            {
                "name": "Financial Achievements and Industry Implications",
                "sentiment": "neutral",
                "tickers": []
            },
            {
                "name": "Adagio Medical Holdings Inc's",
                "sentiment": "neutral",
                "tickers": []
            },
            {
                "name": "FDA",
                "sentiment": "neutral",
                "tickers": []
            },
            {
                "name": "VT Cryoablation System",
                "sentiment": "neutral",
                "tickers": []
            }
        ]
    },
    "syndication": {
        "syndicated": false,
        "syndicate_id": null,
        "first_syndicated": false
    },
    "trust": {
        "categories": [],
        "bias": null
    },
    "rating": null,
    "crawled": "2025-04-03T00:43:12.744+03:00",
    "updated": "2025-04-03T00:43:12.744+03:00"
}