{
    "thread": {
        "uuid": "ebb841d0828704b48c3a7c5e293e2e26518ef079",
        "url": "https://ca.marketscreener.com/quote/stock/RH-32683202/news/RH-4Q-Revenue-Misses-Guidance-Looks-to-Offset-Reciprocal-Tariffs-Update-49513884",
        "site_full": "ca.marketscreener.com",
        "site": "marketscreener.com",
        "site_section": "https://ca.marketscreener.com/news/most-read/",
        "site_categories": [],
        "section_title": "Today&#039;s best articles | MarketScreener Canada",
        "site_title": null,
        "title": "RH 4Q Revenue Misses Guidance, Looks to Offset Reciprocal Tariffs -- Update | MarketScreener Canada",
        "title_full": "RH 4Q Revenue Misses Guidance, Looks to Offset Reciprocal Tariffs -- Update | MarketScreener Canada",
        "published": "2025-04-03T00:09:00.000+03:00",
        "replies_count": 0,
        "participants_count": 1,
        "site_type": "news",
        "country": "CA",
        "main_image": "https://ca.marketscreener.com/images/twitter_MS_fdblanc.png",
        "performance_score": 0,
        "domain_rank": 3585,
        "domain_rank_updated": "2025-04-01T00:00:00.000+03:00",
        "licensing_agency": [],
        "social": {
            "facebook": {
                "likes": 0,
                "comments": 0,
                "shares": 0
            },
            "vk": {
                "shares": 0
            }
        }
    },
    "uuid": "ebb841d0828704b48c3a7c5e293e2e26518ef079",
    "url": "https://ca.marketscreener.com/quote/stock/RH-32683202/news/RH-4Q-Revenue-Misses-Guidance-Looks-to-Offset-Reciprocal-Tariffs-Update-49513884",
    "ord_in_thread": 0,
    "author": "MarketScreener",
    "published": "2025-04-03T00:09:00.000+03:00",
    "title": "RH 4Q Revenue Misses Guidance, Looks to Offset Reciprocal Tariffs -- Update | MarketScreener Canada",
    "text": "By Sabela Ojea\nRH reported fourth-quarter revenue that missed both guidance and Wall Street expectations, and said it will work to mitigate the impact of reciprocal tariffs on imports.\nShares of RH dropped 25% to $187 in post-market trading following the results. Through Wednesday's close, the stock is down 36% year to date.\nThe Corte Madera, Calif. furniture retailer on Wednesday reported net income for the three-months ended Feb. 1 of $13.9 million, or 69 cents a share, compared with $11.4 million, or 57 cents a share, for the same period a year earlier.\nStripping out one-time items, the company's earnings per share came in at $1.58. Analysts polled by FactSet had forecast adjusted earnings of $1.92 a share.\nRevenue rose 10% to $812.4 million amid a 17% increase in total demand, missing the $829.6 million forecast by Wall Street. The company had most recently guided for a rise in revenue of 18% to 20% from the same period a year earlier amid views for a rise in demand of 20% to 22%.\nThe company is in the midst of turning around the business to bring out what it called a more inspiring and disruptive RH brand while facing higher tariffs on imported goods.\nFor the fiscal first quarter, RH guided for revenue growth of 16% and full-year growth of about 15%. Wall Street expected first-quarter revenue to rise 16% and full-year revenue growth of around 15%.\nRH doesn't expect a negative impact on results related to previously disclosed increases in tariffs on products from China, Canada or Mexico, Chief Executive Gary Friedman said.\n\"As it relates to reciprocal and other tariffs that will be announced today, as we've done with prior tariffs, we will be working with our manufacturing partners to mitigate the impact to both our margins and costs to our customers,\" Friedman said.\nSoon after RH reported results President Trump disclosed his plans for reciprocal tariffs. The U.S. will impose a 10%, across-the-board tariff on all imports, and higher rates on other nations the White House considers bad actors on trade.\nWrite to Sabela Ojea at sabela.ojea@wsj.com; @sabelaojeaguix\n(END) Dow Jones Newswires\n04-02-25 1708ET\nShare © Dow Jones - 2025",
    "highlightText": "",
    "highlightTitle": "",
    "highlightThreadTitle": "",
    "language": "english",
    "sentiment": "negative",
    "categories": [
        "Economy, Business and Finance",
        "Economy, Business and Finance"
    ],
    "topics": [
        "Economy, Business and Finance->financial and economic news",
        "Economy, Business and Finance->business reporting and performance",
        "Economy, Business and Finance->financial and economic news"
    ],
    "ai_allow": true,
    "has_canonical": false,
    "breaking": false,
    "webz_reporter": false,
    "external_links": [
        "https://www.linkedin.com/shareArticle?mini=true&url=https%3A%2F%2Fwww.marketscreener.com%2Fquote%2Fstock%2FRH-32683202%2Fnews%2FRH-4Q-Revenue-Misses-Guidance-Looks-to-Offset-Reciprocal-Tariffs-Update-49513884%2F%3Futm_source%3Dlinkedin%26utm_medium%3Dsocial%26utm_campaign%3Dshare&title=RH",
        "https://telegram.me/share/url?url=https%3A%2F%2Fwww.marketscreener.com%2Fquote%2Fstock%2FRH-32683202%2Fnews%2FRH-4Q-Revenue-Misses-Guidance-Looks-to-Offset-Reciprocal-Tariffs-Update-49513884%2F%3Futm_source%3Dtelegram%26utm_medium%3Dsocial%26utm_campaign%3Dshare",
        "https://www.facebook.com/sharer/sharer.php?u=https%3A%2F%2Fwww.marketscreener.com%2Fquote%2Fstock%2FRH-32683202%2Fnews%2FRH-4Q-Revenue-Misses-Guidance-Looks-to-Offset-Reciprocal-Tariffs-Update-49513884%2F%3Futm_source%3Dfacebook%26utm_medium%3Dsocial%26utm_campaign%3Dshare",
        "https://wa.me/?text=https%3A%2F%2Fwww.marketscreener.com%2Fquote%2Fstock%2FRH-32683202%2Fnews%2FRH-4Q-Revenue-Misses-Guidance-Looks-to-Offset-Reciprocal-Tariffs-Update-49513884%2F%3Futm_source%3Dwhatsapp%26utm_medium%3Dsocial%26utm_campaign%3Dshare",
        "https://twitter.com/intent/tweet?text=RH",
        "https://wa.me/",
        "https://www.telegram.me/share/url?url=https%3A%2F%2Fwww.marketscreener.com%2Fquote%2Fstock%2FRH-32683202%2Fnews%2FRH-4Q-Revenue-Misses-Guidance-Looks-to-Offset-Reciprocal-Tariffs-Update-49513884%2F%3Futm_source%3Dtelegram%26utm_medium%3Dsocial%26utm_campaign%3Dshare",
        "https://www.twitter.com/intent/tweet?text=RH",
        "https://telegram.me/share/url",
        "https://facebook.com/sharer/sharer.php?u=https%3A%2F%2Fwww.marketscreener.com%2Fquote%2Fstock%2FRH-32683202%2Fnews%2FRH-4Q-Revenue-Misses-Guidance-Looks-to-Offset-Reciprocal-Tariffs-Update-49513884%2F%3Futm_source%3Dfacebook%26utm_medium%3Dsocial%26utm_campaign%3Dshare",
        "https://www.wa.me/?text=https%3A%2F%2Fwww.marketscreener.com%2Fquote%2Fstock%2FRH-32683202%2Fnews%2FRH-4Q-Revenue-Misses-Guidance-Looks-to-Offset-Reciprocal-Tariffs-Update-49513884%2F%3Futm_source%3Dwhatsapp%26utm_medium%3Dsocial%26utm_campaign%3Dshare",
        "https://www.facebook.com/sharer/sharer.php",
        "https://www.linkedin.com/shareArticle",
        "https://linkedin.com/shareArticle?mini=true&url=https%3A%2F%2Fwww.marketscreener.com%2Fquote%2Fstock%2FRH-32683202%2Fnews%2FRH-4Q-Revenue-Misses-Guidance-Looks-to-Offset-Reciprocal-Tariffs-Update-49513884%2F%3Futm_source%3Dlinkedin%26utm_medium%3Dsocial%26utm_campaign%3Dshare&title=RH",
        "https://twitter.com/intent/tweet"
    ],
    "entities": {
        "persons": [
            {
                "name": "Gary Friedman",
                "sentiment": "negative"
            },
            {
                "name": "Sabela Ojea\nRH",
                "sentiment": "neutral"
            },
            {
                "name": "Trump",
                "sentiment": "neutral"
            }
        ],
        "locations": [
            {
                "name": "China",
                "sentiment": "negative"
            },
            {
                "name": "Canada",
                "sentiment": "negative"
            },
            {
                "name": "Mexico",
                "sentiment": "negative"
            },
            {
                "name": "U.S.",
                "sentiment": "negative"
            },
            {
                "name": "Madera",
                "sentiment": "neutral"
            },
            {
                "name": "Calif.",
                "sentiment": "neutral"
            }
        ],
        "organizations": [
            {
                "name": "White House",
                "sentiment": "negative",
                "tickers": []
            },
            {
                "name": "RH",
                "sentiment": "neutral",
                "tickers": []
            },
            {
                "name": "FactSet",
                "sentiment": "neutral",
                "tickers": []
            },
            {
                "name": "Dow Jones Newswires",
                "sentiment": "neutral",
                "tickers": []
            }
        ]
    },
    "syndication": {
        "syndicated": false,
        "syndicate_id": null,
        "first_syndicated": false
    },
    "trust": {
        "categories": [],
        "bias": null
    },
    "rating": null,
    "crawled": "2025-04-03T00:15:48.007+03:00",
    "updated": "2025-04-03T00:15:48.007+03:00"
}