{
    "thread": {
        "uuid": "53236b739ddedecbbdd79a3cda714cc2952a1376",
        "url": "https://seekingalpha.com/news/4428234-newsmax-stock-loses-steam-and-gives-up-gains-from-post-ipo-excitement",
        "site_full": "seekingalpha.com",
        "site": "seekingalpha.com",
        "site_section": "https://seekingalpha.com/market_currents.xml",
        "site_categories": [
            "investing",
            "financial_news",
            "finance",
            "mutual_funds"
        ],
        "section_title": "Breaking News on Seeking Alpha",
        "site_title": "Seeking Alpha | Stock Market Analysis &amp; Tools for Investors",
        "title": "Newsmax stock loses steam and gives up gains from post-IPO excitement",
        "title_full": "Newsmax stock loses steam and gives up gains from post-IPO excitement",
        "published": "2025-04-03T00:25:00.000+03:00",
        "replies_count": 0,
        "participants_count": 1,
        "site_type": "news",
        "country": "US",
        "main_image": "https://static.seekingalpha.com/cdn/s3/uploads/getty_images/2181736816/image_2181736816.jpg?io=getty-c-w750",
        "performance_score": 0,
        "domain_rank": 1133,
        "domain_rank_updated": "2025-04-01T00:00:00.000+03:00",
        "licensing_agency": [],
        "social": {
            "facebook": {
                "likes": 0,
                "comments": 0,
                "shares": 0
            },
            "vk": {
                "shares": 0
            }
        }
    },
    "uuid": "53236b739ddedecbbdd79a3cda714cc2952a1376",
    "url": "https://seekingalpha.com/news/4428234-newsmax-stock-loses-steam-and-gives-up-gains-from-post-ipo-excitement",
    "ord_in_thread": 0,
    "author": "Ahmed Farhath",
    "published": "2025-04-03T00:25:00.000+03:00",
    "title": "Newsmax stock loses steam and gives up gains from post-IPO excitement",
    "text": "Shares of conservative network Newsmax (NYSE:NMAX) ended Wednesday's trading session with a 77.5% decline, after rallying in triple-digit percentages since IPOing this week.\nNMAX stock closed up 735.1% at $83.51 on Monday and soared 179% to close at $233 on",
    "highlightText": "",
    "highlightTitle": "",
    "highlightThreadTitle": "",
    "language": "english",
    "sentiment": "negative",
    "categories": [
        "Economy, Business and Finance",
        "Politics",
        "Social Issue"
    ],
    "topics": [
        "Economy, Business and Finance->financial service",
        "Economy, Business and Finance->business reporting and performance",
        "Politics->economic policy",
        "Social Issue->social problem",
        "Social Issue->social condition"
    ],
    "ai_allow": true,
    "has_canonical": false,
    "breaking": false,
    "webz_reporter": false,
    "external_links": [],
    "entities": {
        "persons": [],
        "locations": [],
        "organizations": [
            {
                "name": "Newsmax",
                "sentiment": "negative",
                "tickers": []
            },
            {
                "name": "NYSE",
                "sentiment": "negative",
                "tickers": []
            },
            {
                "name": "NMAX",
                "sentiment": "negative",
                "tickers": []
            },
            {
                "name": "IPOing",
                "sentiment": "negative",
                "tickers": []
            }
        ]
    },
    "syndication": {
        "syndicated": false,
        "syndicate_id": null,
        "first_syndicated": false
    },
    "trust": {
        "categories": [],
        "bias": null
    },
    "rating": null,
    "crawled": "2025-04-03T00:43:17.496+03:00",
    "updated": "2025-04-03T00:43:17.496+03:00"
}