{
    "thread": {
        "uuid": "b0896345218871b8d57877b342896404d8e2180e",
        "url": "https://flipboard.com/topic/investingindia/hear-trump-break-down-tariffs-on-various-countries/f-4b1df5bc94%2Fcnn.com",
        "site_full": "flipboard.com",
        "site": "flipboard.com",
        "site_section": "https://flipboard.com/topic/investingindia",
        "site_categories": [
            "family_and_parenting",
            "eldercare"
        ],
        "section_title": "Discover More in Investing (India) on Flipboard",
        "site_title": "Flipboard: Your Social Magazine",
        "title": "Hear Trump break down tariffs on various countries | Flipboard",
        "title_full": "Hear Trump break down tariffs on various countries | Flipboard",
        "published": "2025-04-03T00:04:00.000+03:00",
        "replies_count": 0,
        "participants_count": 1,
        "site_type": "news",
        "country": "US",
        "main_image": "https://ic-cdn.flipboard.com/cnn.com/1d92cd0013e100967fb081bcb06d1bf34fe81a54/_medium.jpeg",
        "performance_score": 0,
        "domain_rank": 1228,
        "domain_rank_updated": "2025-04-01T00:00:00.000+03:00",
        "licensing_agency": [],
        "social": {
            "facebook": {
                "likes": 0,
                "comments": 0,
                "shares": 0
            },
            "vk": {
                "shares": 0
            }
        }
    },
    "uuid": "b0896345218871b8d57877b342896404d8e2180e",
    "url": "https://flipboard.com/topic/investingindia/hear-trump-break-down-tariffs-on-various-countries/f-4b1df5bc94%2Fcnn.com",
    "ord_in_thread": 0,
    "author": "CNN",
    "published": "2025-04-03T00:04:00.000+03:00",
    "title": "Hear Trump break down tariffs on various countries | Flipboard",
    "text": "Hear Trump break down tariffs on various countries President Donald Trump is unveiling his sweeping tariff plan on Wednesday, a date he has dubbed “Liberation Day” in his goal to redraw economic agreements with US trading partners. Follow for updates here.\nCNN • 5m",
    "highlightText": "",
    "highlightTitle": "",
    "highlightThreadTitle": "",
    "language": "english",
    "sentiment": "negative",
    "categories": [
        "Economy, Business and Finance",
        "Politics"
    ],
    "topics": [
        "Economy, Business and Finance->financial and economic news",
        "Economy, Business and Finance->business governance",
        "Economy, Business and Finance->foreign exchange market",
        "Politics->political candidates",
        "Politics->international relations",
        "Politics->economic policy"
    ],
    "ai_allow": true,
    "has_canonical": false,
    "breaking": false,
    "webz_reporter": false,
    "external_links": [],
    "entities": {
        "persons": [
            {
                "name": "Donald Trump",
                "sentiment": "neutral"
            }
        ],
        "locations": [
            {
                "name": "US",
                "sentiment": "neutral"
            }
        ],
        "organizations": [
            {
                "name": "CNN",
                "sentiment": "neutral",
                "tickers": []
            }
        ]
    },
    "syndication": {
        "syndicated": false,
        "syndicate_id": null,
        "first_syndicated": false
    },
    "trust": {
        "categories": [],
        "bias": null
    },
    "rating": null,
    "crawled": "2025-04-03T00:13:42.411+03:00",
    "updated": "2025-04-03T00:13:42.411+03:00"
}