{
    "thread": {
        "uuid": "8c30a456870c0c976f9c8dec92e9c89eb5ed357e",
        "url": "https://en.as.com/latest_news/what-do-the-trump-tariffs-mean-for-imported-car-prices-n",
        "site_full": "en.as.com",
        "site": "as.com",
        "site_section": "https://news.google.com/search?q=do%20when%3A1h&hl=en-US&gl=US&ceid=US%3Aen",
        "site_categories": [
            "world_soccer",
            "sports"
        ],
        "section_title": "Google News - Search",
        "site_title": null,
        "title": "What do the Trump tariffs mean for imported car prices?",
        "title_full": "What do the Trump tariffs mean for imported car prices?",
        "published": "2025-04-03T00:03:00.000+03:00",
        "replies_count": 0,
        "participants_count": 1,
        "site_type": "news",
        "country": "ES",
        "main_image": "https://img.asmedia.epimg.net/resizer/v2/FNQQD4DN6ZFPGYRBXWRG24PXIQ.jpg?auth=3446c635addb5c55e747cf405bb76336d44709e4327ca131b516d9397cfb1067&amp;width=1472&amp;height=828&amp;focal=2415%2C1169",
        "performance_score": 0,
        "domain_rank": 1947,
        "domain_rank_updated": "2025-04-01T00:00:00.000+03:00",
        "licensing_agency": [],
        "social": {
            "facebook": {
                "likes": 0,
                "comments": 0,
                "shares": 0
            },
            "vk": {
                "shares": 0
            }
        }
    },
    "uuid": "8c30a456870c0c976f9c8dec92e9c89eb5ed357e",
    "url": "https://en.as.com/latest_news/what-do-the-trump-tariffs-mean-for-imported-car-prices-n",
    "ord_in_thread": 0,
    "author": "AS USA",
    "published": "2025-04-03T00:03:00.000+03:00",
    "title": "What do the Trump tariffs mean for imported car prices?",
    "text": "What do the Trump tariffs mean for imported car prices?\nSome of the United States’ biggest trading partners will be hit by “reciprocal tariffs”, risking increased prices for American consumers.\nPresident Donald Trump has announced further details of the next stage of his economic agenda, introducing a series of “reciprocal tariffs” on trading partners around the world.\n“It’s our declaration of economic independence,” Trump said in the Rose Garden on Wednesday, claiming that tariffs would help to “reduce our taxes and pay down our national debt.”\nThe topic of imported automobiles was mentioned specifically by Trump, who has pledged to impose a 25% tariff on all cars made outside the USA. He explained: “Effective midnight, we will impose a 25% tariff on all foreign-made automobiles.”\nTrump is attempting to bolster the American motor industry but the tariffs will undoubtedly affect the price of foreign-made cars for consumers in the United States. The 25% tariff is applicable on top of the national reciprocal tariffs announced on Wednesday. For example, cars from Japan will be hit with a 24% ‘reciprocal tariff’ and a 25% car-specific tariff. This will mean a huge price increase for buyers.\nThere are roughly 60 countries on this list distributed by the White House that are being hit with reciprocal tariffs. (The others have a 10% baseline tariff.)\n— Kaitlan Collins (@kaitlancollins)[pic.twitter.com/MxFusLaBF1][April 2, 2025]\nIn his speech, Trump insisted that he had been generous with his plans. He explained: “We will charge them approximately half of what they have been charging us. So the tariffs will be not a full reciprocal, I could have done that, but it would have been tough for a lot of countries.”\nHow much are the tariffs on China and Canada?\nAhead of the announcement, the moves to impose tariffs on China and Canada were among the most surprisingly of Trump’s pledges. China and Canada were, respectively, the second- and third-biggest trading partners for the United States in 2025.\nChina accounted for a massive $438.9 billion of US imports last year, while Canada contributed $412.7 billion. The only country with a bigger import balance was Mexico, which stood at $505.9 billion. In total Mexico, China and Canada accounted for 42% of all US imports in 2024.\nThe fact sheet handed out by Trump’s team in the Rose Garden listed the reciprocal tariff rates for a selection of countries with trading relationship with the United States. In it, China is allocated a 34% tariff but a tariff rate for Canada is not listed.\nIn his Rose Garden speech on Wednesday Trump insisted that his tariffs are designed to boost conditions for Americans and ensure that companies are encouraged to build factors and create jobs in the United States, rather than simply imported ready-made products.\n“For years, hard-working American citizens were forced to sit on the sidelines as other nations got rich and powerful, much of it at our expense. But now it’s our turn to prosper,” Trump claimed.\nGet your game on! Whether you’re into NFL touchdowns, NBA buzzer-beaters, world-class soccer goals, or MLB home runs, our app has it all.\nDive into live coverage, expert insights, breaking news, exclusive videos, and more – plus, stay updated on the latest in current affairs and entertainment. Download now for all-access coverage, right at your fingertips – anytime, anywhere.",
    "highlightText": "",
    "highlightTitle": "",
    "highlightThreadTitle": "",
    "language": "english",
    "sentiment": "negative",
    "categories": [
        "Economy, Business and Finance",
        "Politics"
    ],
    "topics": [
        "Economy, Business and Finance->foreign exchange market",
        "Economy, Business and Finance->business strategy and marketing",
        "Politics->economic policy",
        "Politics->political development",
        "Politics->international relations"
    ],
    "ai_allow": true,
    "has_canonical": false,
    "breaking": true,
    "webz_reporter": false,
    "external_links": [
        "https://www.nbcnews.com/business/economy/trump-reciprocal-tariffs-what-products-countries-how-much-rcna192075",
        "https://www.cbc.ca/news/politics/livestory/trump-confirms-25-tariffs-on-all-foreign-made-vehicles-to-take-effect-at-midnight-9.67https://www.cbc.ca/news/politics/livestory/trump-confirms-25-tariffs-on-all-foreign-made-vehicles-to-take-effect-at-midnight-9.670833708337",
        "https://nbcnews.com/business/economy/trump-reciprocal-tariffs-what-products-countries-how-much-rcna192075",
        "https://cbc.ca/news/politics/livestory/trump-confirms-25-tariffs-on-all-foreign-made-vehicles-to-take-effect-at-midnight-9.67https://cbc.ca/news/politics/livestory/trump-confirms-25-tariffs-on-all-foreign-made-vehicles-to-take-effect-at-midnight-9.670833708337"
    ],
    "entities": {
        "persons": [
            {
                "name": "Donald Trump",
                "sentiment": "neutral"
            },
            {
                "name": "Kaitlan Collins",
                "sentiment": "neutral"
            }
        ],
        "locations": [
            {
                "name": "the United States",
                "sentiment": "neutral"
            },
            {
                "name": "USA",
                "sentiment": "neutral"
            },
            {
                "name": "Japan",
                "sentiment": "neutral"
            },
            {
                "name": "China",
                "sentiment": "neutral"
            },
            {
                "name": "Canada",
                "sentiment": "neutral"
            },
            {
                "name": "US",
                "sentiment": "neutral"
            },
            {
                "name": "Mexico",
                "sentiment": "neutral"
            }
        ],
        "organizations": [
            {
                "name": "the White House",
                "sentiment": "negative",
                "tickers": []
            },
            {
                "name": "Trump",
                "sentiment": "neutral",
                "tickers": []
            },
            {
                "name": "NFL",
                "sentiment": "neutral",
                "tickers": []
            },
            {
                "name": "NBA",
                "sentiment": "neutral",
                "tickers": []
            },
            {
                "name": "MLB",
                "sentiment": "neutral",
                "tickers": []
            }
        ]
    },
    "syndication": {
        "syndicated": false,
        "syndicate_id": null,
        "first_syndicated": false
    },
    "trust": {
        "categories": [],
        "bias": null
    },
    "rating": null,
    "crawled": "2025-04-03T00:11:53.984+03:00",
    "updated": "2025-04-03T00:11:53.984+03:00"
}