{
    "thread": {
        "uuid": "2e48c75c71e561c2703bdc95cc17fcbff3d6aa47",
        "url": "https://news.knowledia.com/GB/en/articles/lloyds-and-halifax-branch-closures-full-list-revealed-as-more-than-250-2af2e6d7b3da00a60c4773df71d35a570905f081?source=rss",
        "site_full": "news.knowledia.com",
        "site": "knowledia.com",
        "site_section": "https://news.knowledia.com/GB/en/feed",
        "site_categories": [
            "uncategorized"
        ],
        "section_title": "United Kingdom - Knowledia News",
        "site_title": null,
        "title": "Lloyds and Halifax branch closures: Full list revealed as more than 250 banks shut for good",
        "title_full": "Lloyds and Halifax branch closures: Full list revealed as more than 250 banks shut for good",
        "published": "2025-04-03T00:23:07.303+03:00",
        "replies_count": 0,
        "participants_count": 1,
        "site_type": "news",
        "country": "GB",
        "main_image": "",
        "performance_score": 0,
        "domain_rank": 78005,
        "domain_rank_updated": "2025-04-01T00:00:00.000+03:00",
        "licensing_agency": [],
        "social": {
            "facebook": {
                "likes": 0,
                "comments": 0,
                "shares": 0
            },
            "vk": {
                "shares": 0
            }
        }
    },
    "uuid": "2e48c75c71e561c2703bdc95cc17fcbff3d6aa47",
    "url": "https://news.knowledia.com/GB/en/articles/lloyds-and-halifax-branch-closures-full-list-revealed-as-more-than-250-2af2e6d7b3da00a60c4773df71d35a570905f081?source=rss",
    "ord_in_thread": 0,
    "author": "Megan Howe",
    "published": "2025-04-03T00:23:07.303+03:00",
    "title": "Lloyds and Halifax branch closures: Full list revealed as more than 250 banks shut for good",
    "text": "One Halifax branch is set to close in Lincoln in May and a Lloyds branch will be closing in Hodge Hill, Birmingham Busy London train station to shut for 10 months…\nMegan Howe",
    "highlightText": "",
    "highlightTitle": "",
    "highlightThreadTitle": "",
    "language": "english",
    "sentiment": "negative",
    "categories": [
        "Economy, Business and Finance",
        "Politics",
        "Social Issue"
    ],
    "topics": [
        "Economy, Business and Finance->financial service",
        "Economy, Business and Finance->business reporting and performance",
        "Economy, Business and Finance->business restructuring",
        "Politics->economic policy",
        "Politics->government",
        "Politics->local government and authority",
        "Social Issue->social condition",
        "Social Issue->communities",
        "Social Issue->social problem"
    ],
    "ai_allow": true,
    "has_canonical": false,
    "breaking": false,
    "webz_reporter": false,
    "external_links": [
        "https://www.standard.co.uk/news/uk/lloyds-halifax-bank-closures-full-list-b1220381.html",
        "https://standard.co.uk/news/uk/lloyds-halifax-bank-closures-full-list-b1220381.html"
    ],
    "entities": {
        "persons": [
            {
                "name": "Megan Howe",
                "sentiment": "neutral"
            }
        ],
        "locations": [
            {
                "name": "Halifax",
                "sentiment": "neutral"
            },
            {
                "name": "Hodge Hill",
                "sentiment": "neutral"
            },
            {
                "name": "Birmingham",
                "sentiment": "neutral"
            },
            {
                "name": "London",
                "sentiment": "neutral"
            }
        ],
        "organizations": [
            {
                "name": "Lincoln",
                "sentiment": "neutral",
                "tickers": []
            },
            {
                "name": "Lloyds",
                "sentiment": "neutral",
                "tickers": []
            }
        ]
    },
    "syndication": {
        "syndicated": false,
        "syndicate_id": null,
        "first_syndicated": false
    },
    "trust": {
        "categories": [],
        "bias": null
    },
    "rating": null,
    "crawled": "2025-04-03T00:23:07.303+03:00",
    "updated": "2025-04-03T00:23:07.303+03:00"
}