{
    "thread": {
        "uuid": "afebaedb29ecd57d825cff0e70995c5527cef7dc",
        "url": "https://keyt.com/news/money-and-business/cnn-business-consumer/2025/04/02/trump-just-massively-escalated-his-trade-war-heres-what-he-announced",
        "site_full": "keyt.com",
        "site": "keyt.com",
        "site_section": "https://news.google.com/search?q=until%20when%3A1h&hl=en-US&gl=US&ceid=US%3Aen",
        "site_categories": [
            "media"
        ],
        "section_title": "Google News - Search",
        "site_title": "Home | News Channel 3-12",
        "title": "Trump just massively escalated his trade war. Here's what he announced",
        "title_full": "Trump just massively escalated his trade war. Here's what he announced",
        "published": "2025-04-03T00:29:00.000+03:00",
        "replies_count": 0,
        "participants_count": 1,
        "site_type": "news",
        "country": "US",
        "main_image": "https://keyt.b-cdn.net/2025/04/cnn-L19jb21wb25lbnRzL2ltYWdlL2luc3RhbmNlcy9jbTh6NGNoZjgwMDEwM2I2bTFjbno1NG94-L19jb21wb25lbnRzL2FydGljbGUvaW5zdGFuY2VzL2NtOHo0NGk0ajAwM2IyY25qaHp2bDJ2c2Q-2.jpg",
        "performance_score": 0,
        "domain_rank": 19920,
        "domain_rank_updated": "2025-04-01T00:00:00.000+03:00",
        "licensing_agency": [],
        "social": {
            "facebook": {
                "likes": 0,
                "comments": 0,
                "shares": 0
            },
            "vk": {
                "shares": 0
            }
        }
    },
    "uuid": "afebaedb29ecd57d825cff0e70995c5527cef7dc",
    "url": "https://keyt.com/news/money-and-business/cnn-business-consumer/2025/04/02/trump-just-massively-escalated-his-trade-war-heres-what-he-announced",
    "ord_in_thread": 0,
    "author": "CNN",
    "published": "2025-04-03T00:29:00.000+03:00",
    "title": "Trump just massively escalated his trade war. Here's what he announced",
    "text": "Trump just massively escalated his trade war. Here’s what he announced\nCNN\nBy Elisabeth Buchwald, CNN\n(CNN) — President Donald Trump is stepping up his massive global trade war, a move that’s certain to weigh on Americans’ wallets and could push the US economy into a painful recession.\nOn Wednesday, Trump declared a national economic emergency and announced tariffs of at least 10% across all countries, with rates going even higher for 60 countries deemed the “worst offenders,” according to White House officials.\nOne of the highest tariff rates of 49% will be levied on all Cambodian imports, according to a poster Trump displayed at a Rose Garden event Wednesday. Among the other newly announced tariff rates are 46% for Vietnam, 34% for China and 20% for the European Union.\nIn most cases, Trump said the rates are “half” the tariff rate that the other countries and trading blocs charge the US when factoring in currency manipulation and other trade barriers. It’s unclear precisely how the administration arrived at those numbers.\nThe tariffs, Trump said, “are going to give us growth.” The president has repeatedly touted tariffs as a way to help the US government rely less on income taxes as a main form of revenue. He’s even gone as far to say that tariff revenue could replace income taxes entirely. But economists are largely in agreement that tariffs are paid by the country importing the goods, and have historically led to higher prices for consumers.\nThe escalation risks alienating the US further with foes and all the more so with key allies who have been long-time trading partners.\n“It’s our declaration of economic independence,” Trump said Wednesday. “Jobs and factories will come roaring back into our country, and you see it happening already.”\nThe universal 10% rate will go into effect on April 5, while the customized rates will take effect on April 9, suggesting there could be more room for countries with rates higher than 10% to negotiate.\nCountries with higher tariff rates are ones with what Trump referred to as “non-monetary barriers” and “monetary barriers” to trade in addition to tariffs they impose on American good.\n“As bad as the higher tariffs are that the rest of the world punishes us with, the higher non-tariff barriers are far worse,” a senior White House official told reporters.\nAmong an extensive list of non-tariff trade Trump laid out were currency manipulation, tax policies viewed as unfair and the use of sweatshop labor.\n“It’s all detailed in a very big report by the US Trade Representative on foreign trade barriers,” Trump said, holding up to the audience.\nFor the time being, the only exception to tariffs will be goods coming from Canada and Mexico that comply with the United States-Canada-Mexico Agreement signed under Trump’s first term.\nWednesday’s announcement is a far cry from the certainty on tariffs businesses have been craving since Trump’s November victory. Rather, it will open a whole new can of worms as countries respond to new tariffs with countermeasures on American goods, setting the stage for a new phase of negotiations that could escalate an already bitter trade war.\nThe tariffs that were already in place prior to Wednesday’s announcement — and the ongoing threat of heftier tariffs — have already dragged down the US economy at a precarious time, when a growing share of consumers are struggling financially.\nHis latest round of tariffs is the most substantial package in nearly 80 years. Consumers are still reeling from the highest inflation levels in 40 years and feeling crunched by high interest rates.\nThis story is developing and will be updated.\nThe-CNN-Wire\n™ & © 2025 Cable News Network, Inc., a Warner Bros. Discovery Company. All rights reserved.",
    "highlightText": "",
    "highlightTitle": "",
    "highlightThreadTitle": "",
    "language": "english",
    "sentiment": "negative",
    "categories": [
        "Economy, Business and Finance",
        "Politics",
        "Social Issue"
    ],
    "topics": [
        "Economy, Business and Finance->business strategy and marketing",
        "Economy, Business and Finance->financial and economic news",
        "Economy, Business and Finance->business governance",
        "Politics->economic policy",
        "Politics->political development",
        "Politics->international relations",
        "Social Issue->emigration",
        "Social Issue->social problem",
        "Social Issue->social condition"
    ],
    "ai_allow": true,
    "has_canonical": false,
    "breaking": true,
    "webz_reporter": false,
    "external_links": [
        "https://www.cnn.com/2025/03/13/economy/trade-wars-can-spiral-out-of-control/index.html",
        "https://www.cnn.com/2025/02/20/economy/trump-abolish-irs/index.html",
        "https://www.cnn.com/2025/03/31/investing/us-stocks-trump-tariff-uncertainty/index.html",
        "https://www.cnn.com/2025/04/01/economy/us-consumer-tariffs-impact/index.html",
        "https://cnn.com/2025/03/31/investing/us-stocks-trump-tariff-uncertainty/index.html",
        "https://cnn.com/2025/02/20/economy/trump-abolish-irs/index.html",
        "https://cnn.com/2025/04/01/economy/us-consumer-tariffs-impact/index.html",
        "https://cnn.com/2025/03/13/economy/trade-wars-can-spiral-out-of-control/index.html"
    ],
    "entities": {
        "persons": [
            {
                "name": "Elisabeth Buchwald",
                "sentiment": "negative"
            },
            {
                "name": "Donald Trump",
                "sentiment": "negative"
            }
        ],
        "locations": [
            {
                "name": "US",
                "sentiment": "negative"
            },
            {
                "name": "Vietnam",
                "sentiment": "neutral"
            },
            {
                "name": "China",
                "sentiment": "neutral"
            },
            {
                "name": "the United States-Canada-Mexico Agreement",
                "sentiment": "neutral"
            }
        ],
        "organizations": [
            {
                "name": "CNN",
                "sentiment": "negative",
                "tickers": []
            },
            {
                "name": "White House",
                "sentiment": "negative",
                "tickers": []
            },
            {
                "name": "Trump",
                "sentiment": "neutral",
                "tickers": []
            },
            {
                "name": "the European Union",
                "sentiment": "neutral",
                "tickers": []
            },
            {
                "name": "the US Trade Representative",
                "sentiment": "neutral",
                "tickers": []
            },
            {
                "name": "Cable News Network, Inc.",
                "sentiment": "neutral",
                "tickers": []
            },
            {
                "name": "Warner Bros. Discovery Company",
                "sentiment": "neutral",
                "tickers": []
            }
        ]
    },
    "syndication": {
        "syndicated": false,
        "syndicate_id": null,
        "first_syndicated": false
    },
    "trust": {
        "categories": [],
        "bias": null
    },
    "rating": null,
    "crawled": "2025-04-03T00:46:56.224+03:00",
    "updated": "2025-04-03T00:46:56.224+03:00"
}