{
    "thread": {
        "uuid": "7174f1339afc948eceaecd63d696fe5a8fce6046",
        "url": "https://www.smh.com.au/world/north-america/trump-hits-australia-with-10-per-cent-tariff-on-all-exports-to-the-us-20250403-p5lopx.html",
        "site_full": "www.smh.com.au",
        "site": "smh.com.au",
        "site_section": "http://www.theage.com.au/rssheadlines/education/article/rss.xml",
        "site_categories": [
            "media",
            "top_news_au",
            "top_news_nz",
            "top_news"
        ],
        "section_title": "The Age - Latest News",
        "site_title": "Australian Breaking News Headlines &amp; World News Online | SMH.com.au",
        "title": "Tariffs Australia: Trump announces 10 per cent tariffs on all exports to US",
        "title_full": "Tariffs Australia: Trump announces 10 per cent tariffs on all exports to US",
        "published": "2025-04-03T00:15:00.000+03:00",
        "replies_count": 0,
        "participants_count": 1,
        "site_type": "news",
        "country": "AU",
        "main_image": "https://static.ffx.io/images/$zoom_0.6349%2C$multiply_0.7554%2C$ratio_1.776846%2C$width_1059%2C$x_0%2C$y_65/t_crop_custom/q_86%2Cf_auto/t_smh_no_label_no_age_social_wm/379261e677c6b7496ea1b5261a769d5d5935f3d9",
        "performance_score": 0,
        "domain_rank": 575,
        "domain_rank_updated": "2025-04-01T00:00:00.000+03:00",
        "licensing_agency": [],
        "social": {
            "facebook": {
                "likes": 0,
                "comments": 0,
                "shares": 0
            },
            "vk": {
                "shares": 0
            }
        }
    },
    "uuid": "7174f1339afc948eceaecd63d696fe5a8fce6046",
    "url": "https://www.smh.com.au/world/north-america/trump-hits-australia-with-10-per-cent-tariff-on-all-exports-to-the-us-20250403-p5lopx.html",
    "ord_in_thread": 0,
    "author": "Michael Koziol",
    "published": "2025-04-03T00:15:00.000+03:00",
    "title": "Tariffs Australia: Trump announces 10 per cent tariffs on all exports to US",
    "text": "- Breaking\nWorldNorth AmericaTrade\nTrump hits Australia with 10 per cent tariff on all exports to the US\nWashington: US President Donald Trump has hit Australia with a 10 per cent tariff on all goods exported to the United States, part of a sweeping move to reinstall worldwide import duties and shake up the global economic order.\nUnveiling the new tariffs at a White House ceremony, Trump singled out Australia’s main export to the US, beef, saying it was unfair for Australia to ban imports of American beef while exporting $US3 billion ($4.7 billion) worth of beef products to the US last year.\n“They’re wonderful people, wonderful everything, but they ban American beef,” he said. “They don’t want it because they don’t want it to affect their farmers. I don’t blame them, but they’re doing the same thing right now, starting at midnight tonight, I would say.”\nAustralia’s 10 per cent tariff is the lowest rate of those unveiled on Wednesday (Thursday AEDT), and matches that charged to the United Kingdom, Singapore, Chile, Turkey, Brazil and many others. Trump described this as the “baseline” rate.\nHe said the administration calculated a generalised tariff rate – to apply on imports across the board from each country – based on what that country charged in tariffs or equivalent non-monetary trade barriers, such as import restrictions, regulations and other rules.\nAustralia has had a free trade agreement with the US since 2005, and no tariffs. But it maintains other barriers, including the beef ban and measures that have long irked the US trade office and Trump’s economic advisers.\nBy contrast, China was hit with a 34 per cent across-the-board tariff, the European Union 20 per cent, South Korea 25 per cent, Japan 24 per cent and India 26 per cent.\nTrump said these rates were all less than the effective tariff rate those countries charge the US, according to the administration’s calculations.\nTrump touted the tariff announcement for weeks, calling it “Liberation Day for America” and asserting it would restore reciprocity and balance to the US’s trade relationships after being “ripped off” by friends and foes alike.\nApril 2 “will forever be remembered as the day American industry was reborn, the day America’s destiny was reclaimed”, he said in the Rose Garden, declaring the tariffs “a declaration of economic independence”.\nHe lashed out at “foreign cheaters” and “foreign scavengers” who had taken advantage of the US, but said he blamed previous US presidents for allowing the imbalance to occur.\n“Now it’s our turn to prosper, and in so doing use trillions and trillions of dollars to reduce our taxes and pay down our national debt,” Trump said.\nAustralia has not allowed imports of uncooked US beef for more than two decades due to concerns about mad cow disease. Prime Minister Anthony Albanese said this week he would not compromise Australia’s tough biosecurity protections and the issue was not up for negotiation.\nTrade Minister Don Farrell has previously said most of the beef exported to the US goes into hamburgers, and the tariffs would increase the cost of the fast food staple for American consumers. “It doesn’t make any sense,” he said last month.\nThe new tariffs follow the imposition of 25 per cent duties on steel and aluminium imports last month, a policy Trump resuscitated from his first term. Australia also sought an exemption from those tariffs, but it was denied.\nMore to come\nGet a note directly from our foreign correspondents on what’s making headlines around the world. Sign up for the weekly What in the World newsletter here.\nMichael Koziolis the North America correspondent for The Age and Sydney Morning Herald. He is a former Sydney editor, Sun-Herald deputy editor and a federal political reporter in Canberra.Connect via",
    "highlightText": "",
    "highlightTitle": "",
    "highlightThreadTitle": "",
    "language": "english",
    "sentiment": "negative",
    "categories": [
        "Economy, Business and Finance"
    ],
    "topics": [
        "Economy, Business and Finance->economy"
    ],
    "ai_allow": false,
    "has_canonical": false,
    "breaking": true,
    "webz_reporter": false,
    "external_links": [],
    "entities": {
        "persons": [
            {
                "name": "Anthony Albanese",
                "sentiment": "negative"
            },
            {
                "name": "Donald Trump",
                "sentiment": "neutral"
            },
            {
                "name": "Don Farrell",
                "sentiment": "neutral"
            },
            {
                "name": "Michael Koziolis",
                "sentiment": "neutral"
            }
        ],
        "locations": [
            {
                "name": "the United Kingdom",
                "sentiment": "positive"
            },
            {
                "name": "Singapore",
                "sentiment": "positive"
            },
            {
                "name": "Chile",
                "sentiment": "positive"
            },
            {
                "name": "Turkey",
                "sentiment": "positive"
            },
            {
                "name": "Brazil",
                "sentiment": "positive"
            },
            {
                "name": "Australia",
                "sentiment": "neutral"
            },
            {
                "name": "US",
                "sentiment": "neutral"
            },
            {
                "name": "Washington",
                "sentiment": "neutral"
            },
            {
                "name": "the United States",
                "sentiment": "neutral"
            },
            {
                "name": "China",
                "sentiment": "neutral"
            },
            {
                "name": "South Korea",
                "sentiment": "neutral"
            },
            {
                "name": "Japan",
                "sentiment": "neutral"
            },
            {
                "name": "India",
                "sentiment": "neutral"
            },
            {
                "name": "North America",
                "sentiment": "neutral"
            },
            {
                "name": "Sydney",
                "sentiment": "neutral"
            },
            {
                "name": "Canberra",
                "sentiment": "neutral"
            }
        ],
        "organizations": [
            {
                "name": "Trump",
                "sentiment": "neutral",
                "tickers": []
            },
            {
                "name": "White House",
                "sentiment": "neutral",
                "tickers": []
            },
            {
                "name": "the European Union",
                "sentiment": "neutral",
                "tickers": []
            },
            {
                "name": "Trade",
                "sentiment": "neutral",
                "tickers": []
            },
            {
                "name": "Sun-Herald",
                "sentiment": "neutral",
                "tickers": []
            }
        ]
    },
    "syndication": {
        "syndicated": false,
        "syndicate_id": null,
        "first_syndicated": false
    },
    "trust": {
        "categories": [],
        "bias": null
    },
    "rating": null,
    "crawled": "2025-04-03T00:23:58.612+03:00",
    "updated": "2025-04-03T00:23:58.612+03:00"
}