{
    "thread": {
        "uuid": "daed34344b0c5fdf00cb12077d4bab7a59aa89a3",
        "url": "https://www.fox32chicago.com/news/illinois-lawmakers-react-trumps-reciprocal-tariffs",
        "site_full": "www.fox32chicago.com",
        "site": "fox32chicago.com",
        "site_section": "https://www.fox32chicago.com/tag/crime-publicsafety",
        "site_categories": [
            "media"
        ],
        "section_title": "Crime and Public Safety | FOX 32 Chicago",
        "site_title": "FOX 32 Chicago | Local News, Weather, and Live Streams | WFLD",
        "title": "Illinois lawmakers criticize Trump's tariffs, say he's 'enamored' with them despite economic risks | FOX 32 Chicago",
        "title_full": "Illinois lawmakers criticize Trump's tariffs, say he's 'enamored' with them despite economic risks | FOX 32 Chicago",
        "published": "2025-04-03T00:21:00.000+03:00",
        "replies_count": 0,
        "participants_count": 1,
        "site_type": "news",
        "country": "US",
        "main_image": "https://images.foxtv.com/static.fox32chicago.com/www.fox32chicago.com/content/uploads/2025/01/1280/720/gettyimages-2194836504.jpg?ve=1&amp;tl=1",
        "performance_score": 0,
        "domain_rank": 9137,
        "domain_rank_updated": "2025-04-01T00:00:00.000+03:00",
        "licensing_agency": [],
        "social": {
            "facebook": {
                "likes": 0,
                "comments": 0,
                "shares": 0
            },
            "vk": {
                "shares": 0
            }
        }
    },
    "uuid": "daed34344b0c5fdf00cb12077d4bab7a59aa89a3",
    "url": "https://www.fox32chicago.com/news/illinois-lawmakers-react-trumps-reciprocal-tariffs",
    "ord_in_thread": 0,
    "author": "Cody King",
    "published": "2025-04-03T00:21:00.000+03:00",
    "title": "Illinois lawmakers criticize Trump's tariffs, say he's 'enamored' with them despite economic risks | FOX 32 Chicago",
    "text": "Illinois lawmakers are pushing back against President Donald Trump’s newly-announced \"reciprocal\" tariffs, warning they could drive up prices for American families. ILLINOIS - Illinois lawmakers are pushing back against President Donald Trump’s newly-announced \"reciprocal\" tariffs, warning they could drive up prices for American families.What we know:President Donald Trump announced the new round of tariffs on Wednesday – a day he dubbed \"Liberation Day.\" The \"reciprocal\" tariffs will include a 10% baseline tax on imports from all countries and higher tariff rates on dozens of nations that run trade surpluses with the U.S. \"In other words, they charge us, we charge them. We charge them less. So, how can anybody be upset?\" Trump said. Here&apos;s a list of all the tariffs that Trump announced.What they're saying:Sen. Dick Durbin (D-IL) said Trump’s tariffs amount to a national sales tax that could harm the economy.\"The President is risking a recession with this national sales tax he calls tariffs—while needlessly alienating our closest allies. When American families see what this does to the price of goods, such as cars, groceries, and gas, it is going to create a negative economic force across this country and cost a lot of American jobs. President Trump seems enamored with tariffs, but he’s going to have a heck of a time explaining how this is going to help reduce the cost of living for Americans,\" Durbin said. Sen. Tammy Duckworth (D-IL) called the tariffs a burden on middle-class families.\"Don&apos;t be fooled. Trump&apos;s \"Liberation Day\" is a disaster in the making for middle-class Americans. Trump&apos;s tsunami of tariffs will make groceries and other everyday items more expensive, costing families an extra $6,000 a year. That&apos;s the last thing Americans need right now,\" Duckworth said. Rep. Bill Foster (D-IL) also weighed in on Trump&apos;s tariffs:\"Trump is forcing us into a needless trade war with no clear objective or strategy. History has proven time and again—including during Trump&apos;s first Administration—that these tariffs will raise costs for American consumers and businesses,\" Foster said. Congressman Raja Krishnamoorthi slammed President Trump’s \"Liberation Day\" tariffs, calling them a tax on working families to fund tax breaks for the wealthy:\"Donald Trump&apos;s blanket tariffs are a tax on working families so that he can cut taxes for the wealthiest Americans. These latest so-called &apos;Liberation Day&apos; tariffs are reckless and self-destructive, inflicting financial pain on Illinois at a time when people are already struggling to keep their small businesses afloat and put food on the table.\"Don’t listen to Trump – these do nothing to strengthen our economy or national security. These tariffs isolate the United States on the global stage, alienate our allies, and empower our adversaries – all while forcing America’s seniors and working families to bear the brunt of higher prices. I urge all Americans to join me in calling on President Trump to end his disastrous tariff policies before he sends our country into a recession,\" said Krishnamoorthi.We&apos;ll bring more reaction statements from Illinois lawmakers as they become available.",
    "highlightText": "",
    "highlightTitle": "",
    "highlightThreadTitle": "",
    "language": "english",
    "sentiment": "negative",
    "categories": [
        "Politics",
        "Economy, Business and Finance",
        "Social Issue"
    ],
    "topics": [
        "Politics->government",
        "Politics->economic policy",
        "Economy, Business and Finance->foreign exchange market",
        "Economy, Business and Finance->business governance",
        "Economy, Business and Finance->financial and economic news",
        "Social Issue->discrimination",
        "Social Issue->social condition"
    ],
    "ai_allow": true,
    "has_canonical": false,
    "breaking": false,
    "webz_reporter": false,
    "external_links": [],
    "entities": {
        "persons": [],
        "locations": [],
        "organizations": []
    },
    "syndication": {
        "syndicated": false,
        "syndicate_id": null,
        "first_syndicated": false
    },
    "trust": {
        "categories": [],
        "bias": null
    },
    "rating": null,
    "crawled": "2025-04-03T00:26:17.045+03:00",
    "updated": "2025-04-03T07:02:16.125+03:00"
}