{
    "thread": {
        "uuid": "1fee976566acced975bf72d6bdb13f9514a8790d",
        "url": "https://www.mcall.com/2025/04/02/josh-shapiro-trump-tariffs-bethlehem-brew-works",
        "site_full": "www.mcall.com",
        "site": "mcall.com",
        "site_section": "https://news.google.com/search?q=during%20when%3A1h&hl=en-US&gl=US&ceid=US%3Aen",
        "site_categories": [
            "media",
            "tech",
            "3d_graphics"
        ],
        "section_title": "Google News - Search",
        "site_title": "Morning Call - Lehigh Valley & Allentown PA News, Sports, Weather, Business & Things to Do",
        "title": "Josh Shapiro blasts Trump tariffs in visit to Lehigh Valley brewery",
        "title_full": "Josh Shapiro blasts Trump tariffs in visit to Lehigh Valley brewery",
        "published": "2025-04-03T00:06:00.000+03:00",
        "replies_count": 0,
        "participants_count": 1,
        "site_type": "news",
        "country": "US",
        "main_image": "https://www.mcall.com/wp-content/uploads/2025/04/TMC-L-shapirobrewworks-01-1.jpg?w=1024&amp;h=768",
        "performance_score": 0,
        "domain_rank": 4784,
        "domain_rank_updated": "2025-04-01T00:00:00.000+03:00",
        "licensing_agency": [],
        "social": {
            "facebook": {
                "likes": 0,
                "comments": 0,
                "shares": 0
            },
            "vk": {
                "shares": 0
            }
        }
    },
    "uuid": "1fee976566acced975bf72d6bdb13f9514a8790d",
    "url": "https://www.mcall.com/2025/04/02/josh-shapiro-trump-tariffs-bethlehem-brew-works",
    "ord_in_thread": 0,
    "author": "Evan Jones",
    "published": "2025-04-03T00:06:00.000+03:00",
    "title": "Josh Shapiro blasts Trump tariffs in visit to Lehigh Valley brewery",
    "text": "Beau Baden describes his business, Sherman Street Beer Co. , as a “mom and pop” operation. Like many small-business owners in the Lehigh Valley and beyond, he’s concerned about the potential fallout from tariffs being imposed by the Trump administration and retaliatory ones from trading partners such as Canada.\n“Myself and my wife run it day to day, and we’ve built a great community over there in our neighborhood,” Baden said of the brewery and pub in east Allentown. “We’ve been in business for four years. We’ve navigated plenty of chapters over the years. We’re facing a new hurdle with the tariffs.”\nGov. Josh Shapiro was at Bethlehem Brew Works on Wednesday afternoon to hear from local craft brewers, including Baden and Brew Works owner Jeff Fegley, about how the tariffs could hurt the bottom line. Earlier in the day, the Trump administration announced the United States will implement a 25% tariff on all imported canned beer and empty aluminum cans, which are used by a majority of craft brewers, starting Friday.\nAround the same time as Shapiro’s appearance in Bethlehem, President Donald Trump announced a sweeping set of additional tariffs during an address from the White House Rose Garden. Trump has made the tariffs a centerpiece of his administration, saying they are necessary to reverse trade deficits and promote U.S. manufacturing.\nSherman Street Beer Co. owner Beau Baden speaks to the media about how tariffs could affect Pennsylvania’s craft beer industry. He is joined, from left, state Rep. Steve Samuelson, D-Northampton, Bethlehem Brew Works owner Jeff Fegley, Bethlehem Mayor J. William Reynolds, Gov. Josh Shapiro and state Sen. Lisa Boscola, D-Northampton. (Evan Jones/The Morning Call) Critics, however, warn the tariffs risk raising prices and starting a larger trade war.\n“This is not hard to understand,” said Shapiro, who is considered a front-runner among Democrats in the next presidential race in 2028. “You do not need a degree of economics in order to make sense of what is about to occur. A tariff is a tax, and it increases the price for consumers and for businesses.”\nSherman Street Beer Co. opened in the midst of the COVID pandemic, but Baden, who co-owns the brewery and pub with Casey Decia, is entering uncharted territory as costs for supplies such as malt, barley, cans and other equipment could go up. He may be forced to pass those costs to customers.\n“Our suppliers are going to be passing on the cost of them to us,” Baden said. “Cans are a big portion of our business. So we’ve got to figure out what we’re going to be doing to offset that. It’s either we eat the money on our end … we’re a small business where profit margins are very tiny. So we have to figure we have to pass on the consumer who is also price sensitive.\n“Right now, it’s a big, big, difficult decision to make,” he said.\nFegley, who opened the Brew Works in 1998 at the corner of Main and West Broad streets and runs it with his family, said the new trade policies are “a big unknown” for small businesses.\n“We have ingredients that come from Canada and other things that are sourced that potentially are going to be increasing overnight,” Fegley said.\nShapiro, who is touring the state to visit small businesses that could be affected by tariffs, said “Main Street” businesses are going to be hurt the most by a trade war. According to the Brewers Association, Pennsylvania is the second-largest producer in the U.S. with more than 500 breweries adding $5.4 billion to the state economy.\n“Unfortunately, costs are going up because of decisions in Washington,” Shapiro said. “It’s not the folks here at Fegley’s fault, it’s Donald Trump’s fault. We’re going to do everything we can in Pennsylvania to continue to invest in our main streets, our businesses, and push back on this policy coming out of Washington, and meet this disastrous, reckless policy with more common sense here in the commonwealth.”\nState Sen. Lisa Boscola, D-Northampton, said consumers are already worried about rising prices, and many will likely cut back on such items as craft beer.\n“The craft brewery industry has had a tremendous and positive impact on our communities across the commonwealth and today the Lehigh Valley is home to over 20 craft breweries,” Boscola said. “However, like so many of the restaurants and taverns, craft breweries are still attempting to recover from the pandemic, and now we’re adding tariffs on top.”\nMorning Call reporter Evan Jones can be reached at ejones@mcall.com.",
    "highlightText": "",
    "highlightTitle": "",
    "highlightThreadTitle": "",
    "language": "english",
    "sentiment": "negative",
    "categories": [
        "Politics",
        "Economy, Business and Finance",
        "Social Issue"
    ],
    "topics": [
        "Politics->political campaigns",
        "Politics->political candidates",
        "Politics->economic policy",
        "Economy, Business and Finance->business strategy and marketing",
        "Social Issue->social condition"
    ],
    "ai_allow": true,
    "has_canonical": false,
    "breaking": true,
    "webz_reporter": false,
    "external_links": [
        "https://thebrewworks.com/",
        "https://www.reuters.com/business/trump-administration-adds-beer-can-imports-25-us-aluminum-tariffs-2025-04-02/",
        "https://secure.gravatar.com/avatar/df3ae0465f3b2a34b9a2fee7076323f4?s=170&d=mm&r=g",
        "https://capi.connatix.com/tr/si?token=fd839fb9-749e-4129-9db8-df6ebf8d885d&cid=38d5daa3-18ac-4ee1-a905-373c67622f25",
        "https://secure.gravatar.com/avatar/df3ae0465f3b2a34b9a2fee7076323f4?s=85&d=mm&r=g",
        "https://www.secure.gravatar.com/avatar/df3ae0465f3b2a34b9a2fee7076323f4?s=85&d=mm&r=g",
        "https://www.secure.gravatar.com/avatar/df3ae0465f3b2a34b9a2fee7076323f4?s=170&d=mm&r=g",
        "https://www.thebrewworks.com/",
        "https://www.capi.connatix.com/tr/si?token=fd839fb9-749e-4129-9db8-df6ebf8d885d&cid=38d5daa3-18ac-4ee1-a905-373c67622f25",
        "https://secure.gravatar.com/avatar/df3ae0465f3b2a34b9a2fee7076323f4",
        "https://reuters.com/business/trump-administration-adds-beer-can-imports-25-us-aluminum-tariffs-2025-04-02/",
        "https://capi.connatix.com/tr/si",
        "https://www.reuters.com/business/trump-administration-adds-beer-can-imports-25-us-aluminum-tariffs-2025-04-02",
        "https://thebrewworks.com"
    ],
    "entities": {
        "persons": [
            {
                "name": "Casey Decia",
                "sentiment": "negative"
            },
            {
                "name": "Josh Shapiro",
                "sentiment": "neutral"
            },
            {
                "name": "Jeff Fegley",
                "sentiment": "neutral"
            },
            {
                "name": "Evan Jones",
                "sentiment": "neutral"
            },
            {
                "name": "Beau Baden",
                "sentiment": "neutral"
            },
            {
                "name": "Donald Trump",
                "sentiment": "neutral"
            },
            {
                "name": "Steve Samuelson",
                "sentiment": "neutral"
            },
            {
                "name": "J. William Reynolds",
                "sentiment": "neutral"
            },
            {
                "name": "Lisa Boscola",
                "sentiment": "neutral"
            },
            {
                "name": "Ryan Mackenzie",
                "sentiment": "neutral"
            }
        ],
        "locations": [
            {
                "name": "U.S.",
                "sentiment": "positive"
            },
            {
                "name": "Canada",
                "sentiment": "negative"
            },
            {
                "name": "Bethlehem",
                "sentiment": "neutral"
            },
            {
                "name": "Pa.",
                "sentiment": "neutral"
            },
            {
                "name": "the Lehigh Valley",
                "sentiment": "neutral"
            },
            {
                "name": "Baden",
                "sentiment": "neutral"
            },
            {
                "name": "Allentown",
                "sentiment": "neutral"
            },
            {
                "name": "Pennsylvania",
                "sentiment": "neutral"
            },
            {
                "name": "Washington",
                "sentiment": "neutral"
            },
            {
                "name": "Lehigh County",
                "sentiment": "neutral"
            }
        ],
        "organizations": [
            {
                "name": "the Brewers Association",
                "sentiment": "positive",
                "tickers": []
            },
            {
                "name": "Trump",
                "sentiment": "negative",
                "tickers": []
            },
            {
                "name": "Sherman Street Beer Co.",
                "sentiment": "negative",
                "tickers": []
            },
            {
                "name": "Fegley",
                "sentiment": "neutral",
                "tickers": []
            },
            {
                "name": "Bethlehem Brew Works",
                "sentiment": "neutral",
                "tickers": []
            },
            {
                "name": "Commonwealth",
                "sentiment": "neutral",
                "tickers": []
            },
            {
                "name": "State",
                "sentiment": "neutral",
                "tickers": []
            },
            {
                "name": "Boscola",
                "sentiment": "neutral",
                "tickers": []
            },
            {
                "name": "D-Northampton",
                "sentiment": "neutral",
                "tickers": []
            },
            {
                "name": "Bethlehem Area",
                "sentiment": "neutral",
                "tickers": []
            },
            {
                "name": "Liberty",
                "sentiment": "neutral",
                "tickers": []
            },
            {
                "name": "Pa. Lottery",
                "sentiment": "neutral",
                "tickers": []
            },
            {
                "name": "GOP",
                "sentiment": "neutral",
                "tickers": []
            },
            {
                "name": "Congress",
                "sentiment": "neutral",
                "tickers": []
            }
        ]
    },
    "syndication": {
        "syndicated": false,
        "syndicate_id": null,
        "first_syndicated": false
    },
    "trust": {
        "categories": [],
        "bias": null
    },
    "rating": null,
    "crawled": "2025-04-03T00:25:52.518+03:00",
    "updated": "2025-04-03T10:13:00.451+03:00"
}