{
    "thread": {
        "uuid": "9bbe1fca5c02ebbdcf9137f298ab1cb641a1cafa",
        "url": "https://flipboard.com/topic/montrealcrime/-/a--IgCI9QJQiO4VKrq0zAs5Q%3Aa%3A3765800918-%2F0",
        "site_full": "flipboard.com",
        "site": "flipboard.com",
        "site_section": "https://flipboard.com/topic/montrealcrime",
        "site_categories": [
            "family_and_parenting",
            "eldercare"
        ],
        "section_title": "Discover More in Montreal Crime on Flipboard",
        "site_title": "Flipboard: Your Social Magazine",
        "title": "Downtown Vancouver restaurant and coffee shop owing $40,000 in unpaid rent closes | Flipboard",
        "title_full": "Downtown Vancouver restaurant and coffee shop owing $40,000 in unpaid rent closes | Flipboard",
        "published": "2025-04-03T00:10:00.000+03:00",
        "replies_count": 0,
        "participants_count": 1,
        "site_type": "news",
        "country": "US",
        "main_image": "https://ic-cdn.flipboard.com/dailyhive.com/6baae91fd86e9080cd5eefc7a3ca2530609cbd59/_medium.jpeg",
        "performance_score": 0,
        "domain_rank": 1228,
        "domain_rank_updated": "2025-04-01T00:00:00.000+03:00",
        "licensing_agency": [],
        "social": {
            "facebook": {
                "likes": 0,
                "comments": 0,
                "shares": 0
            },
            "vk": {
                "shares": 0
            }
        }
    },
    "uuid": "9bbe1fca5c02ebbdcf9137f298ab1cb641a1cafa",
    "url": "https://flipboard.com/topic/montrealcrime/-/a--IgCI9QJQiO4VKrq0zAs5Q%3Aa%3A3765800918-%2F0",
    "ord_in_thread": 0,
    "author": "dailyhive.com - Marco Ovies",
    "published": "2025-04-03T00:10:00.000+03:00",
    "title": "Downtown Vancouver restaurant and coffee shop owing $40,000 in unpaid rent closes | Flipboard",
    "text": "Downtown Vancouver restaurant and coffee shop owing $40,000 in unpaid rent closes Unfortunately, we have another restaurant to add to the ever-growing list of closures in Vancouver. This time, the gluten-free restaurant and cafe …\ndailyhive.com - Marco Ovies • 28m",
    "highlightText": "",
    "highlightTitle": "",
    "highlightThreadTitle": "",
    "language": "english",
    "sentiment": "negative",
    "categories": [
        "Economy, Business and Finance",
        "Social Issue",
        "Lifestyle and Leisure"
    ],
    "topics": [
        "Economy, Business and Finance->business restructuring",
        "Economy, Business and Finance->consumer goods",
        "Economy, Business and Finance->financial and economic news",
        "Social Issue->communities",
        "Social Issue->poverty",
        "Social Issue->social condition",
        "Lifestyle and Leisure->lifestyle"
    ],
    "ai_allow": true,
    "has_canonical": false,
    "breaking": false,
    "webz_reporter": false,
    "external_links": [],
    "entities": {
        "persons": [],
        "locations": [
            {
                "name": "Downtown Vancouver",
                "sentiment": "negative"
            }
        ],
        "organizations": []
    },
    "syndication": {
        "syndicated": false,
        "syndicate_id": null,
        "first_syndicated": false
    },
    "trust": {
        "categories": [],
        "bias": null
    },
    "rating": null,
    "crawled": "2025-04-03T00:42:23.964+03:00",
    "updated": "2025-04-03T00:42:23.964+03:00"
}