{
    "thread": {
        "uuid": "b4244453afb8edd670e10414a4333f536c306e52",
        "url": "https://seekingalpha.com/news/4404789-camden-property-trust-q4-earnings-beat-2025-guidance-midpoint-lags-consensus",
        "site_full": "seekingalpha.com",
        "site": "seekingalpha.com",
        "site_section": "https://markets.businessinsider.com/news",
        "site_categories": [
            "investing",
            "financial_news",
            "finance",
            "mutual_funds"
        ],
        "section_title": "News | Financial and Business News | Markets Insider",
        "title": "Camden Property Trust Q4 earnings beat; 2025 guidance midpoint lags consensus",
        "title_full": "Camden Property Trust Q4 earnings beat; 2025 guidance midpoint lags consensus",
        "published": "2025-02-07T00:07:00.000+02:00",
        "replies_count": 0,
        "participants_count": 1,
        "site_type": "news",
        "country": "US",
        "main_image": "https://static.seekingalpha.com/cdn/s3/uploads/getty_images/2076934092/image_2076934092.jpg?io=getty-c-w750",
        "performance_score": 0,
        "domain_rank": 1131,
        "domain_rank_updated": "2025-02-03T23:00:00.000+02:00",
        "social": {
            "facebook": {
                "likes": 0,
                "comments": 0,
                "shares": 0
            },
            "vk": {
                "shares": 0
            }
        }
    },
    "uuid": "b4244453afb8edd670e10414a4333f536c306e52",
    "url": "https://seekingalpha.com/news/4404789-camden-property-trust-q4-earnings-beat-2025-guidance-midpoint-lags-consensus",
    "ord_in_thread": 0,
    "parent_url": null,
    "author": "Liz Kiesche",
    "published": "2025-02-07T00:07:00.000+02:00",
    "title": "Camden Property Trust Q4 earnings beat; 2025 guidance midpoint lags consensus",
    "text": "Camden Property Trust (NYSE:CPT) stock slipped in Thursday after-hours trading after its 2025 FFO guidance midpoint came in below the Wall Street consensus. Q4 earnings and revenue beat both topped consensus even as rents decreased during the quarter.\nThe apartment",
    "highlightText": "",
    "highlightTitle": "",
    "highlightThreadTitle": "",
    "language": "english",
    "sentiment": "negative",
    "categories": [
        "Economy, Business and Finance",
        "Human Interest"
    ],
    "topics": [
        "Economy, Business and Finance->business reporting and performance",
        "Economy, Business and Finance->financial service",
        "Human Interest->record and achievement"
    ],
    "ai_allow": true,
    "has_canonical": false,
    "breaking": false,
    "webz_reporter": false,
    "external_links": [],
    "external_images": [],
    "entities": {
        "persons": [],
        "organizations": [],
        "locations": []
    },
    "syndication": {
        "syndicated": false,
        "syndicate_id": null,
        "first_syndicated": false
    },
    "trust": null,
    "rating": null,
    "crawled": "2025-02-07T00:26:45.689+02:00",
    "updated": "2025-02-07T00:26:45.689+02:00"
}