{
    "thread": {
        "uuid": "f5306968b8671e2c517a6c1d90ed07621318c1cb",
        "url": "https://www.theadvocate.com/baton_rouge/news/environment/louisiana-fishing-flounder-cuisine-seafood-outdoors-environment-coast/article_0cfe2509-79ac-5144-858c-bcfc4db03f03.html",
        "site_full": "www.theadvocate.com",
        "site": "theadvocate.com",
        "site_section": "https://world.einnews.com/ajax/headlines",
        "site_categories": [
            "media"
        ],
        "section_title": "",
        "title": "Louisiana flounder still overfished. Is a turnaround ahead? | Environment | theadvocate.com",
        "title_full": "Louisiana flounder still overfished. Is a turnaround ahead? | Environment | theadvocate.com",
        "published": "2025-02-06T22:20:00.000+02:00",
        "replies_count": 0,
        "participants_count": 1,
        "site_type": "news",
        "country": "US",
        "main_image": "https://bloximages.newyork1.vip.townnews.com/theadvocate.com/content/tncms/assets/v3/editorial/2/53/25325987-a019-52c0-abf6-f490b4e7e270/6585ead843c00.image.jpg?crop=1763%2C926%2C0%2C125&amp;resize=1200%2C630&amp;order=crop%2Cresize",
        "performance_score": 0,
        "domain_rank": 5158,
        "domain_rank_updated": "2025-02-03T23:00:00.000+02:00",
        "social": {
            "facebook": {
                "likes": 0,
                "comments": 0,
                "shares": 0
            },
            "vk": {
                "shares": 0
            }
        }
    },
    "uuid": "f5306968b8671e2c517a6c1d90ed07621318c1cb",
    "url": "https://www.theadvocate.com/baton_rouge/news/environment/louisiana-fishing-flounder-cuisine-seafood-outdoors-environment-coast/article_0cfe2509-79ac-5144-858c-bcfc4db03f03.html",
    "ord_in_thread": 0,
    "parent_url": null,
    "author": "Mike Smith",
    "published": "2025-02-06T22:20:00.000+02:00",
    "title": "Louisiana flounder still overfished. Is a turnaround ahead? | Environment | theadvocate.com",
    "text": "Louisiana's flounder population remains overfished, new data shows. Is a turnaround ahead? Feb 6, 2025 Feb 6, 2025 Updated 16 mins ago 2 min to read The species most often caught by Louisiana anglers is the southern flounder. Its range is from North Carolina to the Yucatan Peninsula.\nFacebook Twitter WhatsApp SMS Email Print Copy article link Save Louisiana's troubled flounder population remains overfished and a recently implemented closed season should stay in place to help address the problem, a new state assessment shows, though there are encouraging signs raising hopes for an improvement.\nThe local decline in southern flounder, long a dinnertime favorite in south Louisiana , is part of a trend across the Gulf and southern Atlantic, with a myriad of factors driving it. Those include a loss of habitat due to coastal erosion and warmer waters, partly attributable to climate change and which can cause more of the fish to become male.\nThe state Department of Wildlife and Fisheries carries out a comprehensive assessment of the flounder population every five years. A summary of the results of the new assessment was provided to the commission overseeing the department on Thursday, with the full 129-page technical report to be released to the public when it is handed over to the state Legislature in the days ahead.\nWhole stuffed flounder is a specialty at Fury's Restaurant in Metairie, where old school styles persist through change. (Photo by Chris Granger, The Times-Picayune)\n(Photo by Chris Granger The Times-Picayune) It relies on data through 2023, collected through a combination of sampling, surveys and lab analysis.\nThe bottom line is that flounder numbers remain well under the target rate, the assessment found, and slightly below what is considered the lower limit necessary for a sustainable population. Catch numbers have declined from more than 300,000 pounds per year before 2017 to more recent lows of around 100,000.\n'A slight uptick' The previous assessment in 2020 showed catches were their lowest on record for 2017 and 2018. Exact figures were not yet available from the new assessment, but the numbers through 2023 appear to show continued declines for both commercial and recreational anglers.\nIn response to the previous assessment, the state in 2022 opted to close flounder fishing annually between Oct. 15 and Nov. 30 -- prime spawning season for the spotted flatfish. The department's biologists are recommending that remain in place for now.\nThe good news is it appears catch numbers somewhat increased in 2024, said Jason Adriance, the department's finfish program manager. That would match up with anecdotal observations from anglers, with many reporting catching more flounder than in recent years.\nBrian Latimer caught this doormat flounder during a Saturday trip to the Southwest Pass rocks. (Photo by Todd Masson, NOLA.com | The Times-Picayune)\nIt is unclear if that trend will continue or if temporary factors, including high salinity inshore due to low rivers the last few years, are driving it.\n\"We have had a slight uptick in landings in 2024,\" Adriance told the commission. \"We have had some decent recruitment (fish reaching adult age). We're just not over that limit yet.\"\nSheepshead, black drum swimming along The number that continues to concern biologists is a metric called spawning potential ratio, which in part compares the flounder population against what it would be if there were no fishing. That number is 31% in the new assessment, one percentage point below what is considered the lower limit but well under the target of 46%.\nThe flounder's troubles coincide with concern over other popular species, including speckled trout and redfish. Limits on both of those were tightened recently in an effort to restore their populations, also afflicted by habitat declines due to Louisiana's land loss crisis and other factors.\nSpeckled trout regulations changed in November 2023 from a 12-inch size minimum to 13 inches, and a maximum size of 20 inches, with two fish allowed above that. The daily limit of total fish was reduced from 25 to 15 per person.\nIn June, redfish regulations were altered to include a minimum size of 18 inches and maximum of 27 inches. The daily total per person was reduced from five to four fish.\nFor flounder, a catch limit of 10 per day is in effect with no minimum size limit.\nThere was good news on Thursday for other species, including black drum and sheepshead. New assessments found neither of those species overfished, though with a word of caution on black drum, which is expected to fall below targets in the years ahead and may require regulation changes.\nBoth black drum and sheepshead are also popular among recreational anglers in Louisiana, though less so than trout and redfish.\nEmail Mike Smith at msmith@theadvocate.com or follow him on Twitter, @MikeJSmith504 . His work is supported with a grant from the Walton Family Foundation, administered by the Baton Rouge Area Foundation.\nFacebook Twitter WhatsApp SMS Email Print Copy article link Save Tags Mike Smith Author email Follow Mike Smith Close Get email notifications on {{subject}} daily! Your notification has been saved. There was a problem saving your notification. {{description}}\nEmail notifications are only sent once a day, and only if there are new matching items.\nSave Manage followed notifications Close Followed notifications Please log in to use this feature Log In Don't have an account? Sign Up Today",
    "highlightText": "",
    "highlightTitle": "",
    "highlightThreadTitle": "",
    "language": "english",
    "sentiment": "negative",
    "categories": [
        "Environment",
        "Economy, Business and Finance",
        "Social Issue"
    ],
    "topics": [
        "Environment->natural resources",
        "Environment->endangered species",
        "Environment->nature",
        "Economy, Business and Finance->economy",
        "Social Issue->population and census",
        "Social Issue->demographics"
    ],
    "ai_allow": false,
    "has_canonical": true,
    "breaking": false,
    "webz_reporter": false,
    "external_links": [
        "https://www.facebook.com/sharer/sharer.php?u=https%3A%2F%2Fwww.theadvocate.com%2Fbaton_rouge%2Fnews%2Fenvironment%2Flouisiana-fishing-flounder-cuisine-seafood-outdoors-environment-coast%2Farticle_0cfe2509-79ac-5144-858c-bcfc4db03f03.html%3Futm_medium%3Dsocial%26utm_source%3Dfacebook%26utm_campaign%3Duser-share",
        "https://subscribe.nola.com/digitalplan?ofrgp_id=322&g2i_source=hardwalladblocker&requestUrl=${encodedRequestUrl}`;",
        "https://www.nola.com/news/environment/climate-change-may-further-hurt-troubled-flounder-population/article_552bb484-a0f6-11ee-8c14-cb0469e2f70d.html",
        "https://www.nola.com/following-the-flounder-why-this-new-orleans-seafood-classic-enjoys-a-cult-following-bones-and/article_04a9c082-600d-5f29-8f1f-89d5b33fbe2f.html",
        "https://twitter.com/intent/tweet?&text=Louisiana%27s%20flounder%20population%20remains%20overfished%2C%20new%20data%20shows.%20Is%20a%20turnaround%20ahead%3F&via=theadvocatebr&url=https%3A%2F%2Fwww.theadvocate.com%2Fbaton_rouge%2Fnews%2Fenvironment%2Flouisiana-fishing-flounder-cuisine-seafood-outdoors-environment-coast%2Farticle_0cfe2509-79ac-5144-858c-bcfc4db03f03.html%3Futm_medium%3Dsocial%26utm_source%3Dtwitter%26utm_campaign%3Duser-share",
        "https://twitter.com/mikejsmith504",
        "http://NOLA.com",
        "https://wa.me/?text=https://www.theadvocate.com/baton_rouge/news/environment/louisiana-fishing-flounder-cuisine-seafood-outdoors-environment-coast/article_0cfe2509-79ac-5144-858c-bcfc4db03f03.html",
        "https://nola.com/news/environment/climate-change-may-further-hurt-troubled-flounder-population/article_552bb484-a0f6-11ee-8c14-cb0469e2f70d.html",
        "https://facebook.com/sharer/sharer.php?u=https%3A%2F%2Fwww.theadvocate.com%2Fbaton_rouge%2Fnews%2Fenvironment%2Flouisiana-fishing-flounder-cuisine-seafood-outdoors-environment-coast%2Farticle_0cfe2509-79ac-5144-858c-bcfc4db03f03.html%3Futm_medium%3Dsocial%26utm_source%3Dfacebook%26utm_campaign%3Duser-share",
        "https://wa.me/?text=https://theadvocate.com/baton_rouge/news/environment/louisiana-fishing-flounder-cuisine-seafood-outdoors-environment-coast/article_0cfe2509-79ac-5144-858c-bcfc4db03f03.html",
        "https://www.subscribe.nola.com/digitalplan?ofrgp_id=322&g2i_source=hardwalladblocker&requestUrl=${encodedRequestUrl}`;",
        "https://nola.com/following-the-flounder-why-this-new-orleans-seafood-classic-enjoys-a-cult-following-bones-and/article_04a9c082-600d-5f29-8f1f-89d5b33fbe2f.html",
        "https://subscribe.nola.com/digitalplan",
        "https://wa.me/",
        "https://www.facebook.com/sharer/sharer.php",
        "http://www.NOLA.com",
        "https://www.twitter.com/mikejsmith504",
        "https://www.twitter.com/intent/tweet?&text=Louisiana%27s%20flounder%20population%20remains%20overfished%2C%20new%20data%20shows.%20Is%20a%20turnaround%20ahead%3F&via=theadvocatebr&url=https%3A%2F%2Fwww.theadvocate.com%2Fbaton_rouge%2Fnews%2Fenvironment%2Flouisiana-fishing-flounder-cuisine-seafood-outdoors-environment-coast%2Farticle_0cfe2509-79ac-5144-858c-bcfc4db03f03.html%3Futm_medium%3Dsocial%26utm_source%3Dtwitter%26utm_campaign%3Duser-share",
        "https://twitter.com/intent/tweet"
    ],
    "external_images": [],
    "entities": {
        "persons": [],
        "organizations": [
            {
                "name": "Facebook Twitter",
                "sentiment": "none"
            }
        ],
        "locations": [
            {
                "name": "Yucatan Peninsula",
                "sentiment": "none"
            },
            {
                "name": "Atlantic",
                "sentiment": "none"
            }
        ]
    },
    "syndication": {
        "syndicated": false,
        "syndicate_id": "f5306968b8671e2c517a6c1d90ed07621318c1cb",
        "first_syndicated": true
    },
    "trust": null,
    "rating": null,
    "crawled": "2025-02-07T00:15:22.939+02:00",
    "updated": "2025-02-07T00:32:14.834+02:00"
}