{
    "thread": {
        "uuid": "890488d577f6ecaf994c979848ed03991c27ff71",
        "url": "https://www.thetimes.com/sport/football/article/pfa-threatens-premier-league-with-legal-action-over-financial-rules-plan-wcj6b2vcs",
        "site_full": "www.thetimes.com",
        "site": "thetimes.com",
        "site_section": "https://www.thetimes.com",
        "site_categories": [],
        "section_title": "The Times &amp; The Sunday Times: breaking news &amp; today's latest headlines",
        "title": "PFA threatens Premier League with legal action over financial rules plan",
        "title_full": "PFA threatens Premier League with legal action over financial rules plan",
        "published": "2025-02-07T00:00:00.000+02:00",
        "replies_count": 0,
        "participants_count": 1,
        "site_type": "news",
        "country": "GB",
        "main_image": "https://www.thetimes.com/imageserver/image/%2Fde388417-8f13-4cf0-a003-9b3b07b9e6b2.jpg?crop=5405%2C3040%2C0%2C304&resize=1200",
        "performance_score": 0,
        "domain_rank": 2214,
        "domain_rank_updated": "2025-02-03T23:00:00.000+02:00",
        "social": {
            "facebook": {
                "likes": 0,
                "comments": 0,
                "shares": 0
            },
            "vk": {
                "shares": 0
            }
        }
    },
    "uuid": "890488d577f6ecaf994c979848ed03991c27ff71",
    "url": "https://www.thetimes.com/sport/football/article/pfa-threatens-premier-league-with-legal-action-over-financial-rules-plan-wcj6b2vcs",
    "ord_in_thread": 0,
    "parent_url": null,
    "author": "Martyn Ziegler, Chief Sports Reporter",
    "published": "2025-02-07T00:00:00.000+02:00",
    "title": "PFA threatens Premier League with legal action over financial rules plan",
    "text": "The Premier League’s plan to bring in new financial rules has been threatened with legal action by the PFA.\nThe players’ union has sent a legal letter to the Premier League and the 20 member clubs accusing it of deliberately withholding information about the proposed new rules and being in “flagrant breach” of an agreement that the PFA must be consulted on matters that impact players’ pay and conditions.\nThe Times revealed in January that the PFA was drawing up plans to oppose the new rules and it has now sent a legal letter via its lawyers Mills & Reeve saying it has “fundamental concerns”. The letter warns that if clubs vote through proposals to adopt two new cost-control systems — squad cost rules (SCR)",
    "highlightText": "",
    "highlightTitle": "",
    "highlightThreadTitle": "",
    "language": "english",
    "sentiment": "negative",
    "categories": [
        "Economy, Business and Finance",
        "Politics",
        "Social Issue"
    ],
    "topics": [
        "Economy, Business and Finance->business governance",
        "Economy, Business and Finance->financial service",
        "Politics->regulatory authority",
        "Politics->government",
        "Politics->sports policies",
        "Social Issue->social problem",
        "Social Issue->discrimination",
        "Social Issue->demographics"
    ],
    "ai_allow": true,
    "has_canonical": false,
    "breaking": false,
    "webz_reporter": false,
    "external_links": [],
    "external_images": [],
    "entities": {
        "persons": [],
        "organizations": [],
        "locations": []
    },
    "syndication": {
        "syndicated": false,
        "syndicate_id": null,
        "first_syndicated": false
    },
    "trust": null,
    "rating": null,
    "crawled": "2025-02-07T00:39:31.200+02:00",
    "updated": "2025-02-07T00:39:31.200+02:00"
}