{
    "thread": {
        "uuid": "648de9e7c49a5d184c165ac8eaf9936111eec72e",
        "url": "https://america.easybranches.com/maine/18699554",
        "site_full": "america.easybranches.com",
        "site": "easybranches.com",
        "site_section": "https://america.easybranches.com",
        "site_categories": [],
        "section_title": "America news last minute video articles headlines",
        "title": "U.S. cannabis shoppers face market flush with illegal weed",
        "title_full": "U.S. cannabis shoppers face market flush with illegal weed",
        "published": "2025-02-06T02:00:00.000+02:00",
        "replies_count": 0,
        "participants_count": 0,
        "site_type": "news",
        "country": "GB",
        "main_image": "https://america.easybranches.com/uploads/news/2025/02/18699554.jpg",
        "performance_score": 0,
        "domain_rank": 119027,
        "domain_rank_updated": "2025-02-03T23:00:00.000+02:00",
        "social": {
            "facebook": {
                "likes": 0,
                "comments": 0,
                "shares": 0
            },
            "vk": {
                "shares": 0
            }
        }
    },
    "uuid": "648de9e7c49a5d184c165ac8eaf9936111eec72e",
    "url": "https://america.easybranches.com/maine/18699554",
    "ord_in_thread": 0,
    "parent_url": null,
    "author": null,
    "published": "2025-02-06T02:00:00.000+02:00",
    "title": "U.S. cannabis shoppers face market flush with illegal weed",
    "text": "In much of the U.S., illegal cannabis outcompetes legal weed sold in licensed shops. For consumers, it can be difficult to find regulated cannabis — but there are tips on how to do that.\nBy: NPR Feb 06 2025 7 353 Views U.S. cannabis shoppers face ma FAIRFIELD, Calif. On a crisp winter morning last month, Sgt. Erin McAtee watched as members of his team with the California Department of Cannabis Control executed a search warrant at a home in Fairf… [+6906 chars]",
    "highlightText": "",
    "highlightTitle": "",
    "highlightThreadTitle": "",
    "language": "english",
    "sentiment": "negative",
    "categories": [
        "Economy, Business and Finance"
    ],
    "topics": [
        "Economy, Business and Finance->market and exchange",
        "Economy, Business and Finance->business strategy and marketing",
        "Economy, Business and Finance->financial service"
    ],
    "ai_allow": true,
    "has_canonical": false,
    "breaking": false,
    "webz_reporter": false,
    "external_links": [
        "https://www.npr.org/2025/02/05/nx-s1-5173866/cannabis-market-illegal-weed-consumers",
        "https://npr.org/2025/02/05/nx-s1-5173866/cannabis-market-illegal-weed-consumers"
    ],
    "external_images": [],
    "entities": {
        "persons": [
            {
                "name": "Erin McAtee",
                "sentiment": "none"
            }
        ],
        "organizations": [
            {
                "name": "California Department of Cannabis Control",
                "sentiment": "none"
            },
            {
                "name": "NPR",
                "sentiment": "none"
            }
        ],
        "locations": []
    },
    "syndication": {
        "syndicated": false,
        "syndicate_id": null,
        "first_syndicated": false
    },
    "trust": null,
    "rating": null,
    "crawled": "2025-02-07T00:29:41.075+02:00",
    "updated": "2025-02-07T00:29:41.075+02:00"
}