{
    "thread": {
        "uuid": "c542f0f0c91ae8bebb4da4c52aa4fde0a8fcf73b",
        "url": "http://business.dailytimesleader.com/dailytimesleader/article/bizwire-2025-2-6-shareholder-alert-ademi-and-fruchter-llp-investigates-whether-acelyrin-inc-is-obtaining-a-fair-price-for-its-public-shareholders",
        "site_full": "business.dailytimesleader.com",
        "site": "dailytimesleader.com",
        "site_section": "http://business.dailytimesleader.com/dailytimesleader/markets/news",
        "site_categories": [],
        "section_title": "Stock Market News | NSDQ, NYSE, and AMEX Stock Market News, Market News Categories, Market Indicators | User | dailytimesleader.com ",
        "title": "Shareholder Alert: Ademi & Fruchter LLP investigates whether ACELYRIN, INC. is obtaining a Fair Price for its Public Shareholders | User | dailytimesleader.com",
        "title_full": "Shareholder Alert: Ademi & Fruchter LLP investigates whether ACELYRIN, INC. is obtaining a Fair Price for its Public Shareholders | User | dailytimesleader.com",
        "published": "2025-02-06T02:00:00.000+02:00",
        "replies_count": 0,
        "participants_count": 1,
        "site_type": "news",
        "country": "US",
        "main_image": "",
        "performance_score": 0,
        "domain_rank": 127482,
        "domain_rank_updated": "2025-02-03T23:00:00.000+02:00",
        "social": {
            "facebook": {
                "likes": 0,
                "comments": 0,
                "shares": 0
            },
            "vk": {
                "shares": 0
            }
        }
    },
    "uuid": "c542f0f0c91ae8bebb4da4c52aa4fde0a8fcf73b",
    "url": "http://business.dailytimesleader.com/dailytimesleader/article/bizwire-2025-2-6-shareholder-alert-ademi-and-fruchter-llp-investigates-whether-acelyrin-inc-is-obtaining-a-fair-price-for-its-public-shareholders",
    "ord_in_thread": 0,
    "parent_url": null,
    "author": "Daily Times Leader",
    "published": "2025-02-06T02:00:00.000+02:00",
    "title": "Shareholder Alert: Ademi & Fruchter LLP investigates whether ACELYRIN, INC. is obtaining a Fair Price for its Public Shareholders | User | dailytimesleader.com",
    "text": "Ademi & Fruchter LLP is investigating ACELYRIN (Nasdaq: SLRN) for possible breaches of fiduciary duty and other violations of law in its transaction with Alumis .\nClick here to learn how to join our investigation and obtain additional information or contact us at gademi@ademilaw.com or toll-free: 866-264-3995. There is no cost or obligation to you.\nIn the transaction, ACELYRIN stockholders will receive only 0.4274 shares of Alumis common stock for each share of ACELYRIN common stock owned. Upon the close of the transaction, Alumis stockholders will own approximately 55% of the combined company and ACELYRIN stockholders will own approximately 45% of the combined company, on a fully diluted basis. ACELYRIN insiders will receive substantial benefits as part of change of control arrangements.\nThe transaction agreement unreasonably limits competing transactions for ACELYRIN by imposing a significant penalty if ACELYRIN accepts a competing bid. We are investigating the conduct of ACELYRIN’s board of directors, and whether they are fulfilling their fiduciary duties to all shareholders.\nWe specialize in shareholder litigation involving buyouts, mergers, and individual shareholder rights. For more information, please feel free to call us. Attorney advertising. Prior results do not guarantee similar outcomes.\nView source version on businesswire.com: https://www.businesswire.com/news/home/20250206599838/en/\nContacts Ademi & Fruchter LLP\nGuri Ademi\nToll Free: (866) 264-3995\nFax: (414) 482-8001\nStock Quote API & Stock News API supplied by www.cloudquote.io\nQuotes delayed at least 20 minutes.\nBy accessing this page, you agree to the following\nPrivacy Policy and Terms and Conditions .",
    "highlightText": "",
    "highlightTitle": "",
    "highlightThreadTitle": "",
    "language": "english",
    "sentiment": "negative",
    "categories": [
        "Economy, Business and Finance"
    ],
    "topics": [
        "Economy, Business and Finance->business governance"
    ],
    "ai_allow": true,
    "has_canonical": false,
    "breaking": false,
    "webz_reporter": false,
    "external_links": [
        "https://cts.businesswire.com/ct/CT?id=smartlink&url=https%3A%2F%2Fwww.ademilaw.com%2Fcase%2Facelyrin-inc&esheet=54201352&newsitemid=20250206599838&lan=en-US&anchor=here&index=1&md5=ffd39606738aadfe97a3853cffefad71",
        "https://www.businesswire.com/news/home/20250206599838/en/",
        "https://images.financialcontent.com/investcenter/fcon_dark.svg",
        "https://markets.financialcontent.com/stocks",
        "https://www.cloudquote.io",
        "https://www.googletagmanager.com/gtag/js?id=UA-8590502-3",
        "https://www.cloudquote.io/article/5",
        "https://www.cloudquote.io/article/6",
        "https://cts.businesswire.com/ct/CT?id=bwnews&sty=20250206599838r1&sid=fincn&distro=ftp",
        "https://www.googletagmanager.com/gtag/js",
        "https://cloudquote.io/article/5",
        "https://www.markets.financialcontent.com/stocks",
        "https://www.businesswire.com/news/home/20250206599838/en",
        "https://www.cts.businesswire.com/ct/CT?id=bwnews&sty=20250206599838r1&sid=fincn&distro=ftp",
        "https://cloudquote.io/article/6",
        "https://www.images.financialcontent.com/investcenter/fcon_dark.svg",
        "https://googletagmanager.com/gtag/js?id=UA-8590502-3",
        "https://www.cts.businesswire.com/ct/CT?id=smartlink&url=https%3A%2F%2Fwww.ademilaw.com%2Fcase%2Facelyrin-inc&esheet=54201352&newsitemid=20250206599838&lan=en-US&anchor=here&index=1&md5=ffd39606738aadfe97a3853cffefad71",
        "https://cloudquote.io",
        "https://cts.businesswire.com/ct/CT",
        "https://businesswire.com/news/home/20250206599838/en/"
    ],
    "external_images": [],
    "entities": {
        "persons": [],
        "organizations": [],
        "locations": []
    },
    "syndication": {
        "syndicated": false,
        "syndicate_id": null,
        "first_syndicated": false
    },
    "trust": null,
    "rating": null,
    "crawled": "2025-02-07T00:05:53.553+02:00",
    "updated": "2025-02-07T00:05:53.553+02:00"
}