{
    "thread": {
        "uuid": "090634c4deceef6974a7da68ffda0013736c55b5",
        "url": "https://www.bangkokpost.com/business/general/2955841/thai-imports-from-the-us-may-tick-up",
        "site_full": "www.bangkokpost.com",
        "site": "bangkokpost.com",
        "site_section": "https://news.google.com/search?q=up%20when%3a1h&hl=en-us&gl=us&ceid=us%3aen",
        "site_categories": [
            "media",
            "top_news_th",
            "top_news_sg",
            "top_news"
        ],
        "section_title": "Google News - Search",
        "title": "Thai imports from the US may tick up",
        "title_full": "Thai imports from the US may tick up",
        "published": "2025-02-07T00:35:58.766+02:00",
        "replies_count": 0,
        "participants_count": 1,
        "site_type": "news",
        "country": "TH",
        "main_image": "https://static.bangkokpost.com/media/content/dcx/2025/02/07/5459561_700.jpg",
        "performance_score": 0,
        "domain_rank": 2184,
        "domain_rank_updated": "2025-02-03T23:00:00.000+02:00",
        "social": {
            "facebook": {
                "likes": 0,
                "comments": 0,
                "shares": 0
            },
            "vk": {
                "shares": 0
            }
        }
    },
    "uuid": "090634c4deceef6974a7da68ffda0013736c55b5",
    "url": "https://www.bangkokpost.com/business/general/2955841/thai-imports-from-the-us-may-tick-up",
    "ord_in_thread": 0,
    "parent_url": null,
    "author": "Bangkok Post Public Company Limited",
    "published": "2025-02-07T00:35:58.766+02:00",
    "title": "Thai imports from the US may tick up",
    "text": "Thai exporters risk higher US tariffs, while the Thai government could face pressure to import more goods from the US to reduce its trade surplus with the country, according to the chief of Kasikorn Research Center (K-Research).",
    "highlightText": "",
    "highlightTitle": "",
    "highlightThreadTitle": "",
    "language": "english",
    "sentiment": "negative",
    "categories": [
        "Economy, Business and Finance",
        "Politics",
        "Social Issue"
    ],
    "topics": [
        "Economy, Business and Finance->foreign exchange market",
        "Economy, Business and Finance->business strategy and marketing",
        "Politics->international relations",
        "Politics->economic policy",
        "Social Issue->social condition",
        "Social Issue->emigration",
        "Social Issue->demographics"
    ],
    "ai_allow": true,
    "has_canonical": false,
    "breaking": false,
    "webz_reporter": false,
    "external_links": [],
    "external_images": [],
    "entities": {
        "persons": [
            {
                "name": "Burin Adulwattana",
                "sentiment": "none"
            }
        ],
        "organizations": [
            {
                "name": "Kasikorn Research Center",
                "sentiment": "none"
            }
        ],
        "locations": []
    },
    "syndication": {
        "syndicated": false,
        "syndicate_id": null,
        "first_syndicated": false
    },
    "trust": null,
    "rating": null,
    "crawled": "2025-02-07T00:35:58.766+02:00",
    "updated": "2025-02-07T09:48:02.695+02:00"
}