{
    "thread": {
        "uuid": "a748ae8fe1f4a6bcef7d65d48997280d14dcf981",
        "url": "https://coinfomania.com/solana-price-drop-alert-40-percent-crash-by-the-nest-week",
        "site_full": "coinfomania.com",
        "site": "coinfomania.com",
        "site_section": "https://www.coinfomania.com",
        "site_categories": [
            "finance"
        ],
        "section_title": "Coinfomania | Bitcoin, Ethereum, Crypto News &amp; Price",
        "title": "Solana Price Drop Alert- 40% Crash by The Nest Week?",
        "title_full": "Solana Price Drop Alert- 40% Crash by The Nest Week?",
        "published": "2025-02-06T20:08:00.000+02:00",
        "replies_count": 0,
        "participants_count": 1,
        "site_type": "news",
        "country": "US",
        "main_image": "https://coinfomania.com/wp-content/uploads/3d-rendering-financial-neon-bull-scaled.webp",
        "performance_score": 0,
        "domain_rank": 190908,
        "domain_rank_updated": "2025-02-03T23:00:00.000+02:00",
        "social": {
            "facebook": {
                "likes": 0,
                "comments": 0,
                "shares": 0
            },
            "vk": {
                "shares": 0
            }
        }
    },
    "uuid": "a748ae8fe1f4a6bcef7d65d48997280d14dcf981",
    "url": "https://coinfomania.com/solana-price-drop-alert-40-percent-crash-by-the-nest-week",
    "ord_in_thread": 0,
    "parent_url": null,
    "author": "Prabaha Gupta",
    "published": "2025-02-06T20:08:00.000+02:00",
    "title": "Solana Price Drop Alert- 40% Crash by The Nest Week?",
    "text": "The negative streak for Solana continues. This week, SOL dropped to an unimaginable $200. Hence marking a drop of 35% from its annual high. In the next month, the fall could be 40%.\nSolana Monthly Picture Solana started January on a great note. After reaching a genuine high of $295, the inheritable fall started. Not only this crypto, but the ecosystem of the whole industry is bearish now.\nIn February, the retreat seems common to all stablecoins and meme coins. Bitcoin has also fallen from an annual high of $110,000 to less than $100,000. Naturally, user sentiments around altcoins also took a hit.\nCoinGecko posted-\n“all Solana meme coins are faltering from the start of this month. The net market cap of SOL was $25 billion in January. On the 6th of Feb, it came down to $12 billion.”\nMost popular meme coins of SOL like Fatcoin, Bonk, and others dropped more than 30% in the last month.\nSOLANA’s Downfall Cementing More bad news is en-route for Solana. In the last 3 days, investors have sold meme coins in record numbers. As a result, the exchange trading volume also depleted. More about the week-by-week drop in trading volume for all SOLANA assets dropped by 25%.\nSolana’s Recovery Chances Developments in the crypto world are always unpredictable. Taking that cue, investors are wishful for the speedy recovery of SOLANA’s price.\nThere is still $217 million in short positions. Factors like optimistic ETF trades are keeping Solana alive.\nFrequently Asked Questions (FAQs) Why are SOL and other altcoins crashing? The whole crypto market is bearish. Solana’s price has increased 2.5% in the last 24 hours, but traders anticipate a 40% crash in value soon.\nWill the SOLANA sell-off continue? Solana is a network with a $1 trillion trading volume. But the crypto firm is struggling to come out of the $140 resistance.\nWhat is the Solana Price Prediction? Technicals suggest Solana’s price could crash by 40% in the next week or so.",
    "highlightText": "",
    "highlightTitle": "",
    "highlightThreadTitle": "",
    "language": "english",
    "sentiment": "negative",
    "categories": [
        "Economy, Business and Finance"
    ],
    "topics": [
        "Economy, Business and Finance->investment and opinion pieces",
        "Economy, Business and Finance->market and exchange",
        "Economy, Business and Finance->financial and economic news"
    ],
    "ai_allow": true,
    "has_canonical": false,
    "breaking": false,
    "webz_reporter": false,
    "external_links": [],
    "external_images": [],
    "entities": {
        "persons": [],
        "organizations": [],
        "locations": []
    },
    "syndication": {
        "syndicated": false,
        "syndicate_id": null,
        "first_syndicated": false
    },
    "trust": null,
    "rating": null,
    "crawled": "2025-02-07T00:18:05.034+02:00",
    "updated": "2025-02-07T00:18:05.034+02:00"
}