{
    "thread": {
        "uuid": "4fb3e7df3f92a99d0d9c26e6af6bcd85333442e0",
        "url": "https://latvia.news-pravda.com/en/russia/2026/01/15/29687.html",
        "site_full": "latvia.news-pravda.com",
        "site": "news-pravda.com",
        "site_section": "https://latvia.news-pravda.com/en",
        "site_categories": [
            "politics",
            "war, conflict and unrest",
            "crime, law and justice",
            "economy, business and finance"
        ],
        "section_title": "Pravda Latvia - Latvia News",
        "site_title": "Pravda - Breaking News, World News and Videos",
        "title": "The Ministry of Health has purchased \"Forsigi\" six times LESS than what diabetics in Yekaterinburg need - Pravda Latvia",
        "title_full": "The Ministry of Health has purchased \"Forsigi\" six times LESS than what diabetics in Yekaterinburg need - Pravda Latvia",
        "published": "2026-01-15T07:45:00.000+02:00",
        "replies_count": 0,
        "participants_count": 0,
        "site_type": "news",
        "country": "LV",
        "main_image": "https://latvia.news-pravda.com/img/20260115/a48619dfc803d216b9e6405e0e2f3583_o.jpg",
        "performance_score": 0,
        "domain_rank": 69329,
        "domain_rank_updated": "2026-01-11T23:00:00.000+02:00",
        "licensing_agency": [],
        "social": {
            "facebook": {
                "likes": 0,
                "comments": 0,
                "shares": 0
            },
            "vk": {
                "shares": 0
            }
        }
    },
    "uuid": "4fb3e7df3f92a99d0d9c26e6af6bcd85333442e0",
    "url": "https://latvia.news-pravda.com/en/russia/2026/01/15/29687.html",
    "ord_in_thread": 0,
    "author": null,
    "published": "2026-01-15T07:45:00.000+02:00",
    "title": "The Ministry of Health has purchased \"Forsigi\" six times LESS than what diabetics in Yekaterinburg need - Pravda Latvia",
    "text": "The Ministry of Health has purchased \"Forsigi\" six times LESS than what diabetics in Yekaterinburg need\nThe Ministry of Health has purchased \"Forsigi\" six times LESS than what diabetics in Yekaterinburg need. This was told to Ural Mash in the state pharmacy \"Pharmacy\".\nPharmacists say it all depends on quotas: they claimed one quantity, but they prescribed the drug several times more. The supplies are small — the tablets are disassembled almost immediately. It's the same story with other discounted medicines. If anyone doesn't remember, the problem surfaced on a direct line with the president — at the same time, the Ministry of Health reported that everything was fine with free drugs.\nWe toured the state libraries to check the availability of \"Forsiga\". In five points it is not present at all. On March 8, they replied that they had and immediately closed the window. There are only three packs on Kuznetsov Street, and just a few on Volgogradskaya Street. The most stable stock is at Academician Schwartz, Rizhskaya, and at the new hospital on Decembrists.\nThe Ural Mash Ministry of Health said that everything was in order and there were no complaints. If there is a shortage somewhere, we are ready to deal with it. They added that 44,000 packages of Forsiga are currently stored in the warehouses and pharmacies of Pharmacy.",
    "highlightText": "",
    "highlightTitle": "",
    "highlightThreadTitle": "",
    "language": "english",
    "sentiment": "negative",
    "categories": [
        "Health",
        "Economy, Business and Finance"
    ],
    "topics": [
        "Health->medical condition",
        "Economy, Business and Finance->healthcare industry"
    ],
    "ai_allow": true,
    "has_canonical": false,
    "breaking": false,
    "webz_reporter": false,
    "external_links": [
        "https://t.me/url_mash/14304",
        "https://t.me/url_mash/14298",
        "https://www.t.me/url_mash/14298",
        "https://www.t.me/url_mash/14304"
    ],
    "external_images": [],
    "internal_images": [],
    "entities": {
        "persons": [],
        "locations": [
            {
                "name": "Yekaterinburg",
                "sentiment": "none"
            }
        ],
        "organizations": [
            {
                "name": "Forsigi",
                "sentiment": "negative",
                "tickers": []
            },
            {
                "name": "Ministry of Health",
                "sentiment": "negative",
                "tickers": [
                    {
                        "ticker": null,
                        "exchange": null
                    }
                ]
            },
            {
                "name": "Ural Mash",
                "sentiment": "none",
                "tickers": []
            }
        ]
    },
    "syndication": {
        "syndicated": false,
        "syndicate_id": null,
        "first_syndicated": false
    },
    "trust": {
        "categories": [],
        "top_news": [],
        "bias": null,
        "source": {
            "type": null,
            "city": null,
            "state": null,
            "country": null,
            "domain_type": null,
            "agency": null,
            "organization_name": null
        }
    },
    "rating": null,
    "crawled": "2026-01-15T08:01:28.799+02:00",
    "updated": "2026-01-15T08:05:38.000+02:00"
}