{
    "thread": {
        "uuid": "e27c81b1a95b5f07ea558e3cac4a38ec58ed440c",
        "url": "https://www.the-independent.com/voices/northern-powerhouse-rail-trains-hs2-crossrail-travel-b2900476.html",
        "site_full": "www.the-independent.com",
        "site": "the-independent.com",
        "site_section": "https://www.the-independent.com/asia",
        "site_categories": [
            "arts, culture and entertainment",
            "economy, business and finance",
            "health",
            "lifestyle and leisure",
            "crime, law and justice",
            "politics",
            "sport"
        ],
        "section_title": "Independent Asia Edition",
        "site_title": "The Independent | Latest US politics news, comment and analysis",
        "title": "£45bn for Northern Powerhouse Rail? There are better routes to spend our money on",
        "title_full": "£45bn for Northern Powerhouse Rail? There are better routes to spend our money on",
        "published": "2026-01-15T08:06:00.000+02:00",
        "replies_count": 0,
        "participants_count": 1,
        "site_type": "news",
        "country": "US",
        "main_image": "https://static.the-independent.com/2023/05/11/11/a04c8a559486abd5fb7adc5b42bd51cdY29udGVudHNlYXJjaGFwaSwxNjgzODg0ODYy-2.42600705.jpg?width=1200&height=800&crop=1200:800",
        "performance_score": 0,
        "domain_rank": 11280,
        "domain_rank_updated": "2026-01-11T23:00:00.000+02:00",
        "licensing_agency": [
            "NLA"
        ],
        "social": {
            "facebook": {
                "likes": 0,
                "comments": 0,
                "shares": 0
            },
            "vk": {
                "shares": 0
            }
        }
    },
    "uuid": "e27c81b1a95b5f07ea558e3cac4a38ec58ed440c",
    "url": "https://www.the-independent.com/voices/northern-powerhouse-rail-trains-hs2-crossrail-travel-b2900476.html",
    "ord_in_thread": 0,
    "author": "James Moore",
    "published": "2026-01-15T08:06:00.000+02:00",
    "title": "£45bn for Northern Powerhouse Rail? There are better routes to spend our money on",
    "text": "£45bn for Northern Powerhouse Rail? There are better routes to spend our money on\nAs the government commits to spending billions on a two-decade project to boost east-west links across the north of England, James Moore says plenty of other new routes would benefit the country – and might be open much sooner\n- Bookmark\n- CommentsGo to comments\nSo good news at least for commuters of the future, those would-be office drones who are currently busy deciding which GCSEs to take.\nThe government has announced that, over the coming two decades, it will spend £45bn on Northern Powerhouse Rail, a long-promised but much-delayed project to boost train links across England’s north. Because, as transport secretary Heidi Alexander says, the region has “put up with second-rate rail for too long”. A bit longer surely won’t hurt, will it?\nThe landmark high-speed upgrade, which will be delivered in phases, will start with improving existing Trans-Pennine routes between Leeds, York, Bradford and Sheffield. A second phase will link Liverpool and Manchester with a brand new line.\nHowever, construction is not expected to start until 2030 at the earlier, and will have no official, single \"completion date\" – such is the scale of the ambition, but also of the missed deadlines that have bedevilled another rail project, HS2, whose northernmost extension was scrapped two years ago.\nThat said, NPR, as we must learn to call it, will not be completed until the 2040s at the earliest. No need to attempt booking an elusive advance supersaver for at least a decade, then.\nIf this all seems such a long way off, it isn’t helped by the fact that there are many other rail upgrade projects that could be completed much sooner, and that would possibly benefit more people.\nSo imagine you were Fat Controller for the day – or Sir Topham Hat, as he is now called in the Thomas the Tank Engine world, because, sigh, political correctness… What would you do to modernise Great British Railways?\nMe first. If I were the railway generalissimo – and this won’t be a popular view – I’ll build a high-speed link between London and Sheffield, offering a first-class return for a fiver on Saturdays, simply so I could go watch Sheffield United whenever I want.\nThen I’d force Transport for London to pull its finger out and improve the accessibility of existing public transport across London, focussing on Elizabeth line trains via Stratford, where disabled passengers like me still have to plead with sometimes unfriendly staff to let them use one of those horrid yellow ramps to get on and off, in spite of the initial fleet of trains costing the public purse some £370 million.\nBut that’s just me. What should be done for the good of the entire country?\nThe most obvious project would be to recommit to a full HS2, namely those routes cancelled by the previous government when the costs boarded the Starship Enterprise and took off at warp factor 9. HS2 heading north of Birmingham was supposed to branch out into a Y-shape, linking with Manchester and Leeds and beyond.\nFor now, when HS2 is fully opened, passengers should be able to shuttle between Euston to Birmingham Curzon Street in 49 minutes, as “soon” as 2033, possibly. But surely we can do even better than that?\nBecause if the government is now set to improve connections between Yorkshire and Lancashire and Manchester and Merseyside, you’re not going to get the full economic benefit unless you also address connectivity to the Midlands and the South. It’s time to realise HS2’s original ambitions and push onwards and upwards from Birmingham.\nAnother national rail priority should be Crossrail 2, the long-proposed pan-London link to link Surrey and south-west London with north-east London and Hertfordshire.\nUnpalatable as that will be to people shivering on windy platforms waiting for their delayed once-an-hour Trans-Pennine “express”, London and the south east happens to be the UK’s main economic engine. A companion route for the Elizabeth Line – which instantly became Britain’s busiest railway, and has clocked up 600 million journeys since opening in 2022 – could be equally transformational. And yet planning permission has been delayed, and it remains stuck in parliamentary sidings. Choo-choo, Sadiq Khan…\nAnd what of the Midlands Rail Hub, a £1.75bn upgrade project that will add 300 extra trains a day and speed up commutes across England’s central belt by improving connections at 50 different stations, notably Moor Street, Curzon Street and stops in central Birmingham? The work on this, though extensive, is still expected to be done within a decade – and before the Northern Powerhouse Rail puts trains on its new tracks.\nThe Campaign for Better Transport has singled out four worthy, “easier win” projects. They are: to bring the disused Leamside Line, which runs from Gateshead to County Durham and connects with the East Coast Main Line, back into service; reopen Yorkshire’s 12-mile \"missing link\" between Skipton and Colne; build a couple of new stations and reconnect Bristol Temple Meads to North Somerset; and reintroduce the rail link between two significant Fenland market towns, March and Wisbech.\nExpanding the rail network, or making trains run better, is a fine idea. It all boosts an economy that needs all the help it can get, and helps to ease the pressure on a congestion-throttled road network. Yes, this country badly needs to learn how to cut costs. But, when it comes to new rail links, can we afford to be kicking things down the tracks?\nJoin our commenting forum\nJoin thought-provoking conversations, follow other Independent readers and see their replies\nComments",
    "highlightText": "",
    "highlightTitle": "",
    "highlightThreadTitle": "",
    "language": "english",
    "sentiment": "negative",
    "categories": [
        "Economy, Business and Finance",
        "Politics"
    ],
    "topics": [
        "Economy, Business and Finance->business and market analysis",
        "Economy, Business and Finance->financial and economic news",
        "Economy, Business and Finance->business strategy and marketing",
        "Politics->government budget"
    ],
    "ai_allow": false,
    "has_canonical": true,
    "breaking": false,
    "webz_reporter": false,
    "external_links": [],
    "external_images": [],
    "internal_images": [],
    "entities": {
        "persons": [
            {
                "name": "James Moore",
                "sentiment": "none"
            }
        ],
        "locations": [
            {
                "name": "England",
                "sentiment": "none"
            }
        ],
        "organizations": [
            {
                "name": "Northern Powerhouse Rail",
                "sentiment": "neutral",
                "tickers": [
                    {
                        "ticker": null,
                        "exchange": null
                    }
                ]
            }
        ]
    },
    "syndication": {
        "syndicated": false,
        "syndicate_id": null,
        "first_syndicated": false
    },
    "trust": {
        "categories": [],
        "top_news": [],
        "bias": null,
        "source": {
            "type": null,
            "city": null,
            "state": null,
            "country": null,
            "domain_type": null,
            "agency": null,
            "organization_name": null
        }
    },
    "rating": null,
    "crawled": "2026-01-15T08:23:13.725+02:00",
    "updated": "2026-01-15T08:27:54.000+02:00"
}