{
    "thread": {
        "uuid": "bbe5e2378d20ba8574d6de8898b49f3253d7aab4",
        "url": "https://finance.yahoo.com/news/oil-falls-trump-signals-us-001821323.html",
        "site_full": "finance.yahoo.com",
        "site": "yahoo.com",
        "site_section": "https://uk.finance.yahoo.com/",
        "site_categories": [
            "investing",
            "financial_news",
            "finance",
            "stocks",
            "top_news_ru",
            "top_news_ar",
            "top_news_cz",
            "top_news_nz",
            "top_news_au",
            "top_news_jp",
            "top_news_ae",
            "top_news_ua",
            "top_news_tr",
            "top_news_us",
            "top_news_at",
            "top_news_tw",
            "top_news_pt",
            "top_news_pl",
            "top_news_gb",
            "top_news_th",
            "top_news_kr",
            "top_news_sa",
            "top_news_co",
            "top_news_vn",
            "top_news_hu",
            "top_news_sg",
            "top_news_ph",
            "top_news_rs",
            "top_news_bg",
            "top_news_br",
            "top_news_hk",
            "top_news_nl",
            "top_news_qa",
            "top_news_hr",
            "top_news_ie",
            "top_news_ro",
            "top_news_pk",
            "top_news_se",
            "top_news_id",
            "top_news_dk",
            "top_news_de",
            "top_news_eg",
            "top_news_it",
            "top_news_pe",
            "top_news_sk",
            "top_news_ch",
            "top_news_za",
            "top_news_ma",
            "top_news_my",
            "top_news_il",
            "top_news_kw",
            "top_news_in",
            "top_news_fr",
            "top_news_ve",
            "top_news_fi",
            "top_news_be",
            "top_news_mx",
            "top_news_no",
            "top_news_ca",
            "top_news_cl",
            "top_news_iq",
            "top_news_gr",
            "top_news_es",
            "top_news",
            "crime, law and justice",
            "politics",
            "sport",
            "lifestyle and leisure",
            "economy, business and finance"
        ],
        "section_title": "Yahoo Finance UK | Stock market live, quotes, business and finance news",
        "site_title": "Yahoo Finance - Stock Market Live, Quotes, Business &amp; Finance News",
        "title": "Oil Falls After Trump Signals US Response to Iran Is On Hold",
        "title_full": "Oil Falls After Trump Signals US Response to Iran Is On Hold",
        "published": "2026-01-15T08:18:00.000+02:00",
        "replies_count": 0,
        "participants_count": 1,
        "site_type": "news",
        "country": "US",
        "main_image": "https://s.yimg.com/ny/api/res/1.2/OXA_1qR7cU7Zjv_HiG97Mw--/YXBwaWQ9aGlnaGxhbmRlcjt3PTEyMDA7aD04MDA-/https://media.zenfs.com/en/bloomberg_holding_pen_162/1b6cf60a80045be5ec5447a036bce8fb",
        "performance_score": 0,
        "domain_rank": 53,
        "domain_rank_updated": "2026-01-11T23:00:00.000+02:00",
        "licensing_agency": [],
        "social": {
            "facebook": {
                "likes": 3,
                "comments": 0,
                "shares": 1
            },
            "vk": {
                "shares": 0
            }
        }
    },
    "uuid": "bbe5e2378d20ba8574d6de8898b49f3253d7aab4",
    "url": "https://finance.yahoo.com/news/oil-falls-trump-signals-us-001821323.html",
    "ord_in_thread": 0,
    "author": "Bloomberg News",
    "published": "2026-01-15T08:18:00.000+02:00",
    "title": "Oil Falls After Trump Signals US Response to Iran Is On Hold",
    "text": "Oil Falls After Trump Signals US Response to Iran Is On Hold Bloomberg News Thu 15 January 2026 at 8:18 am GMT+2 2 min read\nIn this article: CL=F\nPhotographer: Francis Chung/Politico/Bloomberg\n(Bloomberg) -- Oil fell for the first time in six days after US President Donald Trump signaled he may hold off on attacking Iran for now.\nMost Read from Bloomberg\nBrent dropped as much as 3.4% to trade below $65 a barrel after gaining about 11% over the past week while West Texas Intermediate was near $60. Trump said he’d been assured that Iran would stop killing protesters, reducing the likelihood of an immediate US military response to the demonstrations against the government of Supreme Leader Ayatollah Ali Khamenei and of disruptions to Iranian production and key shipping lanes.\nStill, the situation in Iran remained volatile. Authorities temporarily closed the airspace around Tehran, while the US redeployed some personnel in Qatar and around other American military bases in the region.\nPresident Donald Trump told reporters that he was told by “very important sources” in Iran that no killings of protestors were taking place and there were no plans for executions to take place. Oil has pushed higher in the new year as turmoil in OPEC’s fourth-largest producer, along with upheaval in Venezuela, restored a premium to prices following a run of five monthly losses spurred by expectations for a glut. Trump said he had a “very good call” with acting Venezuelan President Delcy Rodriguez on Wednesday, with topics including oil.\nSeparately, ⁠the US president told Reuters that he believes it would be better for Venezuela to remain in OPEC, but was unsure if that ‍would be a better situation for the US, adding that Washington hadn’t discussed this with Caracas.\n“Geopolitically induced strength in Brent likely continues, and a test up to $75 is certainly possible,” said Robert Rennie, the head of commodity research at Westpac Banking Corp. The rally may be followed by a collapse when the “all-clear is sounded” or Khamenei’s regime crumbles, similar to the market movement during the Iran-Israel conflict in June, he said.\nElsewhere, US government data showed nationwide crude stockpiles rose 3.4 million barrels last week — the largest build since early November. The rising inventories, more Venezuelan oil heading to the US, plus a disruption at a key terminal in the Black Sea has pushed WTI to near the deepest discount in 15 months relative to Brent.\nMost Read from Bloomberg Businessweek\n©2026 Bloomberg L.P.",
    "highlightText": "",
    "highlightTitle": "",
    "highlightThreadTitle": "",
    "language": "english",
    "sentiment": "negative",
    "categories": [
        "Economy, Business and Finance",
        "War, Conflict and Unrest"
    ],
    "topics": [
        "Economy, Business and Finance->commodity market",
        "Economy, Business and Finance->energy and resource"
    ],
    "ai_allow": true,
    "has_canonical": false,
    "breaking": true,
    "webz_reporter": false,
    "external_links": [
        "https://www.bloomberg.com/company",
        "https://s.yimg.com/ny/api/res/1.2/8AeKk4BFS8WGGC9SDchIiw--/YXBwaWQ9aGlnaGxhbmRlcjt3PTIzMDtoPTQ4/https://s.yimg.com/os/creatr-uploaded-images/2024-12/f47ae180-c22f-11ef-bb6b-8c68a34cf959",
        "https://bloomberg.com/company",
        "https://www.s.yimg.com/ny/api/res/1.2/8AeKk4BFS8WGGC9SDchIiw--/YXBwaWQ9aGlnaGxhbmRlcjt3PTIzMDtoPTQ4/https://www.s.yimg.com/os/creatr-uploaded-images/2024-12/f47ae180-c22f-11ef-bb6b-8c68a34cf959"
    ],
    "external_images": [],
    "internal_images": [],
    "entities": {
        "persons": [
            {
                "name": "Donald Trump",
                "sentiment": "none"
            },
            {
                "name": "Francis Chung",
                "sentiment": "none"
            }
        ],
        "locations": [
            {
                "name": "Iran",
                "sentiment": "none"
            },
            {
                "name": "US",
                "sentiment": "none"
            }
        ],
        "organizations": [
            {
                "name": "Trump",
                "sentiment": "negative",
                "tickers": [
                    {
                        "ticker": null,
                        "exchange": null
                    }
                ]
            },
            {
                "name": "Bloomberg News",
                "sentiment": "negative",
                "tickers": [
                    {
                        "ticker": null,
                        "exchange": null
                    }
                ]
            },
            {
                "name": "Politico",
                "sentiment": "none",
                "tickers": [
                    {
                        "ticker": null,
                        "exchange": null
                    }
                ]
            },
            {
                "name": "West Texas Intermediate",
                "sentiment": "none",
                "tickers": [
                    {
                        "ticker": null,
                        "exchange": null
                    }
                ]
            }
        ]
    },
    "syndication": {
        "syndicated": false,
        "syndicate_id": null,
        "first_syndicated": false
    },
    "trust": {
        "categories": null,
        "top_news": [
            "top_news_ru",
            "top_news_ar",
            "top_news_cz",
            "top_news_nz",
            "top_news_au",
            "top_news_jp",
            "top_news_ae",
            "top_news_ua",
            "top_news_tr",
            "top_news_us",
            "top_news_at",
            "top_news_tw",
            "top_news_pt",
            "top_news_pl",
            "top_news_gb",
            "top_news_th",
            "top_news_kr",
            "top_news_sa",
            "top_news_co",
            "top_news_vn",
            "top_news_hu",
            "top_news_sg",
            "top_news_ph",
            "top_news_rs",
            "top_news_bg",
            "top_news_br",
            "top_news_hk",
            "top_news_nl",
            "top_news_qa",
            "top_news_hr",
            "top_news_ie",
            "top_news_ro",
            "top_news_pk",
            "top_news_se",
            "top_news_id",
            "top_news_dk",
            "top_news_de",
            "top_news_eg",
            "top_news_it",
            "top_news_pe",
            "top_news_sk",
            "top_news_ch",
            "top_news_za",
            "top_news_ma",
            "top_news_my",
            "top_news_il",
            "top_news_kw",
            "top_news_in",
            "top_news_fr",
            "top_news_ve",
            "top_news_fi",
            "top_news_be",
            "top_news_mx",
            "top_news_no",
            "top_news_ca",
            "top_news_cl",
            "top_news_iq",
            "top_news_gr",
            "top_news_es",
            "top_news"
        ],
        "bias": "center",
        "source": {
            "type": null,
            "city": null,
            "state": null,
            "country": null,
            "domain_type": null,
            "agency": null,
            "organization_name": null
        }
    },
    "rating": null,
    "crawled": "2026-01-15T08:44:13.675+02:00",
    "updated": "2026-01-16T09:10:03.000+02:00"
}