{
    "thread": {
        "uuid": "74e86b80857fbf385687781a30b1141ae81006d7",
        "url": "https://www.5newsonline.com/video/sports/locked-on/lo-southeast/mississippi-state-bulldogs-show/henry-fords-recruitment-takes-shocking-turn-will-mississippi-state-lose-its-top-target/535-d7e18990-9850-43cf-adf8-b2b377943216",
        "site_full": "www.5newsonline.com",
        "site": "5newsonline.com",
        "site_section": "https://5newsonline.com/sports",
        "site_categories": [
            "hobbies_and_interests",
            "travel",
            "by_us_locale",
            "photography"
        ],
        "section_title": "Sports | 5newsonline.com",
        "site_title": "Northwest Arkansas and River Valley local news | 5NEWS | 5newsonline.com",
        "title": "Henry Ford's Recruitment Takes SHOCKING Turn | Will Mississippi State LOSE Its Top Target? | 5newsonline.com",
        "title_full": "Henry Ford's Recruitment Takes SHOCKING Turn | Will Mississippi State LOSE Its Top Target? | 5newsonline.com",
        "published": "2025-06-19T01:09:00.000+03:00",
        "replies_count": 0,
        "participants_count": 1,
        "site_type": "news",
        "country": "US",
        "main_image": "https://media.tegna-media.com/assets/LOCKEDON/images/bb545519-1c97-4dd7-a8b2-cf44551e7dc7/20250619T030823/bb545519-1c97-4dd7-a8b2-cf44551e7dc7_1140x641.jpg",
        "performance_score": 0,
        "domain_rank": 24041,
        "domain_rank_updated": "2025-06-03T00:00:00.000+03:00",
        "licensing_agency": [],
        "social": {
            "facebook": {
                "likes": 0,
                "comments": 0,
                "shares": 0
            },
            "vk": {
                "shares": 0
            }
        }
    },
    "uuid": "74e86b80857fbf385687781a30b1141ae81006d7",
    "url": "https://www.5newsonline.com/video/sports/locked-on/lo-southeast/mississippi-state-bulldogs-show/henry-fords-recruitment-takes-shocking-turn-will-mississippi-state-lose-its-top-target/535-d7e18990-9850-43cf-adf8-b2b377943216",
    "ord_in_thread": 0,
    "author": "Author",
    "published": "2025-06-19T01:09:00.000+03:00",
    "title": "Henry Ford's Recruitment Takes SHOCKING Turn | Will Mississippi State LOSE Its Top Target? | 5newsonline.com",
    "text": "Skip Navigation\nNavigation\nNews\nSearch\nSearch:\nSearch\nRight Now\nFayetteville, AR »\n74°\nFayetteville, AR »\nBreaking News\nMore (\n) »\nHenry Ford's Recruitment Takes SHOCKING Turn | Will Mississippi State LOSE Its Top Target?\nTo stream 5NEWS on your phone, you need the 5NEWS app.\nDownload the 5NEWS app\nMississippi State baseball's recruiting game heats up. Can new coach Brian O'Connor's stellar class propel the Bulldogs to the top?\nBefore You Leave, Check This Out",
    "highlightText": "",
    "highlightTitle": "",
    "highlightThreadTitle": "",
    "language": "english",
    "sentiment": "negative",
    "categories": [
        "Economy, Business and Finance",
        "Politics",
        "Social Issue"
    ],
    "topics": [
        "Economy, Business and Finance->business governance",
        "Economy, Business and Finance->corporate news and profiles",
        "Economy, Business and Finance->human resources",
        "Politics->political candidates",
        "Politics->political campaigns",
        "Politics->government",
        "Social Issue->discrimination",
        "Social Issue->social problem",
        "Social Issue->social condition"
    ],
    "ai_allow": true,
    "has_canonical": true,
    "breaking": null,
    "webz_reporter": false,
    "external_links": [],
    "entities": {
        "persons": [
            {
                "name": "Henry Ford",
                "sentiment": "negative"
            },
            {
                "name": "Brian O'Connor",
                "sentiment": "none"
            }
        ],
        "locations": [],
        "organizations": []
    },
    "syndication": {
        "syndicated": false,
        "syndicate_id": null,
        "first_syndicated": false
    },
    "trust": {
        "categories": [],
        "top_news": [],
        "bias": null
    },
    "rating": null,
    "crawled": "2025-06-19T07:38:25.732+03:00",
    "updated": "2025-06-19T04:49:31.000+00:00"
}