{
    "thread": {
        "uuid": "09eacd9addf40148fac7721defd78eaf82304faa",
        "url": "https://hk.marketscreener.com/news/seb-downgrades-handelsbanken-to-sell-hold-reiterates-target-price-of-137-kronor-ce7e5adbd881f227",
        "site_full": "hk.marketscreener.com",
        "site": "marketscreener.com",
        "site_section": "https://hk.marketscreener.com/news/companies/recommandations",
        "site_categories": [
            "science and technology",
            "economy, business and finance"
        ],
        "section_title": "Analyst Recommendations: Economic and stock market news | MarketScreener Hong Kong",
        "site_title": "Stock Market Today : Reports, Quotes and News - MarketScreener",
        "title": "SEB Downgrades Handelsbanken to Sell (Hold), Reiterates Target Price of 137 Kronor | MarketScreener Hong Kong",
        "title_full": "SEB Downgrades Handelsbanken to Sell (Hold), Reiterates Target Price of 137 Kronor | MarketScreener Hong Kong",
        "published": "2026-02-05T07:12:00.000+02:00",
        "replies_count": 0,
        "participants_count": 1,
        "site_type": "news",
        "country": "DE",
        "main_image": "https://hk.marketscreener.com/images/twitter_MS_fdblanc.png",
        "performance_score": 0,
        "domain_rank": 11487,
        "domain_rank_updated": "2026-02-01T23:00:00.000+02:00",
        "licensing_agency": [],
        "social": {
            "facebook": {
                "likes": 0,
                "comments": 0,
                "shares": 0
            },
            "vk": {
                "shares": 0
            }
        }
    },
    "uuid": "09eacd9addf40148fac7721defd78eaf82304faa",
    "url": "https://hk.marketscreener.com/news/seb-downgrades-handelsbanken-to-sell-hold-reiterates-target-price-of-137-kronor-ce7e5adbd881f227",
    "ord_in_thread": 0,
    "author": "Finwire",
    "published": "2026-02-05T07:12:00.000+02:00",
    "title": "SEB Downgrades Handelsbanken to Sell (Hold), Reiterates Target Price of 137 Kronor | MarketScreener Hong Kong",
    "text": "SEB downgrades Handelsbanken to sell (hold), reiterates its target price of 137 kronor. © Finwire - 2026",
    "summary": null,
    "highlightText": "",
    "highlightTitle": "",
    "highlightThreadTitle": "",
    "language": "english",
    "sentiment": "negative",
    "categories": [
        "Economy, Business and Finance"
    ],
    "topics": [
        "Economy, Business and Finance->investment and opinion pieces",
        "Economy, Business and Finance->financial service"
    ],
    "ai_allow": true,
    "has_canonical": false,
    "breaking": false,
    "webz_reporter": false,
    "external_links": [
        "https://wa.me/?text=https%3A%2F%2Fwww.marketscreener.com%2Fnews%2Fseb-downgrades-handelsbanken-to-sell-hold-reiterates-target-price-of-137-kronor-ce7e5adbd881f227%3Futm_source%3Dwhatsapp%26utm_medium%3Dsocial%26utm_campaign%3Dshare",
        "https://www.linkedin.com/shareArticle?mini=true&url=https%3A%2F%2Fwww.marketscreener.com%2Fnews%2Fseb-downgrades-handelsbanken-to-sell-hold-reiterates-target-price-of-137-kronor-ce7e5adbd881f227%3Futm_source%3Dlinkedin%26utm_medium%3Dsocial%26utm_campaign%3Dshare&title=SEB",
        "https://x.com/intent/tweet?text=SEB",
        "https://telegram.me/share/url?url=https%3A%2F%2Fwww.marketscreener.com%2Fnews%2Fseb-downgrades-handelsbanken-to-sell-hold-reiterates-target-price-of-137-kronor-ce7e5adbd881f227%3Futm_source%3Dtelegram%26utm_medium%3Dsocial%26utm_campaign%3Dshare",
        "https://www.facebook.com/sharer/sharer.php?u=https%3A%2F%2Fwww.marketscreener.com%2Fnews%2Fseb-downgrades-handelsbanken-to-sell-hold-reiterates-target-price-of-137-kronor-ce7e5adbd881f227%3Futm_source%3Dfacebook%26utm_medium%3Dsocial%26utm_campaign%3Dshare",
        "https://www.wa.me/?text=https%3A%2F%2Fwww.marketscreener.com%2Fnews%2Fseb-downgrades-handelsbanken-to-sell-hold-reiterates-target-price-of-137-kronor-ce7e5adbd881f227%3Futm_source%3Dwhatsapp%26utm_medium%3Dsocial%26utm_campaign%3Dshare",
        "https://telegram.me/share/url",
        "https://www.telegram.me/share/url?url=https%3A%2F%2Fwww.marketscreener.com%2Fnews%2Fseb-downgrades-handelsbanken-to-sell-hold-reiterates-target-price-of-137-kronor-ce7e5adbd881f227%3Futm_source%3Dtelegram%26utm_medium%3Dsocial%26utm_campaign%3Dshare",
        "https://wa.me/",
        "https://linkedin.com/shareArticle?mini=true&url=https%3A%2F%2Fwww.marketscreener.com%2Fnews%2Fseb-downgrades-handelsbanken-to-sell-hold-reiterates-target-price-of-137-kronor-ce7e5adbd881f227%3Futm_source%3Dlinkedin%26utm_medium%3Dsocial%26utm_campaign%3Dshare&title=SEB",
        "https://www.linkedin.com/shareArticle",
        "https://x.com/intent/tweet",
        "https://facebook.com/sharer/sharer.php?u=https%3A%2F%2Fwww.marketscreener.com%2Fnews%2Fseb-downgrades-handelsbanken-to-sell-hold-reiterates-target-price-of-137-kronor-ce7e5adbd881f227%3Futm_source%3Dfacebook%26utm_medium%3Dsocial%26utm_campaign%3Dshare",
        "https://www.x.com/intent/tweet?text=SEB",
        "https://www.facebook.com/sharer/sharer.php"
    ],
    "external_images": [],
    "internal_images": [],
    "entities": {
        "persons": [],
        "locations": [
            {
                "name": "Hong Kong",
                "sentiment": "none"
            }
        ],
        "organizations": [
            {
                "name": "SEB",
                "sentiment": "negative",
                "tickers": [
                    {
                        "ticker": null,
                        "exchange": null
                    }
                ]
            },
            {
                "name": "Handelsbanken",
                "sentiment": "negative",
                "tickers": [
                    {
                        "ticker": "SHB-A",
                        "exchange": "NASDAQ Stockholm"
                    }
                ]
            }
        ]
    },
    "syndication": {
        "syndicated": false,
        "syndicate_id": null,
        "first_syndicated": false
    },
    "trust": {
        "categories": [],
        "top_news": [],
        "bias": null,
        "source": {
            "type": null,
            "city": null,
            "state": null,
            "country": null,
            "domain_type": null,
            "agency": null,
            "organization_name": null
        }
    },
    "rating": null,
    "crawled": "2026-02-05T07:53:17.499+02:00",
    "updated": "2026-02-05T07:54:44.000+02:00"
}