{
    "thread": {
        "uuid": "59c7c071c2eb47b8e7c4c01ee998c42d1fcc4eee",
        "url": "https://m.dailyhunt.in/news/india/english/goodreturns-epaper-goreturn/jaiprakash+power+ventures+shares+fall+7+after+q3+result+all+you+need+to+know-newsid-n699727509",
        "site_full": "m.dailyhunt.in",
        "site": "dailyhunt.in",
        "site_section": "https://m.dailyhunt.in/news/india/epaper-chittelg/",
        "site_categories": [
            "arts, culture and entertainment",
            "media",
            "economy, business and finance",
            "crime, law and justice",
            "politics",
            "sport"
        ],
        "section_title": "Personalized News in 14 Indian Languages | Latest Updates",
        "site_title": null,
        "title": "Jaiprakash Power Ventures Shares Fall 7% After Q3 Result | All You Need To Know",
        "title_full": "Jaiprakash Power Ventures Shares Fall 7% After Q3 Result | All You Need To Know",
        "published": "2026-02-05T07:46:00.000+02:00",
        "replies_count": 0,
        "participants_count": 1,
        "site_type": "news",
        "country": "IN",
        "main_image": "https://assets-news-bcdn.dailyhunt.in/cmd/resize/1200x630_90/fetchdata20/images/f8/85/7f/f8857f90cd2afb99b06be2100b78eab0c25531175239543817aba66bd3eb574f.jpg",
        "performance_score": 0,
        "domain_rank": 11578,
        "domain_rank_updated": "2026-02-01T23:00:00.000+02:00",
        "licensing_agency": [],
        "social": {
            "facebook": {
                "likes": 0,
                "comments": 0,
                "shares": 0
            },
            "vk": {
                "shares": 0
            }
        }
    },
    "uuid": "59c7c071c2eb47b8e7c4c01ee998c42d1fcc4eee",
    "url": "https://m.dailyhunt.in/news/india/english/goodreturns-epaper-goreturn/jaiprakash+power+ventures+shares+fall+7+after+q3+result+all+you+need+to+know-newsid-n699727509",
    "ord_in_thread": 0,
    "author": "@Dailyhuntapp",
    "published": "2026-02-05T07:46:00.000+02:00",
    "title": "Jaiprakash Power Ventures Shares Fall 7% After Q3 Result | All You Need To Know",
    "text": "Get the latest version\nRefresh\nJaiprakash Power Ventures Shares Fall 7% After Q3 Result | All You Need To Know\nJaiprakash Power Ventures Share Price Today: Shares of Jaiprakash Power Ventures Limited declined nearly 6.83% after the power company reported a whopping 97% decline in its net consolidated profit during the third quarter of the financial year 2025-26.\nDailyhunt\nDisclaimer\n: This content has not been generated, created or edited by Dailyhunt. Publisher: Good Returns\n#Hashtags\nEterno Infotech © 2022\nNo Internet connection\nDownload the app to view this section\nDownload the app to view this section\nLink Copied",
    "summary": "Jaiprakash Power Ventures Shares Fall 7% After Q3 Result | All You Need To Know Jaiprakash Power Ventures Share Price Today: Shares of Jaiprakash Power Ventures Limited declined nearly 6.83% after the power company reported a whopping 97% decline in its net consolidated profit during the third quarter of the financial year 2025-26. : This content has not been generated, created or edited by Dailyhunt. Publisher: Good Returns Download the app to view this section Download the app to view this section",
    "highlightText": "",
    "highlightTitle": "",
    "highlightThreadTitle": "",
    "language": "english",
    "sentiment": "negative",
    "categories": [
        "Economy, Business and Finance"
    ],
    "topics": [
        "Economy, Business and Finance->corporate news and profiles",
        "Economy, Business and Finance->business reporting and performance"
    ],
    "ai_allow": true,
    "has_canonical": false,
    "breaking": false,
    "webz_reporter": false,
    "external_links": [],
    "external_images": [],
    "internal_images": [],
    "entities": {
        "persons": [],
        "locations": [],
        "organizations": [
            {
                "name": "Jaiprakash Power Ventures Limited",
                "sentiment": "neutral",
                "tickers": []
            },
            {
                "name": "Dailyhunt",
                "sentiment": "none",
                "tickers": [
                    {
                        "ticker": null,
                        "exchange": null
                    }
                ]
            }
        ]
    },
    "syndication": {
        "syndicated": false,
        "syndicate_id": null,
        "first_syndicated": false
    },
    "trust": {
        "categories": [],
        "top_news": [],
        "bias": null,
        "source": {
            "type": null,
            "city": null,
            "state": null,
            "country": null,
            "domain_type": null,
            "agency": null,
            "organization_name": null
        }
    },
    "rating": null,
    "crawled": "2026-02-05T07:58:59.023+02:00",
    "updated": "2026-02-05T08:01:50.000+02:00"
}