{
    "thread": {
        "uuid": "addb26861395299b9c29b74dda4b0285853b0176",
        "url": "https://m.dailyhunt.in/news/india/english/goodreturns-epaper-goreturn/defence+psu+stock+crash+why+hal+shares+fell+12+morgan+stanley+cuts+target+by+34+q3+dividend+ahead-newsid-n699728253",
        "site_full": "m.dailyhunt.in",
        "site": "dailyhunt.in",
        "site_section": "https://m.dailyhunt.in/news/india/epaper-chittelg/",
        "site_categories": [
            "arts, culture and entertainment",
            "media",
            "economy, business and finance",
            "crime, law and justice",
            "politics",
            "sport"
        ],
        "section_title": "Personalized News in 14 Indian Languages | Latest Updates",
        "site_title": null,
        "title": "Defence PSU Stock Crash: Why HAL Shares Fell 12%? Morgan Stanley Cuts Target By 34%; Q3, Dividend Ahead",
        "title_full": "Defence PSU Stock Crash: Why HAL Shares Fell 12%? Morgan Stanley Cuts Target By 34%; Q3, Dividend Ahead",
        "published": "2026-02-05T07:48:00.000+02:00",
        "replies_count": 0,
        "participants_count": 1,
        "site_type": "news",
        "country": "IN",
        "main_image": "https://assets-news-bcdn.dailyhunt.in/cmd/resize/1200x630_90/fetchdata20/images/e2/3c/24/e23c24368e3fb6adcfa969658076baffa475c0057a62cb47c7c64b39f84c61b4.jpg",
        "performance_score": 0,
        "domain_rank": 11578,
        "domain_rank_updated": "2026-02-01T23:00:00.000+02:00",
        "licensing_agency": [],
        "social": {
            "facebook": {
                "likes": 0,
                "comments": 0,
                "shares": 0
            },
            "vk": {
                "shares": 0
            }
        }
    },
    "uuid": "addb26861395299b9c29b74dda4b0285853b0176",
    "url": "https://m.dailyhunt.in/news/india/english/goodreturns-epaper-goreturn/defence+psu+stock+crash+why+hal+shares+fell+12+morgan+stanley+cuts+target+by+34+q3+dividend+ahead-newsid-n699728253",
    "ord_in_thread": 0,
    "author": "@Dailyhuntapp",
    "published": "2026-02-05T07:48:00.000+02:00",
    "title": "Defence PSU Stock Crash: Why HAL Shares Fell 12%? Morgan Stanley Cuts Target By 34%; Q3, Dividend Ahead",
    "text": "Get the latest version\nRefresh\nDefence PSU Stock Crash: Why HAL Shares Fell 12%? Morgan Stanley Cuts Target By 34%; Q3, Dividend Ahead\nHindustan Aeronautics (HAL), the largest defence stock of India in terms of market share, extended its sharp selling pressure on February 5, as well.\nDailyhunt\nDisclaimer\n: This content has not been generated, created or edited by Dailyhunt. Publisher: Good Returns\nEterno Infotech © 2022\nNo Internet connection\nDownload the app to view this section\nDownload the app to view this section\nLink Copied",
    "summary": "Defence PSU Stock Crash: Why HAL Shares Fell 12%? Morgan Stanley Cuts Target By 34%; Q3, Dividend Ahead Hindustan Aeronautics (HAL), the largest defence stock of India in terms of market share, extended its sharp selling pressure on February 5, as well. : This content has not been generated, created or edited by Dailyhunt. Publisher: Good Returns Download the app to view this section Download the app to view this section",
    "highlightText": "",
    "highlightTitle": "",
    "highlightThreadTitle": "",
    "language": "english",
    "sentiment": "negative",
    "categories": [
        "Economy, Business and Finance"
    ],
    "topics": [
        "Economy, Business and Finance->investment and opinion pieces",
        "Economy, Business and Finance->business and market analysis",
        "Economy, Business and Finance->financial and economic news"
    ],
    "ai_allow": true,
    "has_canonical": false,
    "breaking": false,
    "webz_reporter": false,
    "external_links": [],
    "external_images": [],
    "internal_images": [],
    "entities": {
        "persons": [],
        "locations": [
            {
                "name": "India",
                "sentiment": "none"
            }
        ],
        "organizations": [
            {
                "name": "Morgan Stanley",
                "sentiment": "negative",
                "tickers": [
                    {
                        "ticker": "MS",
                        "exchange": "NYSE"
                    }
                ]
            },
            {
                "name": "HAL",
                "sentiment": "none",
                "tickers": [
                    {
                        "ticker": null,
                        "exchange": null
                    }
                ]
            },
            {
                "name": "Good Returns Eterno Infotech",
                "sentiment": "none",
                "tickers": [
                    {
                        "ticker": null,
                        "exchange": null
                    }
                ]
            },
            {
                "name": "Dividend Ahead Hindustan Aeronautics",
                "sentiment": "none",
                "tickers": []
            },
            {
                "name": "Dailyhunt",
                "sentiment": "none",
                "tickers": [
                    {
                        "ticker": null,
                        "exchange": null
                    }
                ]
            }
        ]
    },
    "syndication": {
        "syndicated": false,
        "syndicate_id": null,
        "first_syndicated": false
    },
    "trust": {
        "categories": [],
        "top_news": [],
        "bias": null,
        "source": {
            "type": null,
            "city": null,
            "state": null,
            "country": null,
            "domain_type": null,
            "agency": null,
            "organization_name": null
        }
    },
    "rating": null,
    "crawled": "2026-02-05T07:58:44.678+02:00",
    "updated": "2026-02-05T08:02:17.000+02:00"
}