{
    "thread": {
        "uuid": "21db4166473df63109e36cf3a1a485c26aa70e35",
        "url": "https://www.zerohedge.com/political/brad-karp-chairman-top-us-law-firm-paul-weiss-resigns-over-epstein-scandal",
        "site_full": "www.zerohedge.com",
        "site": "zerohedge.com",
        "site_section": "https://www.zerohedge.com/",
        "site_categories": [
            "war, conflict and unrest",
            "finance",
            "media",
            "financial_news",
            "economy, business and finance",
            "science and technology",
            "crime, law and justice",
            "politics",
            "law_government_and_politics"
        ],
        "section_title": "ZeroHedge",
        "site_title": "ZeroHedge",
        "title": "Brad Karp, Chairman Of Top Law Firm Paul Weiss, Resigns Over Epstein Ties | ZeroHedge",
        "title_full": "Brad Karp, Chairman Of Top Law Firm Paul Weiss, Resigns Over Epstein Ties | ZeroHedge",
        "published": "2026-02-05T07:56:00.000+02:00",
        "replies_count": 0,
        "participants_count": 1,
        "site_type": "news",
        "country": "US",
        "main_image": "",
        "performance_score": 0,
        "domain_rank": 5126,
        "domain_rank_updated": "2026-02-01T23:00:00.000+02:00",
        "licensing_agency": [],
        "social": {
            "facebook": {
                "likes": 0,
                "comments": 0,
                "shares": 0
            },
            "vk": {
                "shares": 0
            }
        }
    },
    "uuid": "21db4166473df63109e36cf3a1a485c26aa70e35",
    "url": "https://www.zerohedge.com/political/brad-karp-chairman-top-us-law-firm-paul-weiss-resigns-over-epstein-scandal",
    "ord_in_thread": 0,
    "author": "Tyler Durden",
    "published": "2026-02-05T07:56:00.000+02:00",
    "title": "Brad Karp, Chairman Of Top Law Firm Paul Weiss, Resigns Over Epstein Ties | ZeroHedge",
    "text": "The chairman of one of the nation's top law firms suddenly resigned Wednesday evening after a series of embarrassing emails emerged between him and Jeffrey Epstein became public in recent days.\nBrad Karp, who has been at the helm of law firm Paul Weiss for 18 years, gave no explanation for his decision - aside form a statement that \"Recent reporting has created a distraction and has placed a focus on me that is not in the best interests of the firm.\"\nThe firm, which has over 1,200 lawyers, represents some of the largest companies in the world, including Amazon, Exxon Mobil and the NFL - and has a reputation for providing free work to immigrant groups.\nAccording to new emails released by the DOJ, Karp was not only a guest at Epstein's New York Mansion , the two exchanged emails on a regular basis.\nHe coached Epstein during his underage sex-trafficking scandal , referring to accusers as 'victims,' (in quotes), and suggesting that they \"lied in wait and sat on their rights for their strategic advantage, knowing you were in prison, before they came forward.\"\nKarp met Epstein through legal work for billionaire Leon Black , co-founder of Apollo Global Management. Black paid Epstein nearly $170 million for tax and estate planning advice (and totally not blackmail). Karp then began socializing with Epstein - at one point asking the disgraced financier for help landing his son a job on a Woody Allen movie.\nAfter Karp attended a dinner at Epstein's Manhattan mansion in 2015 where Allen was present , Karp wrote to Epstein in an email that it was \" an evening I'll never forget,\" referring to Epstein as \"an extraordinary host\" who was \"am azing.\"\nOne lawyer at Paul Weiss told the NY Times that the relationship has become an embarrassment , while others were upset that Karp received an email where Epstein suggested that Black should retain a private investigator to surveil a former mistress.\nOn Monday, Karp said he regretted his interactions with Epstein, and had only \"attended two group dinners in New York City and had a small number of social interactions by email, all of which he regrets.\"\nThe joke is that Karp will remain at Paul Weiss ... while their head of corporate practice, Scott Barshay, will take over as Chairman. Weiss said that Barshay had \"over 30 years advising boards of directors and management teams on some of the most complex and highest-profile legal matters.\"\nPaul Weiss was also notably one of the Big Law firms that struck a deal with the White House to sidestep an executive order that would have effectively barred the firm from representing clients before the federal government.\nIn deciding to settle with the White House, Mr. Karp explained to the firm’s lawyers that the restrictions proposed by the Trump administration — like preventing Paul Weiss lawyers from entering federal buildings — would have prevented Paul Weiss from effectively representing its clients. But the settlement rankled many of the firm’s top litigators who wanted to challenge the White House’s executive order in court. - NYT\nAnd now, Karp joins a growing list of Epstein file casualties.",
    "summary": "The chairman of one of the nation's top law firms suddenly resigned Wednesday evening after a series of embarrassing emails emerged between him and Jeffrey Epstein became public in recent days. The firm, which has over 1,200 lawyers, represents some of the largest companies in the world, including Amazon, Exxon Mobil and the NFL - and has a reputation for providing free work to immigrant groups.",
    "highlightText": "",
    "highlightTitle": "",
    "highlightThreadTitle": "",
    "language": "english",
    "sentiment": "negative",
    "categories": [
        "Crime, Law and Justice",
        "Economy, Business and Finance"
    ],
    "topics": [
        "Economy, Business and Finance->corporate governance and csr",
        "Economy, Business and Finance->corporate news and profiles",
        "Economy, Business and Finance->business governance"
    ],
    "ai_allow": true,
    "has_canonical": false,
    "breaking": false,
    "webz_reporter": false,
    "external_links": [
        "https://www.youtube.com/embed/K3jJASJ1pLA?si=SU38IXqr9b7ywSiO&start=396",
        "https://www.nytimes.com/2026/02/04/business/brad-karp-paul-weiss-resigns-epstein.html",
        "https://www.prnewswire.com/news-releases/paul-weiss-appoints-scott-barshay-chairman-302679633.html",
        "https://youtube.com/embed/K3jJASJ1pLA?si=SU38IXqr9b7ywSiO&start=396",
        "https://www.youtube.com/embed/K3jJASJ1pLA",
        "https://nytimes.com/2026/02/04/business/brad-karp-paul-weiss-resigns-epstein.html",
        "https://prnewswire.com/news-releases/paul-weiss-appoints-scott-barshay-chairman-302679633.html"
    ],
    "external_images": [],
    "internal_images": [],
    "entities": {
        "persons": [
            {
                "name": "Paul Weiss",
                "sentiment": "negative"
            },
            {
                "name": "Brad Karp",
                "sentiment": "negative"
            },
            {
                "name": "Jeffrey Epstein",
                "sentiment": "none"
            }
        ],
        "locations": [],
        "organizations": [
            {
                "name": "NFL",
                "sentiment": "none",
                "tickers": [
                    {
                        "ticker": null,
                        "exchange": null
                    }
                ]
            },
            {
                "name": "Exxon Mobil",
                "sentiment": "none",
                "tickers": [
                    {
                        "ticker": "XOM",
                        "exchange": "New York Stock Exchange"
                    }
                ]
            },
            {
                "name": "Amazon",
                "sentiment": "none",
                "tickers": [
                    {
                        "ticker": "AMZN",
                        "exchange": "NASDAQ"
                    }
                ]
            }
        ]
    },
    "syndication": {
        "syndicated": false,
        "syndicate_id": null,
        "first_syndicated": false
    },
    "trust": {
        "categories": [
            "fake_news"
        ],
        "top_news": [],
        "bias": "center",
        "source": {
            "type": null,
            "city": null,
            "state": null,
            "country": null,
            "domain_type": null,
            "agency": null,
            "organization_name": null
        }
    },
    "rating": null,
    "crawled": "2026-02-05T08:09:20.310+02:00",
    "updated": "2026-02-05T08:15:26.000+02:00"
}