{
    "thread": {
        "uuid": "f8dc3b9e2710ecd75bdc4ad28f8eea1551596404",
        "url": "https://www.marketscreener.com/news/bravida-sues-ornskoldsvik-municipality-for-50-million-kronor-di-ce7e5adbdb88f326",
        "site_full": "www.marketscreener.com",
        "site": "marketscreener.com",
        "site_section": "https://www.marketscreener.com/news/companies",
        "site_categories": [
            "finance",
            "investing",
            "photography",
            "financial_news",
            "economy, business and finance",
            "science and technology",
            "hobbies_and_interests"
        ],
        "section_title": "Stock Market Listed Companies News - MarketScreener",
        "site_title": "Stock Market Today : Reports, Quotes and News - MarketScreener",
        "title": "Bravida Sues Örnsköldsvik Municipality for 50 Million Kronor - Di | MarketScreener",
        "title_full": "Bravida Sues Örnsköldsvik Municipality for 50 Million Kronor - Di | MarketScreener",
        "published": "2026-02-05T08:03:00.000+02:00",
        "replies_count": 0,
        "participants_count": 1,
        "site_type": "news",
        "country": "DE",
        "main_image": "https://www.marketscreener.com/images/twitter_MS_fdblanc.png",
        "performance_score": 0,
        "domain_rank": 11487,
        "domain_rank_updated": "2026-02-01T23:00:00.000+02:00",
        "licensing_agency": [],
        "social": {
            "facebook": {
                "likes": 0,
                "comments": 0,
                "shares": 0
            },
            "vk": {
                "shares": 0
            }
        }
    },
    "uuid": "f8dc3b9e2710ecd75bdc4ad28f8eea1551596404",
    "url": "https://www.marketscreener.com/news/bravida-sues-ornskoldsvik-municipality-for-50-million-kronor-di-ce7e5adbdb88f326",
    "ord_in_thread": 0,
    "author": "Finwire",
    "published": "2026-02-05T08:03:00.000+02:00",
    "title": "Bravida Sues Örnsköldsvik Municipality for 50 Million Kronor - Di | MarketScreener",
    "text": "BRAVIDA HOLDING AB +3.00% Installation company Bravida is suing the Örnsköldsvik municipal group for 50 million kronor in damages after the municipality filed a police report against the company for suspected invoice fraud in the spring of 2025, Dagens industri reports.\nThe police report contributed to Bravida's market value dropping by 12.2 percent, equivalent to just over 2 billion kronor. Two months later, police closed the case after finding no grounds to suspect a crime.\nIn its lawsuit filed with the Ångermanland District Court, Bravida cites, among other things, the stock price drop and is also demanding payment of approximately 14 million kronor, including late payment interest, for unpaid invoices relating to electrical, heating, and sanitation work from September 2024 to October 2025. © Finwire - 2026",
    "summary": "BRAVIDA HOLDING AB +3.00% Installation company Bravida is suing the Örnsköldsvik municipal group for 50 million kronor in damages after the municipality filed a police report against the company for suspected invoice fraud in the spring of 2025, Dagens industri reports. The police report contributed to Bravida's market value dropping by 12.2 percent, equivalent to just over 2 billion kronor. Two months later, police closed the case after finding no grounds to suspect a crime.",
    "highlightText": "",
    "highlightTitle": "",
    "highlightThreadTitle": "",
    "language": "english",
    "sentiment": "negative",
    "categories": [
        "Economy, Business and Finance",
        "Crime, Law and Justice"
    ],
    "topics": [
        "Economy, Business and Finance->business restructuring",
        "Economy, Business and Finance->business governance",
        "Crime, Law and Justice->court"
    ],
    "ai_allow": true,
    "has_canonical": false,
    "breaking": false,
    "webz_reporter": false,
    "external_links": [
        "https://telegram.me/share/url?url=https%3A%2F%2Fwww.marketscreener.com%2Fnews%2Fbravida-sues-ornskoldsvik-municipality-for-50-million-kronor-di-ce7e5adbdb88f326%3Futm_source%3Dtelegram%26utm_medium%3Dsocial%26utm_campaign%3Dshare",
        "https://www.facebook.com/sharer/sharer.php?u=https%3A%2F%2Fwww.marketscreener.com%2Fnews%2Fbravida-sues-ornskoldsvik-municipality-for-50-million-kronor-di-ce7e5adbdb88f326%3Futm_source%3Dfacebook%26utm_medium%3Dsocial%26utm_campaign%3Dshare",
        "https://x.com/intent/tweet?text=Bravida",
        "https://www.linkedin.com/shareArticle?mini=true&url=https%3A%2F%2Fwww.marketscreener.com%2Fnews%2Fbravida-sues-ornskoldsvik-municipality-for-50-million-kronor-di-ce7e5adbdb88f326%3Futm_source%3Dlinkedin%26utm_medium%3Dsocial%26utm_campaign%3Dshare&title=Bravida",
        "https://wa.me/?text=https%3A%2F%2Fwww.marketscreener.com%2Fnews%2Fbravida-sues-ornskoldsvik-municipality-for-50-million-kronor-di-ce7e5adbdb88f326%3Futm_source%3Dwhatsapp%26utm_medium%3Dsocial%26utm_campaign%3Dshare",
        "https://facebook.com/sharer/sharer.php?u=https%3A%2F%2Fwww.marketscreener.com%2Fnews%2Fbravida-sues-ornskoldsvik-municipality-for-50-million-kronor-di-ce7e5adbdb88f326%3Futm_source%3Dfacebook%26utm_medium%3Dsocial%26utm_campaign%3Dshare",
        "https://x.com/intent/tweet",
        "https://www.wa.me/?text=https%3A%2F%2Fwww.marketscreener.com%2Fnews%2Fbravida-sues-ornskoldsvik-municipality-for-50-million-kronor-di-ce7e5adbdb88f326%3Futm_source%3Dwhatsapp%26utm_medium%3Dsocial%26utm_campaign%3Dshare",
        "https://www.x.com/intent/tweet?text=Bravida",
        "https://telegram.me/share/url",
        "https://wa.me/",
        "https://www.facebook.com/sharer/sharer.php",
        "https://www.linkedin.com/shareArticle",
        "https://www.telegram.me/share/url?url=https%3A%2F%2Fwww.marketscreener.com%2Fnews%2Fbravida-sues-ornskoldsvik-municipality-for-50-million-kronor-di-ce7e5adbdb88f326%3Futm_source%3Dtelegram%26utm_medium%3Dsocial%26utm_campaign%3Dshare",
        "https://linkedin.com/shareArticle?mini=true&url=https%3A%2F%2Fwww.marketscreener.com%2Fnews%2Fbravida-sues-ornskoldsvik-municipality-for-50-million-kronor-di-ce7e5adbdb88f326%3Futm_source%3Dlinkedin%26utm_medium%3Dsocial%26utm_campaign%3Dshare&title=Bravida"
    ],
    "external_images": [],
    "internal_images": [],
    "entities": {
        "persons": [],
        "locations": [
            {
                "name": "Örnsköldsvik Municipality",
                "sentiment": "none"
            }
        ],
        "organizations": [
            {
                "name": "BRAVIDA HOLDING AB",
                "sentiment": "negative",
                "tickers": [
                    {
                        "ticker": "BRAVID",
                        "exchange": "NASDAQ STHLM"
                    }
                ]
            },
            {
                "name": "Dagens industri",
                "sentiment": "none",
                "tickers": [
                    {
                        "ticker": null,
                        "exchange": null
                    }
                ]
            },
            {
                "name": "Ångermanland District Court",
                "sentiment": "none",
                "tickers": []
            }
        ]
    },
    "syndication": {
        "syndicated": false,
        "syndicate_id": null,
        "first_syndicated": false
    },
    "trust": {
        "categories": [],
        "top_news": [],
        "bias": null,
        "source": {
            "type": null,
            "city": null,
            "state": null,
            "country": null,
            "domain_type": null,
            "agency": null,
            "organization_name": null
        }
    },
    "rating": null,
    "crawled": "2026-02-05T08:15:14.074+02:00",
    "updated": "2026-02-05T08:18:16.000+02:00"
}