{
    "thread": {
        "uuid": "56d9b4a9ac9290292dc7b133b841d9eada596e3a",
        "url": "https://www.newscentermaine.com/video/news/nation-world/us-blocks-oil-deliveries-to-cuba/97-b3b9d8d2-ab3b-4622-adeb-a3fddb88a13a",
        "site_full": "www.newscentermaine.com",
        "site": "newscentermaine.com",
        "site_section": "https://www.newscentermaine.com/section/news",
        "site_categories": [
            "crime, law and justice",
            "sport",
            "politics",
            "weather",
            "media"
        ],
        "section_title": "Maine&#x27;s Leading Local News: Weather, Traffic, Sports and more | Maine | NewsCenterMaine.com | newscentermaine.com",
        "site_title": "Maine&#x27;s Leading Local News: Weather, Traffic, Sports and more | Maine | newscentermaine.com",
        "title": "US blocks oil deliveries to Cuba | newscentermaine.com",
        "title_full": "US blocks oil deliveries to Cuba | newscentermaine.com",
        "published": "2026-02-05T01:29:00.000+02:00",
        "replies_count": 0,
        "participants_count": 1,
        "site_type": "news",
        "country": "US",
        "main_image": "https://media.newscentermaine.com/assets/NCM/images/86db46c7-9433-4382-a064-543168e76174/20260205T043701/86db46c7-9433-4382-a064-543168e76174_1140x641.jpg",
        "performance_score": 0,
        "domain_rank": 36766,
        "domain_rank_updated": "2026-02-01T23:00:00.000+02:00",
        "licensing_agency": [],
        "social": {
            "facebook": {
                "likes": 0,
                "comments": 0,
                "shares": 0
            },
            "vk": {
                "shares": 0
            }
        }
    },
    "uuid": "56d9b4a9ac9290292dc7b133b841d9eada596e3a",
    "url": "https://www.newscentermaine.com/video/news/nation-world/us-blocks-oil-deliveries-to-cuba/97-b3b9d8d2-ab3b-4622-adeb-a3fddb88a13a",
    "ord_in_thread": 0,
    "author": "Author newscentermaine com",
    "published": "2026-02-05T01:29:00.000+02:00",
    "title": "US blocks oil deliveries to Cuba | newscentermaine.com",
    "text": "Skip Navigation\nNavigation\nNews\nBack\nWeather\nSearch\nSearch:\nSearch\nRight Now\nPortland, ME »\n21°\nPortland, ME »\nMaine Things To Do\nFeed Maine\nAdvertise With Us\nLet's Talk About It\nBig Ol' Fish\nVarsity Club\nPFAS\nTick Talk\nPriced Out\nMyler Makes It\nGardening with Gutner\nVERIFY\nMaine's Changing Climate\nClosings and Delays\nTV Listings\nClosing Registration\nGift Shop\nNCM Jobs\nMeet The Team\nLive 24/7 Radar\nBreaking News\nMore (\n) »\nUS blocks oil deliveries to Cuba\nTo stream NCM on your phone, you need the NCM app.\nDownload the NCM app\nCuba has only 15 to 20 days left of oil at current levels of demand, according to The Financial Times.\nBefore You Leave, Check This Out",
    "summary": "US blocks oil deliveries to Cuba To stream NCM on your phone, you need the NCM app. Cuba has only 15 to 20 days left of oil at current levels of demand, according to The Financial Times. Before You Leave, Check This Out",
    "highlightText": "",
    "highlightTitle": "",
    "highlightThreadTitle": "",
    "language": "english",
    "sentiment": "negative",
    "categories": [
        "Politics",
        "Economy, Business and Finance"
    ],
    "topics": [
        "Politics->international relations",
        "Economy, Business and Finance->energy and resource"
    ],
    "ai_allow": true,
    "has_canonical": false,
    "breaking": null,
    "webz_reporter": false,
    "external_links": [],
    "external_images": [],
    "internal_images": [],
    "entities": {
        "persons": [
            {
                "name": "Myler",
                "sentiment": "none"
            }
        ],
        "locations": [
            {
                "name": "Cuba",
                "sentiment": "none"
            },
            {
                "name": "Portland",
                "sentiment": "none"
            },
            {
                "name": "ME",
                "sentiment": "none"
            },
            {
                "name": "US",
                "sentiment": "none"
            },
            {
                "name": "Maine",
                "sentiment": "none"
            }
        ],
        "organizations": [
            {
                "name": "NCM",
                "sentiment": "none",
                "tickers": [
                    {
                        "ticker": null,
                        "exchange": null
                    }
                ]
            }
        ]
    },
    "syndication": {
        "syndicated": false,
        "syndicate_id": null,
        "first_syndicated": false
    },
    "trust": {
        "categories": null,
        "top_news": [],
        "bias": "center",
        "source": {
            "type": "local_news",
            "city": [
                "South Portland",
                "Augusta",
                "West Kennebunk",
                "Portland",
                "Cumberland Center",
                "Bangor"
            ],
            "state": [
                "Maine"
            ],
            "country": [
                "US"
            ],
            "domain_type": null,
            "agency": null,
            "organization_name": null
        }
    },
    "rating": null,
    "crawled": "2026-02-05T07:43:30.425+02:00",
    "updated": "2026-02-05T07:48:02.000+02:00"
}