{
    "thread": {
        "uuid": "10f1b520c17a6d15efce2a079be8649bdb3425ad",
        "url": "https://madison.com/article_124a0642-4658-47d6-9246-259cfa6deabe.html",
        "site_full": "madison.com",
        "site": "madison.com",
        "site_section": "https://madison.com/search/?f=rss",
        "site_categories": [
            "media"
        ],
        "section_title": "madison.com - RSS Results",
        "site_title": "Wisconsin State Journal| Breaking News and Sports | Read Madison, WI and Wisconsin breaking news. Get latest news, events and information on Wisconsin sports, weather, entertainment and lifestyles.",
        "title": "Wall Street soars; Main Street suffers",
        "title_full": "Wall Street soars; Main Street suffers",
        "published": "2025-07-31T06:35:00.000+03:00",
        "replies_count": 0,
        "participants_count": 0,
        "site_type": "news",
        "country": "US",
        "main_image": "https://bloximages.chicago2.vip.townnews.com/madison.com/content/tncms/custom/image/ce2dd33a-7a28-11ed-bbcf-032e1181320a.png?resize=600%2C315",
        "performance_score": 0,
        "domain_rank": 4638,
        "domain_rank_updated": "2025-06-03T00:00:00.000+03:00",
        "licensing_agency": [],
        "social": {
            "facebook": {
                "likes": 0,
                "comments": 0,
                "shares": 0
            },
            "vk": {
                "shares": 0
            }
        }
    },
    "uuid": "10f1b520c17a6d15efce2a079be8649bdb3425ad",
    "url": "https://madison.com/article_124a0642-4658-47d6-9246-259cfa6deabe.html",
    "ord_in_thread": 0,
    "author": null,
    "published": "2025-07-31T06:35:00.000+03:00",
    "title": "Wall Street soars; Main Street suffers",
    "text": "Trump officials like to say their policies are focused on helping Main Street, not Wall Street. “Wall Street has done very well over the past few decades, and now it is Main Street’s turn to shine,” Treasury Secretary Scott Bessent said recently. In case he hasn’t noticed, Wall Street is doing great, Main Street not so much.\nPresident’s Trump’s whipsawing tariffs have increased volatility in equities, fixed-income and commodity markets along with foreign exchange rates. Such fluctuations make it harder for businesses to invest and may mean they have to pay more to hedge financial risks. But the volatility has been a gold mine for Wall Street trading desks.\nFinancial industry news site Investment Executive reported that the largest U.S. investment banks recorded a 17% aggregate increase in trading revenues in the second quarter compared to the same period last year. Goldman Sachs and Morgan Stanley reported more than a 20% increase in equities trading revenue. Talk about springtime for bankers.\nTrump’s semi-tariff reprieve with Japan seems to have prompted investors to double down on the TACO trade — “Trump always chickens out” — and sent the S&P 500 and Nasdaq to new highs. The price-earnings ratio for the S&P 500 is close to record levels, which suggests that valuations may be stretched.\nLook no further than so-called meme stocks, which are experiencing a mania a la early 2021. As then, retail traders are making leveraged bets on stocks that have large short-interest plays such as Kohl’s, GoPro, Opendoor and Krispy Kreme. Hedge funds are riding the stock-market roller coaster to riches , and day traders want in on the fun . ...\nNone of this signals a shortage of liquidity, or that current interest rates are restricting credit conditions. Yet back on Main Street, businesses are struggling to borrow. Bank construction loans and housing starts have declined. Job growth has stalled in recent months in most industries outside of health care and government.\nTariffs are squeezing margins at many small and medium-sized businesses, which can’t absorb their costs or reconfigure supply chains as easily as the big guys. The Labor Department’s latest JOLTS survey showed hiring declined this spring for employers with fewer than 50 workers while modestly increasing for those with more than 1,000. The mass deportation crackdown has also reduced the available workforce for smaller employers.\nIf Trump wants more prosperity for the little guy, he’d worry less about cutting rates for Wall Street and more about easing his tariff and deportation campaigns for Main Street.",
    "highlightText": "",
    "highlightTitle": "",
    "highlightThreadTitle": "",
    "language": "english",
    "sentiment": "negative",
    "categories": [
        "Economy, Business and Finance",
        "Politics",
        "Social Issue"
    ],
    "topics": [
        "Economy, Business and Finance->business strategy and marketing",
        "Economy, Business and Finance->economy",
        "Economy, Business and Finance->financial and economic news",
        "Politics->government",
        "Politics->economic policy",
        "Politics->political process",
        "Social Issue->social condition",
        "Social Issue->discrimination"
    ],
    "ai_allow": false,
    "has_canonical": false,
    "breaking": null,
    "webz_reporter": false,
    "external_links": [
        "https://bloximages.chicago2.vip.townnews.com/central.leetemplates.com/content/tncms/live/global/resources/images/ima_placeholder_video.mp4",
        "https://www.bloximages.chicago2.vip.townnews.com/central.leetemplates.com/content/tncms/live/global/resources/images/ima_placeholder_video.mp4"
    ],
    "external_images": [],
    "internal_images": [],
    "entities": {
        "persons": [
            {
                "name": "Scott Bessent",
                "sentiment": "none"
            }
        ],
        "locations": [],
        "organizations": [
            {
                "name": "Morgan Stanley",
                "sentiment": "none",
                "tickers": [
                    {
                        "ticker": "MS",
                        "exchange": "NYSE"
                    }
                ]
            },
            {
                "name": "Goldman Sachs",
                "sentiment": "none",
                "tickers": [
                    {
                        "ticker": null,
                        "exchange": null
                    }
                ]
            }
        ]
    },
    "syndication": {
        "syndicated": false,
        "syndicate_id": null,
        "first_syndicated": false
    },
    "trust": {
        "categories": [
            "trusted_news"
        ],
        "top_news": [],
        "bias": "center",
        "source": {
            "type": "local_news",
            "city": [
                "Como",
                "Madison",
                "Middleton",
                "Dane"
            ],
            "state": [
                "Wisconsin"
            ],
            "country": [
                "US"
            ],
            "domain_type": null,
            "agency": null,
            "organization_name": null
        }
    },
    "rating": null,
    "crawled": "2025-07-31T08:01:02.109+03:00",
    "updated": "2025-07-31T08:04:01.000+03:00"
}