{
    "thread": {
        "uuid": "264624e88e4373ac862e58863583a4607638497b",
        "url": "https://www.wevv.com/video/joann-fabrics-closing-500-stores/video_b20f7fb3-4b3b-5029-bbcc-7f4bc7dd8635.html",
        "site_full": "www.wevv.com",
        "site": "wevv.com",
        "site_section": "https://www.wevv.com/search/?f=rss&amp",
        "site_categories": [
            "media"
        ],
        "section_title": "www.wevv.com - RSS Results",
        "title": "Joann Fabrics closing 500 stores",
        "title_full": "Joann Fabrics closing 500 stores",
        "published": "2025-02-13T23:38:00.000+02:00",
        "replies_count": 0,
        "participants_count": 0,
        "site_type": "news",
        "country": "US",
        "main_image": "https://bloximages.newyork1.vip.townnews.com/wevv.com/content/tncms/assets/v3/editorial/b/20/b20f7fb3-4b3b-5029-bbcc-7f4bc7dd8635/67ae683513ffc.image.jpg?crop=1280%2C672%2C0%2C23&amp;resize=1200%2C630&amp;order=crop%2Cresize",
        "performance_score": 0,
        "domain_rank": 108913,
        "domain_rank_updated": "2025-02-10T23:00:00.000+02:00",
        "social": {
            "facebook": {
                "likes": 0,
                "comments": 0,
                "shares": 0
            },
            "vk": {
                "shares": 0
            }
        }
    },
    "uuid": "264624e88e4373ac862e58863583a4607638497b",
    "url": "https://www.wevv.com/video/joann-fabrics-closing-500-stores/video_b20f7fb3-4b3b-5029-bbcc-7f4bc7dd8635.html",
    "ord_in_thread": 0,
    "parent_url": null,
    "author": null,
    "published": "2025-02-13T23:38:00.000+02:00",
    "title": "Joann Fabrics closing 500 stores",
    "text": "Joann Fabrics closing 500 stores\nWeather Alert\n...The Flood Warning is extended for the following rivers in Kentucky...Indiana...Illinois... Ohio River at Newburgh Dam, Mount Vernon, J.T. Myers Dam and Shawneetown. .Recent rainfall and expected significant rainfall this weekend will continue to cause rises on the Ohio River that will last through next week. PRECAUTIONARY/PREPAREDNESS ACTIONS... Motorists should not attempt to drive around barricades or drive cars through flooded areas. Additional information is available at www.weather.gov. && ...FLOOD WARNING NOW IN EFFECT UNTIL FURTHER NOTICE... * WHAT...Minor flooding is occurring and minor flooding is forecast. * WHERE...Ohio River at Mount Vernon. * WHEN...Until further notice. * ADDITIONAL DETAILS... - At 6:00 AM CST Thursday the stage was 37.7 feet. - Forecast...The river is expected to rise to a crest of 40.8 feet Sunday, February 23. Additional rises are possible thereafter. - Flood stage is 35.0 feet. - http://www.weather.gov/safety/flood &&\n...The Flood Warning is extended for the following rivers in Kentucky...Indiana...Illinois... Ohio River at Newburgh Dam, Mount Vernon, J.T. Myers Dam and Shawneetown. .Recent rainfall and expected significant rainfall this weekend will continue to cause rises on the Ohio River that will last through next week. PRECAUTIONARY/PREPAREDNESS ACTIONS... Motorists should not attempt to drive around barricades or drive cars through flooded areas. Additional information is available at www.weather.gov. && ...FLOOD WARNING NOW IN EFFECT UNTIL FURTHER NOTICE... * WHAT...Minor flooding is occurring and minor flooding is forecast. * WHERE...Ohio River at Newburgh Dam. * WHEN...Until further notice. * ADDITIONAL DETAILS... - At 10:00 AM CST Thursday the stage was 41.7 feet. - Forecast...The river is expected to rise to a crest of 44.2 feet Sunday, February 23. Additional rises are possible thereafter. - Flood stage is 38.0 feet. - http://www.weather.gov/safety/flood &&\nCurrently in Evansville\n30°F\nMostly Cloudy\n30°F / 25°F\n5 PM\n28°F\n6 PM\n26°F\n7 PM\n24°F\n8 PM\n22°F\n9 PM\n21°F\n© Copyright 2025\nAllen Media Broadcasting, 477 Carpenter St. Evansville, IN |Terms of Use|Privacy PolicyPowered by",
    "highlightText": "",
    "highlightTitle": "",
    "highlightThreadTitle": "",
    "language": "english",
    "sentiment": "negative",
    "categories": [
        "Economy, Business and Finance",
        "Social Issue",
        "Crime, Law and Justice"
    ],
    "topics": [
        "Economy, Business and Finance->consumer goods",
        "Economy, Business and Finance->business restructuring",
        "Social Issue->poverty",
        "Social Issue->social problem",
        "Social Issue->homelessness",
        "Crime, Law and Justice->corporate crime",
        "Crime, Law and Justice->administrative law",
        "Crime, Law and Justice->law"
    ],
    "ai_allow": false,
    "has_canonical": false,
    "breaking": false,
    "webz_reporter": false,
    "external_links": [
        "https://allenmediabroadcasting.com/",
        "https://allenmediabroadcasting.com",
        "https://www.allenmediabroadcasting.com/"
    ],
    "external_images": [],
    "entities": {
        "persons": [],
        "organizations": [],
        "locations": []
    },
    "syndication": {
        "syndicated": false,
        "syndicate_id": null,
        "first_syndicated": false
    },
    "trust": null,
    "rating": null,
    "crawled": "2025-02-14T00:07:14.857+02:00",
    "updated": "2025-02-14T00:07:14.857+02:00"
}