{
    "thread": {
        "uuid": "9ac467935dd59d403ec1306355d8e2a3843e869e",
        "url": "https://flipboard.com/topic/advertising/coke-refreshes-share-a-coke-to-reach-gen-z-with-digital-experiences/a-VvW9GHT3Q62bFSLlufv2qw%3Aa%3A3160402972-99df5529dc%2Fmarketingdive.com",
        "site_full": "flipboard.com",
        "site": "flipboard.com",
        "site_section": "https://flipboard.com/topic/advertising",
        "site_categories": [
            "family_and_parenting",
            "eldercare"
        ],
        "section_title": "Discover More in Advertising on Flipboard",
        "site_title": "Flipboard: Your Social Magazine",
        "title": "Coke refreshes 'Share a Coke' to reach Gen Z with digital experiences | Flipboard",
        "title_full": "Coke refreshes 'Share a Coke' to reach Gen Z with digital experiences | Flipboard",
        "published": "2025-03-27T00:24:00.000+02:00",
        "replies_count": 0,
        "participants_count": 1,
        "site_type": "news",
        "country": "US",
        "main_image": "https://imgproxy.divecdn.com/BBU2ZPvmhMaHWZxUeR66O8-HdQXpofynv4A8AVFlvQk/g:ce/rs:fit:1600:756/Z3M6Ly9kaXZlc2l0ZS1zdG9yYWdlL2RpdmVpbWFnZS9zaGFyZS1hLWNva2UuanBlZw==.webp",
        "performance_score": 0,
        "domain_rank": 1229,
        "domain_rank_updated": "2025-03-24T23:00:00.000+02:00",
        "licensing_agency": [],
        "social": {
            "facebook": {
                "likes": 0,
                "comments": 0,
                "shares": 0
            },
            "vk": {
                "shares": 0
            }
        }
    },
    "uuid": "9ac467935dd59d403ec1306355d8e2a3843e869e",
    "url": "https://flipboard.com/topic/advertising/coke-refreshes-share-a-coke-to-reach-gen-z-with-digital-experiences/a-VvW9GHT3Q62bFSLlufv2qw%3Aa%3A3160402972-99df5529dc%2Fmarketingdive.com",
    "ord_in_thread": 0,
    "author": "Css-; Object-Fitcover; Border-Radius; Border; 0",
    "published": "2025-03-27T00:24:00.000+02:00",
    "title": "Coke refreshes 'Share a Coke' to reach Gen Z with digital experiences | Flipboard",
    "text": "Trump imposes sweeping auto tariffs in latest trade crackdown\nPresident Trump on Wednesday announced 25% tariffs on automakers that do not produce cars in the U.S., effective on April 2. Why it matters: The auto …",
    "highlightText": "",
    "highlightTitle": "",
    "highlightThreadTitle": "",
    "language": "english",
    "sentiment": "negative",
    "categories": [
        "Economy, Business and Finance",
        "Politics",
        "Social Issue"
    ],
    "topics": [
        "Economy, Business and Finance->business strategy and marketing",
        "Economy, Business and Finance->foreign exchange market",
        "Economy, Business and Finance->business governance",
        "Politics->government",
        "Politics->economic policy",
        "Politics->political campaigns",
        "Social Issue->social problem",
        "Social Issue->diversity, equity and inclusion",
        "Social Issue->discrimination"
    ],
    "ai_allow": true,
    "has_canonical": false,
    "breaking": false,
    "webz_reporter": false,
    "external_links": [],
    "entities": {
        "persons": [
            {
                "name": "Trump",
                "sentiment": "positive"
            }
        ],
        "locations": [
            {
                "name": "U.S.",
                "sentiment": "positive"
            }
        ],
        "organizations": []
    },
    "syndication": {
        "syndicated": false,
        "syndicate_id": null,
        "first_syndicated": false
    },
    "trust": {
        "categories": []
    },
    "rating": null,
    "crawled": "2025-03-27T00:27:18.433+02:00",
    "updated": "2025-03-27T00:27:18.433+02:00"
}