{
    "thread": {
        "uuid": "94c07325709a486e75f3cd334557ed48a8444616",
        "url": "https://www.gurufocus.com/news/2752560/swks-investors-have-opportunity-to-lead-skyworks-solutions-inc-securities-fraud-lawsuit",
        "site_full": "www.gurufocus.com",
        "site": "gurufocus.com",
        "site_section": "https://www.gurufocus.com/rss.php",
        "site_categories": [
            "investing",
            "financial_news",
            "finance"
        ],
        "section_title": "GuruFocus New Articles",
        "site_title": "GuruFocus | Stock Market Research, Data and Tools",
        "title": "SWKS Investors Have Opportunity to Lead Skyworks Solutions, Inc. Securities Fraud Lawsuit",
        "title_full": "SWKS Investors Have Opportunity to Lead Skyworks Solutions, Inc. Securities Fraud Lawsuit",
        "published": "2025-03-27T00:36:39.006+02:00",
        "replies_count": 0,
        "participants_count": 1,
        "site_type": "news",
        "country": "US",
        "main_image": "https://static.gurufocus.com/images/global_logo_twitter_card.png",
        "performance_score": 0,
        "domain_rank": 8558,
        "domain_rank_updated": "2025-03-24T23:00:00.000+02:00",
        "licensing_agency": [],
        "social": {
            "facebook": {
                "likes": 0,
                "comments": 0,
                "shares": 0
            },
            "vk": {
                "shares": 0
            }
        }
    },
    "uuid": "94c07325709a486e75f3cd334557ed48a8444616",
    "url": "https://www.gurufocus.com/news/2752560/swks-investors-have-opportunity-to-lead-skyworks-solutions-inc-securities-fraud-lawsuit",
    "ord_in_thread": 0,
    "author": "@gurufocus",
    "published": "2025-03-27T00:36:39.006+02:00",
    "title": "SWKS Investors Have Opportunity to Lead Skyworks Solutions, Inc. Securities Fraud Lawsuit",
    "text": "PR Newswire\nNEW YORK, March 26, 2025\nNEW YORK, March 26, 2025 /PRNewswire/ --\nWhy: Rosen Law Firm, a global investor rights law firm, reminds purchasers of securities of Skyworks Solutions, Inc. (NASDAQ: SWKS) between July 30, 2024 and February 5, 2025, both dates inclusive (the \"Class Period\"), of the important May 5, 2025 lead plaintiff deadline.\nSo what: If you purchased Skyworks securities during the Class Period you may be entitled to compensation without payment of any out of pocket fees or costs through a contingency fee arrangement.\nWhat to do next: To join the Skyworks class action, go to https://rosenlegal.com/submit-form/?case_id=36328 or call Phillip Kim, Esq. toll-free at 866-767-3653 or email [[email protected]](/cdn-cgi/l/email-protection#b7d4d6c4d2f7c5d8c4d2d9dbd2d0d6db99d4d8da) for information on the class action. A class action lawsuit has already been filed. If you wish to serve as lead plaintiff, you must move the Court no later than May 5, 2025. A lead plaintiff is a representative party acting on behalf of other class members in directing the litigation.\nWhy Rosen Law: We encourage investors to select qualified counsel with a track record of success in leadership roles. Often, firms issuing notices do not have comparable experience, resources, or any meaningful peer recognition. Many of these firms do not actually litigate securities class actions, but are merely middlemen that refer clients or partner with law firms that actually litigate the cases. Be wise in selecting counsel. The Rosen Law Firm represents investors throughout the globe, concentrating its practice in securities class actions and shareholder derivative litigation. Rosen Law Firm achieved the largest ever securities class action settlement against a Chinese Company at the time. Rosen Law Firm was Ranked No. 1 by ISS Securities Class Action Services for number of securities class action settlements in 2017. The firm has been ranked in the top 4 each year since 2013 and has recovered hundreds of millions of dollars for investors. In 2019 alone the firm secured over $438 million for investors. In 2020, founding partner Laurence Rosen was named by law360 as a Titan of Plaintiffs' Bar. Many of the firm's attorneys have been recognized by Lawdragon and Super Lawyers.\nDetails of the case: According to the lawsuit, during the Class Period, defendants provided investors with material information concerning Skyworks' expected revenue for the fiscal year 2025. Defendants' statements included, among other things, confidence in Skyworks' ability to expand its mobile business and capitalize on its growth potential by investing in new technologies to diversify its portfolio of offerings. Defendants provided these overwhelmingly positive statements to investors while, at the same time, disseminating materially false and misleading statements and/or concealing material adverse facts concerning the true state of Skyworks' client base; notably, that its long-standing relationship with Apple, its largest customer, did not guarantee that Apple would maintain its business relationship with Skyworks for its anticipated iPhone launch. Additionally, defendants oversold Skyworks' position and ability to capitalize on AI in the smartphone upgrade cycle. When the true details entered the market, the lawsuit claims that investors suffered damages.\nTo join the Skyworks class action, go to https://rosenlegal.com/submit-form/?case_id=36328 or call Phillip Kim, Esq. toll-free at 866-767-3653 or email [[email protected]](/cdn-cgi/l/email-protection#a4c7c5d7c1e4d6cbd7c1cac8c1c3c5c88ac7cbc9) for information on the class action.\nNo Class Has Been Certified. Until a class is certified, you are not represented by counsel unless you retain one. You may select counsel of your choice. You may also remain an absent class member and do nothing at this point. An investor's ability to share in any potential future recovery is not dependent upon serving as lead plaintiff.\nFollow us for updates on LinkedIn: https://www.linkedin.com/company/the-rosen-law-firm, on Twitter: https://twitter.com/rosen_firm or on Facebook: https://www.facebook.com/rosenlawfirm/.\nAttorney Advertising. Prior results do not guarantee a similar outcome.\nContact Information:\nLaurence Rosen, Esq.\nPhillip Kim, Esq.\nThe Rosen Law Firm, P.A.\n275 Madison Avenue, 40th Floor\nNew York, NY 10016\nTel: (212) 686-1060\nToll Free: (866) 767-3653\nFax: (212) 202-3827[[email protected]](/cdn-cgi/l/email-protection#ddbebcaeb89dafb2aeb8b3b1b8babcb1f3beb2b0)www.rosenlegal.com\nView original content to download multimedia:https://www.prnewswire.com/news-releases/swks-investors-have-opportunity-to-lead-skyworks-solutions-inc-securities-fraud-lawsuit-302412343.html\nSOURCE THE ROSEN LAW FIRM, P. A.",
    "highlightText": "",
    "highlightTitle": "",
    "highlightThreadTitle": "",
    "language": "english",
    "sentiment": "negative",
    "categories": [
        "Economy, Business and Finance",
        "Politics",
        "Social Issue"
    ],
    "topics": [
        "Economy, Business and Finance->financial service",
        "Economy, Business and Finance->business reporting and performance",
        "Politics->government",
        "Politics->political candidates",
        "Politics->political process",
        "Social Issue->social problem",
        "Social Issue->diversity, equity and inclusion",
        "Social Issue->discrimination"
    ],
    "ai_allow": true,
    "has_canonical": false,
    "breaking": false,
    "webz_reporter": false,
    "external_links": [
        "https://www.prnewswire.com/news-releases/swks-investors-have-opportunity-to-lead-skyworks-solutions-inc-securities-fraud-lawsuit-302412343.html",
        "https://c212.net/c/link/?t=0&l=en&o=4392228-1&h=4262765146&u=https%3A%2F%2Fwww.linkedin.com%2Fcompany%2Fthe-rosen-law-firm&a=https%3A%2F%2Fwww.linkedin.com%2Fcompany%2Fthe-rosen-law-firm",
        "https://c212.net/c/link/?t=0&l=en&o=4392228-1&h=877519139&u=https%3A%2F%2Fwww.facebook.com%2Frosenlawfirm%2F&a=https%3A%2F%2Fwww.facebook.com%2Frosenlawfirm%2F",
        "https://c212.net/c/link/?t=0&l=en&o=4392228-1&h=3506061860&u=https%3A%2F%2Frosenlegal.com%2Fsubmit-form%2F%3Fcase_id%3D36328&a=https%3A%2F%2Frosenlegal.com%2Fsubmit-form%2F%3Fcase_id%3D36328",
        "https://c212.net/c/link/?t=0&l=en&o=4392228-1&h=3295733774&u=https%3A%2F%2Ftwitter.com%2Frosen_firm&a=https%3A%2F%2Ftwitter.com%2Frosen_firm",
        "https://c212.net/c/link/?t=0&l=en&o=4392228-1&h=2845085634&u=http%3A%2F%2Fwww.rosenlegal.com%2F&a=www.rosenlegal.com",
        "https://www.c212.net/c/link/?t=0&l=en&o=4392228-1&h=3295733774&u=https%3A%2F%2Ftwitter.com%2Frosen_firm&a=https%3A%2F%2Ftwitter.com%2Frosen_firm",
        "https://prnewswire.com/news-releases/swks-investors-have-opportunity-to-lead-skyworks-solutions-inc-securities-fraud-lawsuit-302412343.html",
        "https://www.c212.net/c/link/?t=0&l=en&o=4392228-1&h=877519139&u=https%3A%2F%2Fwww.facebook.com%2Frosenlawfirm%2F&a=https%3A%2F%2Fwww.facebook.com%2Frosenlawfirm%2F",
        "https://www.c212.net/c/link/?t=0&l=en&o=4392228-1&h=3506061860&u=https%3A%2F%2Frosenlegal.com%2Fsubmit-form%2F%3Fcase_id%3D36328&a=https%3A%2F%2Frosenlegal.com%2Fsubmit-form%2F%3Fcase_id%3D36328",
        "https://www.c212.net/c/link/?t=0&l=en&o=4392228-1&h=4262765146&u=https%3A%2F%2Fwww.linkedin.com%2Fcompany%2Fthe-rosen-law-firm&a=https%3A%2F%2Fwww.linkedin.com%2Fcompany%2Fthe-rosen-law-firm",
        "https://c212.net/c/link/",
        "https://www.c212.net/c/link/?t=0&l=en&o=4392228-1&h=2845085634&u=http%3A%2F%2Fwww.rosenlegal.com%2F&a=www.rosenlegal.com"
    ],
    "entities": {
        "persons": [],
        "locations": [],
        "organizations": []
    },
    "syndication": {
        "syndicated": false,
        "syndicate_id": null,
        "first_syndicated": false
    },
    "trust": {
        "categories": []
    },
    "rating": null,
    "crawled": "2025-03-27T00:36:39.006+02:00",
    "updated": "2025-03-27T00:36:39.006+02:00"
}