{
    "thread": {
        "uuid": "29587b0ada7cc16992716aaea2d11a242866ac47",
        "url": "https://en.apa.az/america/auto-tariffs-will-be-permanent-trump-says-463700",
        "site_full": "en.apa.az",
        "site": "apa.az",
        "site_section": "https://en.apa.az/olympiad",
        "site_categories": [
            "media"
        ],
        "section_title": "APA.AZ- Latest news from Azerbaijan and the world",
        "site_title": null,
        "title": "Auto tariffs will be 'permanent', Trump says",
        "title_full": "Auto tariffs will be 'permanent', Trump says",
        "published": "2025-03-27T00:52:08.284+02:00",
        "replies_count": 0,
        "participants_count": 1,
        "site_type": "news",
        "country": "AZ",
        "main_image": "https://en.apa.az/storage/news/2025/march/27/resize/67e480eee994767e480eee9948174302846267e480eee994567e480eee9946.jpeg",
        "performance_score": 0,
        "domain_rank": 25570,
        "domain_rank_updated": "2025-03-24T23:00:00.000+02:00",
        "licensing_agency": [],
        "social": {
            "facebook": {
                "likes": 0,
                "comments": 0,
                "shares": 0
            },
            "vk": {
                "shares": 0
            }
        }
    },
    "uuid": "29587b0ada7cc16992716aaea2d11a242866ac47",
    "url": "https://en.apa.az/america/auto-tariffs-will-be-permanent-trump-says-463700",
    "ord_in_thread": 0,
    "author": "apa.az",
    "published": "2025-03-27T00:52:08.284+02:00",
    "title": "Auto tariffs will be 'permanent', Trump says",
    "text": "Auto tariffs will be 'permanent', Trump says © APA | Donald Trump, US President\n27 March 2025 02:42 (UTC +04:00) US President Donald Trump has said auto tariffs will last for the rest of his term, APA reports citing Reuters.\nPresident Donald Trump told a reporter today that he has spoken to the “Big Three” automakers — Ford, General Motors and Stellantis — about new auto tariffs that he says will go into effect next week.\n“If they have factories here, they’re thrilled,” Trump said. “If you don’t have factories here, you’re going to have to get going and build them because otherwise they have to pay tariffs, very simple.”\n\"If parts are made in America and a car isn't, those parts are not going to be taxed or tariffed,\" he said. \"And we'll have very strong policing.\"",
    "highlightText": "",
    "highlightTitle": "",
    "highlightThreadTitle": "",
    "language": "english",
    "sentiment": "negative",
    "categories": [
        "Economy, Business and Finance",
        "Politics",
        "Social Issue"
    ],
    "topics": [
        "Economy, Business and Finance->macro economics",
        "Economy, Business and Finance->economy",
        "Politics->national elections",
        "Politics->economic policy",
        "Politics->political candidates"
    ],
    "ai_allow": true,
    "has_canonical": false,
    "breaking": false,
    "webz_reporter": false,
    "external_links": [],
    "entities": {
        "persons": [
            {
                "name": "Donald Trump",
                "sentiment": "neutral"
            }
        ],
        "locations": [
            {
                "name": "US",
                "sentiment": "neutral"
            },
            {
                "name": "America",
                "sentiment": "neutral"
            }
        ],
        "organizations": [
            {
                "name": "Trump",
                "sentiment": "positive",
                "tickers": []
            },
            {
                "name": "APA",
                "sentiment": "neutral",
                "tickers": []
            },
            {
                "name": "Reuters",
                "sentiment": "neutral",
                "tickers": []
            },
            {
                "name": "Ford",
                "sentiment": "neutral",
                "tickers": []
            },
            {
                "name": "General Motors",
                "sentiment": "neutral",
                "tickers": []
            },
            {
                "name": "Stellantis",
                "sentiment": "neutral",
                "tickers": []
            }
        ]
    },
    "syndication": {
        "syndicated": false,
        "syndicate_id": null,
        "first_syndicated": false
    },
    "trust": {
        "categories": []
    },
    "rating": null,
    "crawled": "2025-03-27T00:52:08.284+02:00",
    "updated": "2025-03-27T00:52:08.284+02:00"
}