{
    "thread": {
        "uuid": "1af0903f9e13fb9418ee20d47e61c9915c706fe3",
        "url": "https://www.newsbreak.com/nbc-chicago-509956/3873260390839-stock-futures-fall-as-investors-weigh-trump-s-auto-tariffs-live-updates",
        "site_full": "www.newsbreak.com",
        "site": "newsbreak.com",
        "site_section": "https://www.newsbreak.com/nbc-chicago-509956",
        "site_categories": [
            "under_construction"
        ],
        "section_title": "NBC Chicago&#x27;s Home Page | NewsBreak",
        "site_title": "NewsBreak: Local News &amp; Alerts",
        "title": "Stock futures fall as investors weigh Trump's auto tariffs: Live updates - NewsBreak",
        "title_full": "Stock futures fall as investors weigh Trump's auto tariffs: Live updates - NewsBreak",
        "published": "2025-03-27T00:02:00.000+02:00",
        "replies_count": 0,
        "participants_count": 1,
        "site_type": "news",
        "country": "US",
        "main_image": "https://img.particlenews.com/img/id/13MJDi_0zxn4QP700",
        "performance_score": 0,
        "domain_rank": 3154,
        "domain_rank_updated": "2025-03-24T23:00:00.000+02:00",
        "licensing_agency": [],
        "social": {
            "facebook": {
                "likes": 0,
                "comments": 0,
                "shares": 0
            },
            "vk": {
                "shares": 0
            }
        }
    },
    "uuid": "1af0903f9e13fb9418ee20d47e61c9915c706fe3",
    "url": "https://www.newsbreak.com/nbc-chicago-509956/3873260390839-stock-futures-fall-as-investors-weigh-trump-s-auto-tariffs-live-updates",
    "ord_in_thread": 0,
    "author": "Brian Evans, CNBC",
    "published": "2025-03-27T00:02:00.000+02:00",
    "title": "Stock futures fall as investors weigh Trump's auto tariffs: Live updates - NewsBreak",
    "text": "Stock futures fall as investors weigh Trump's auto tariffs: Live updates\nBy Brian Evans, CNBC,\n57 minutes agoStock futures were lower on Wednesday, as investors weighed news on President Donald Trump's 25% tariff aimed at foreign cars. Futures tied to the Dow Jones Industrial Average fell 144 points, or 0.3%. S&P 500 futures slipped 0.4% while Nasdaq 100 futures were 0.4% lower. Trump had previously hinted that...",
    "highlightText": "",
    "highlightTitle": "",
    "highlightThreadTitle": "",
    "language": "english",
    "sentiment": "negative",
    "categories": [
        "Economy, Business and Finance",
        "Politics",
        "Social Issue"
    ],
    "topics": [
        "Economy, Business and Finance->business strategy and marketing",
        "Economy, Business and Finance->market and exchange",
        "Economy, Business and Finance->financial and economic news",
        "Politics->government",
        "Politics->international relations",
        "Politics->economic policy",
        "Social Issue->social condition"
    ],
    "ai_allow": true,
    "has_canonical": false,
    "breaking": false,
    "webz_reporter": false,
    "external_links": [],
    "entities": {
        "persons": [
            {
                "name": "Brian Evans",
                "sentiment": "negative"
            },
            {
                "name": "Donald Trump",
                "sentiment": "negative"
            }
        ],
        "locations": [],
        "organizations": [
            {
                "name": "Trump",
                "sentiment": "negative",
                "tickers": []
            },
            {
                "name": "CNBC",
                "sentiment": "negative",
                "tickers": []
            }
        ]
    },
    "syndication": {
        "syndicated": false,
        "syndicate_id": null,
        "first_syndicated": false
    },
    "trust": {
        "categories": []
    },
    "rating": null,
    "crawled": "2025-03-27T01:02:47.939+02:00",
    "updated": "2025-03-27T01:02:47.939+02:00"
}