{
    "thread": {
        "uuid": "c10521f4f3fc9eb3c0482bdc1e905ebb4be2bfa1",
        "url": "https://en.pressbee.net/show3815575.html",
        "site_full": "en.pressbee.net",
        "site": "pressbee.net",
        "site_section": "https://en.pressbee.net/rss.php",
        "site_categories": [],
        "section_title": "PressBee",
        "site_title": null,
        "title": "Trump announces 25 percent tariffs on all vehicle imports",
        "title_full": "Trump announces 25 percent tariffs on all vehicle imports",
        "published": "2025-03-27T00:43:37.602+02:00",
        "replies_count": 0,
        "participants_count": 1,
        "site_type": "news",
        "country": "EG",
        "main_image": "https://static.independent.co.uk/2025/03/26/21/47/GettyImages-2207070702.jpg?trim=0,0,0,0&width=1200&height=800&crop=1200:800",
        "performance_score": 0,
        "domain_rank": 85790,
        "domain_rank_updated": "2025-03-24T23:00:00.000+02:00",
        "licensing_agency": [],
        "social": {
            "facebook": {
                "likes": 0,
                "comments": 0,
                "shares": 0
            },
            "vk": {
                "shares": 0
            }
        }
    },
    "uuid": "c10521f4f3fc9eb3c0482bdc1e905ebb4be2bfa1",
    "url": "https://en.pressbee.net/show3815575.html",
    "ord_in_thread": 0,
    "author": "Independent",
    "published": "2025-03-27T00:43:37.602+02:00",
    "title": "Trump announces 25 percent tariffs on all vehicle imports",
    "text": "Vehicle tariffs were once set to be part of April 2 ‘liberation day’\n Read More Details\nFinally We wish PressBee provided you with enough information of ( Trump announces 25 percent tariffs on all vehicle imports )\nAlso on site :\nVehicle tariffs were once set to be part of April 2 ‘liberation day’\n Read More Details\nFinally We wish PressBee provided you with enough information of ( Trump announces 25 percent tariffs on all vehicle imports )\nAlso on site :",
    "highlightText": "",
    "highlightTitle": "",
    "highlightThreadTitle": "",
    "language": "english",
    "sentiment": "negative",
    "categories": [
        "Economy, Business and Finance",
        "Politics"
    ],
    "topics": [
        "Economy, Business and Finance->financial service",
        "Economy, Business and Finance->economy",
        "Economy, Business and Finance->business governance",
        "Politics->government budget",
        "Politics->national government",
        "Politics->economic policy"
    ],
    "ai_allow": true,
    "has_canonical": false,
    "breaking": false,
    "webz_reporter": false,
    "external_links": [
        "https://www.independent.co.uk/news/world/americas/us-politics/trump-tariffs-vehicle-imports-march-b2722265.html",
        "https://independent.co.uk/news/world/americas/us-politics/trump-tariffs-vehicle-imports-march-b2722265.html"
    ],
    "entities": {
        "persons": [],
        "locations": [],
        "organizations": [
            {
                "name": "Trump",
                "sentiment": "neutral",
                "tickers": []
            }
        ]
    },
    "syndication": {
        "syndicated": false,
        "syndicate_id": null,
        "first_syndicated": false
    },
    "trust": {
        "categories": []
    },
    "rating": null,
    "crawled": "2025-03-27T00:43:37.602+02:00",
    "updated": "2025-03-27T00:43:37.602+02:00"
}