{
    "thread": {
        "uuid": "ac6663cf8a02d9a78c7bbb1c4495bc1fd0dad14f",
        "url": "https://www.marketbeat.com/instant-alerts/fury-gold-mines-limited-nyseamericanfury-short-interest-down-878-in-february-2026-02-25/",
        "site_full": "www.marketbeat.com",
        "site": "marketbeat.com",
        "site_section": "https://news.google.com/search?q=down%20when%3A1h&hl=en-US&gl=US&ceid=US%3Aen",
        "site_categories": [
            "investing",
            "stocks",
            "financial_news",
            "finance",
            "economy, business and finance"
        ],
        "section_title": "Google News - Search",
        "site_title": "MarketBeat: Stock Market News and Research Tools",
        "title": "Fury Gold Mines Limited (NYSEAMERICAN:FURY) Short Interest Down 87.8% in February",
        "title_full": "Fury Gold Mines Limited (NYSEAMERICAN:FURY) Short Interest Down 87.8% in February",
        "published": "2026-02-26T07:21:00.000+02:00",
        "replies_count": 0,
        "participants_count": 1,
        "site_type": "news",
        "country": "US",
        "main_image": "https://www.marketbeat.com/logos/fury-gold-mines-limited-logo-1200x675.png?v=20240610134856",
        "performance_score": 0,
        "domain_rank": 17792,
        "domain_rank_updated": "2026-02-22T23:00:00.000+02:00",
        "licensing_agency": [],
        "social": {
            "facebook": {
                "likes": 0,
                "comments": 0,
                "shares": 0
            },
            "vk": {
                "shares": 0
            }
        }
    },
    "uuid": "ac6663cf8a02d9a78c7bbb1c4495bc1fd0dad14f",
    "url": "https://www.marketbeat.com/instant-alerts/fury-gold-mines-limited-nyseamericanfury-short-interest-down-878-in-february-2026-02-25/",
    "ord_in_thread": 0,
    "author": "MarketBeat",
    "published": "2026-02-26T07:21:00.000+02:00",
    "title": "Fury Gold Mines Limited (NYSEAMERICAN:FURY) Short Interest Down 87.8% in February",
    "text": "Fury Gold Mines Limited (NYSEAMERICAN:FURY) Short Interest Down 87.8% in February Written by MarketBeat February 25, 2026 Share Link copied to clipboard. Image from MarketBeat Media, LLC. Fury Gold Mines Limited ( NYSEAMERICAN:FURY - Get Free Report ) was the target of a significant decrease in short interest during the month of February. As of February 13th, there was short interest totaling 62,804 shares, a decrease of 87.8% from the January 29th total of 516,095 shares. Based on an average daily volume of 798,423 shares, the days-to-cover ratio is presently 0.1 days. Currently, 0.0% of the shares of the stock are short sold. Currently, 0.0% of the shares of the stock are short sold. Based on an average daily volume of 798,423 shares, the days-to-cover ratio is presently 0.1 days. Get Fury Gold Mines alerts: Sign Up Fury Gold Mines Stock Up 1.2% 3 International Stocks with Rising Short Interest\nShares of FURY traded up $0.01 during trading hours on Wednesday, reaching $0.76. The stock had a trading volume of 536,697 shares, compared to its average volume of 1,077,654. The company has a market cap of $142.15 million, a P/E ratio of -1.44 and a beta of 0.66. Fury Gold Mines has a 52 week low of $0.35 and a 52 week high of $1.02. The firm has a 50-day moving average of $0.70 and a 200 day moving average of $0.64. Wall Street Analyst Weigh In\nSeparately, HC Wainwright reissued a \"buy\" rating and set a $1.40 price objective on shares of Fury Gold Mines in a report on Tuesday, November 25th. One research analyst has rated the stock with a Buy rating, According to data from MarketBeat, Fury Gold Mines has an average rating of \"Buy\" and a consensus target price of $1.40.\nRead Our Latest Analysis on FURY Hedge Funds Weigh In On Fury Gold Mines\nSeveral institutional investors have recently modified their holdings of FURY. Bank of America Corp DE grew its position in shares of Fury Gold Mines by 590.0% in the 2nd quarter. Bank of America Corp DE now owns 103,500 shares of the company's stock valued at $51,000 after purchasing an additional 88,500 shares during the period. Virginia Wealth Management Group Inc. bought a new position in Fury Gold Mines in the third quarter valued at approximately $46,000. Virtu Financial LLC bought a new position in Fury Gold Mines in the third quarter valued at approximately $69,000. Goldman Sachs Group Inc. acquired a new position in shares of Fury Gold Mines in the fourth quarter valued at approximately $45,000. Finally, Renaissance Technologies LLC boosted its holdings in shares of Fury Gold Mines by 35.6% in the fourth quarter. Renaissance Technologies LLC now owns 1,274,885 shares of the company's stock valued at $752,000 after buying an additional 334,385 shares during the period. Institutional investors own 12.14% of the company's stock. About Fury Gold Mines ( Get Free Report )\nFury Gold Mines Inc is a Canadian-based mineral exploration and development company focused on identifying, acquiring and advancing high-quality gold projects in Canada. The company employs modern exploration techniques, including detailed geological modeling and systematic drilling programs, to define and expand mineral resources in established mining districts.\nFury Gold Mines' flagship asset is the Eau Claire gold project, located approximately 20 kilometres west of Val-d'Or in the prolific Abitibi greenstone belt of Quebec. Featured Articles\nThis instant news alert was generated by narrative science technology and financial data from MarketBeat in order to provide readers with the fastest reporting and unbiased coverage. Please send any questions or comments about this story to contact@marketbeat.com.\nShould You Invest $1,000 in Fury Gold Mines Right Now? Before you consider Fury Gold Mines, you'll want to hear this.\nMarketBeat keeps track of Wall Street's top-rated and best performing research analysts and the stocks they recommend to their clients on a daily basis. MarketBeat has identified the five stocks that top analysts are quietly whispering to their clients to buy now before the broader market catches on... and Fury Gold Mines wasn't on the list.\nWhile Fury Gold Mines currently has a Buy rating among analysts, top-rated analysts believe these five stocks are better buys.\nView The Five Stocks Here\n7 Stocks to Buy And Hold Forever Click the link to see MarketBeat's list of seven stocks and why their long-term outlooks are very promising.\nGet This Free Report Like this article? Share it with a colleague. Link copied to clipboard.",
    "summary": "Wall Street Analyst Weigh In Separately, HC Wainwright reissued a \"buy\" rating and set a $1.40 price objective on shares of Fury Gold Mines in a report on Tuesday, November 25th. Goldman Sachs Group Inc. acquired a new position in shares of Fury Gold Mines in the fourth quarter valued at approximately $45,000. The company employs modern exploration techniques, including detailed geological modeling and systematic drilling programs, to define and expand mineral resources in established mining districts.",
    "highlightText": "",
    "highlightTitle": "",
    "highlightThreadTitle": "",
    "language": "english",
    "sentiment": "negative",
    "categories": [
        "Economy, Business and Finance"
    ],
    "topics": [
        "Economy, Business and Finance->business and market analysis",
        "Economy, Business and Finance->metal and mineral mining and refining"
    ],
    "ai_allow": true,
    "has_canonical": false,
    "breaking": true,
    "webz_reporter": false,
    "external_links": [
        "https://twitter.com/intent/tweet?text=Fury+Gold+Mines+Limited+(NYSEAMERICAN%3aFURY)+Short+Interest+Down+87.8%25+in+February%20%24FURY%20%23FURY%20https://www.marketbeat.com/instant-alerts/fury-gold-mines-limited-nyseamericanfury-short-interest-down-878-in-february-2026-02-25/",
        "https://www.linkedin.com/cws/share?mini=true&url=https://www.marketbeat.com/instant-alerts/fury-gold-mines-limited-nyseamericanfury-short-interest-down-878-in-february-2026-02-25/",
        "https://www.facebook.com/sharer/sharer.php?u=https://www.marketbeat.com/instant-alerts/fury-gold-mines-limited-nyseamericanfury-short-interest-down-878-in-february-2026-02-25/",
        "https://www.americanconsumernews.net/scripts/standalone/viewcount.ashx?type=o&id=1104108&domain=marketbeat.com&referrer=",
        "https://api.stocktwits.com/widgets/share?via=MarketBeat&body=Fury+Gold+Mines+Limited+(NYSEAMERICAN%3aFURY)+Short+Interest+Down+87.8%25+in+February%20https://www.marketbeat.com/instant-alerts/fury-gold-mines-limited-nyseamericanfury-short-interest-down-878-in-february-2026-02-25/",
        "https://twitter.com/intent/tweet?text=Fury+Gold+Mines+Limited+(NYSEAMERICAN%3aFURY)+Short+Interest+Down+87.8%25+in+February%20https://www.marketbeat.com/instant-alerts/fury-gold-mines-limited-nyseamericanfury-short-interest-down-878-in-february-2026-02-25/",
        "https://www.linkedin.com/cws/share?mini=true&url=https://www.marketbeat.com/instant-alerts/fury-gold-mines-limited-nyseamericanfury-short-interest-down-878-in-february-2026-02-25",
        "https://api.stocktwits.com/widgets/share?via=MarketBeat&body=Fury+Gold+Mines+Limited+(NYSEAMERICAN%3aFURY)+Short+Interest+Down+87.8%25+in+February%20https://www.marketbeat.com/instant-alerts/fury-gold-mines-limited-nyseamericanfury-short-interest-down-878-in-february-2026-02-25",
        "https://twitter.com/intent/tweet?text=Fury+Gold+Mines+Limited+(NYSEAMERICAN%3aFURY)+Short+Interest+Down+87.8%25+in+February%20%24FURY%20%23FURY%20https://www.marketbeat.com/instant-alerts/fury-gold-mines-limited-nyseamericanfury-short-interest-down-878-in-february-2026-02-25",
        "https://api.stocktwits.com/widgets/share?via=MarketBeat&body=Fury+Gold+Mines+Limited+(NYSEAMERICAN%3aFURY)+Short+Interest+Down+87.8%25+in+February%20https://marketbeat.com/instant-alerts/fury-gold-mines-limited-nyseamericanfury-short-interest-down-878-in-february-2026-02-25/",
        "https://twitter.com/intent/tweet?text=Fury+Gold+Mines+Limited+(NYSEAMERICAN%3aFURY)+Short+Interest+Down+87.8%25+in+February%20https://www.marketbeat.com/instant-alerts/fury-gold-mines-limited-nyseamericanfury-short-interest-down-878-in-february-2026-02-25",
        "https://www.facebook.com/sharer/sharer.php",
        "https://www.facebook.com/sharer/sharer.php?u=https://www.marketbeat.com/instant-alerts/fury-gold-mines-limited-nyseamericanfury-short-interest-down-878-in-february-2026-02-25",
        "https://twitter.com/intent/tweet?text=Fury+Gold+Mines+Limited+(NYSEAMERICAN%3aFURY)+Short+Interest+Down+87.8%25+in+February%20https://marketbeat.com/instant-alerts/fury-gold-mines-limited-nyseamericanfury-short-interest-down-878-in-february-2026-02-25/",
        "https://www.linkedin.com/cws/share",
        "https://api.stocktwits.com/widgets/share",
        "https://www.americanconsumernews.net/scripts/standalone/viewcount.ashx",
        "https://twitter.com/intent/tweet?text=Fury+Gold+Mines+Limited+(NYSEAMERICAN%3aFURY)+Short+Interest+Down+87.8%25+in+February%20%24FURY%20%23FURY%20https://marketbeat.com/instant-alerts/fury-gold-mines-limited-nyseamericanfury-short-interest-down-878-in-february-2026-02-25/",
        "https://linkedin.com/cws/share?mini=true&url=https://marketbeat.com/instant-alerts/fury-gold-mines-limited-nyseamericanfury-short-interest-down-878-in-february-2026-02-25/",
        "https://americanconsumernews.net/scripts/standalone/viewcount.ashx?type=o&id=1104108&domain=marketbeat.com&referrer=",
        "https://twitter.com/intent/tweet",
        "https://facebook.com/sharer/sharer.php?u=https://marketbeat.com/instant-alerts/fury-gold-mines-limited-nyseamericanfury-short-interest-down-878-in-february-2026-02-25/"
    ],
    "external_images": [],
    "internal_images": [],
    "entities": {
        "persons": [],
        "locations": [],
        "organizations": [
            {
                "name": "Fury Gold Mines Limited",
                "sentiment": "negative",
                "tickers": [
                    {
                        "ticker": "FURY",
                        "exchange": "TSX"
                    }
                ]
            },
            {
                "name": "MarketB",
                "sentiment": "negative",
                "tickers": []
            }
        ]
    },
    "syndication": {
        "syndicated": false,
        "syndicate_id": null,
        "first_syndicated": false
    },
    "trust": {
        "categories": [],
        "top_news": [],
        "bias": null,
        "source": {
            "type": null,
            "city": null,
            "state": null,
            "country": null,
            "domain_type": null,
            "agency": null,
            "organization_name": null
        }
    },
    "rating": null,
    "crawled": "2026-02-26T07:36:24.336+02:00",
    "updated": "2026-02-26T07:38:21.000+02:00"
}