{
    "thread": {
        "uuid": "cec333e2f647025945f381c594c62a7a2dd3314e",
        "url": "https://m.netdania.com/news/India%2527s+manufacturing+subsidies+draw+fire+from+US%252c+China/Buzz FX/{na:[{t:[&quot;BUZZ_FX_GF&quot;]}],hf:0}/tcnews/b2cb3cd456fc1b4943060d535776ec4abddff574@{&quot;Syms&quot;:[],&quot;Inf&quot;:{&quot;PBL&quot;:&quot;Hindu Business Line&quot;}}/1772083845",
        "site_full": "m.netdania.com",
        "site": "netdania.com",
        "site_section": "https://in.m.netdania.com/news",
        "site_categories": [
            "politics",
            "economy, business and finance"
        ],
        "section_title": "NetDania.com - Live Stock and Forex Market Quotes &amp; Trading Solutions | News",
        "site_title": null,
        "title": "India's manufacturing subsidies draw fire from US, China - NetDania News",
        "title_full": "India's manufacturing subsidies draw fire from US, China - NetDania News",
        "published": "2026-02-26T07:47:26.827+02:00",
        "replies_count": 0,
        "participants_count": 1,
        "site_type": "news",
        "country": "US",
        "main_image": "https://in.m.netdania.com/Content/images/logo-netdania.png",
        "performance_score": 0,
        "domain_rank": 47784,
        "domain_rank_updated": "2026-02-22T23:00:00.000+02:00",
        "licensing_agency": [],
        "social": {
            "facebook": {
                "likes": 0,
                "comments": 0,
                "shares": 0
            },
            "vk": {
                "shares": 0
            }
        }
    },
    "uuid": "cec333e2f647025945f381c594c62a7a2dd3314e",
    "url": "https://m.netdania.com/news/India%2527s+manufacturing+subsidies+draw+fire+from+US%252c+China/Buzz FX/{na:[{t:[&quot;BUZZ_FX_GF&quot;]}],hf:0}/tcnews/b2cb3cd456fc1b4943060d535776ec4abddff574@{&quot;Syms&quot;:[],&quot;Inf&quot;:{&quot;PBL&quot;:&quot;Hindu Business Line&quot;}}/1772083845",
    "ord_in_thread": 0,
    "author": "NetDania",
    "published": "2026-02-26T07:47:26.827+02:00",
    "title": "India's manufacturing subsidies draw fire from US, China - NetDania News",
    "text": "-\nIndia's manufacturing subsidies draw fire from US, China\nSource: Buzz FX / 26 Feb 2026 07:30:45 Asia/Jerusalem\nPrime Minister Narendra Modi’s ambition to turn India into a global manufacturing superpower is drawing fire from the world’s largest economies, who say his use of subsidies breaches global trade norms.Read more...",
    "summary": null,
    "highlightText": "",
    "highlightTitle": "",
    "highlightThreadTitle": "",
    "language": "english",
    "sentiment": "negative",
    "categories": [
        "Economy, Business and Finance",
        "Politics"
    ],
    "topics": [
        "Economy, Business and Finance->business and market analysis",
        "Economy, Business and Finance->business financing",
        "Economy, Business and Finance->manufacturing and engineering",
        "Politics->international relations",
        "Politics->government",
        "Politics->economic policy"
    ],
    "ai_allow": true,
    "has_canonical": false,
    "breaking": false,
    "webz_reporter": false,
    "external_links": [
        "https://www.thehindubusinessline.com/economy/indias-manufacturing-subsidies-draw-fire-from-us-china/article70678318.ece",
        "https://thehindubusinessline.com/economy/indias-manufacturing-subsidies-draw-fire-from-us-china/article70678318.ece"
    ],
    "external_images": [],
    "internal_images": [],
    "entities": {
        "persons": [
            {
                "name": "Narendra Modi",
                "sentiment": "none"
            }
        ],
        "locations": [
            {
                "name": "China",
                "sentiment": "none"
            },
            {
                "name": "Jerusalem",
                "sentiment": "none"
            },
            {
                "name": "India",
                "sentiment": "none"
            }
        ],
        "organizations": [
            {
                "name": "NetDania News",
                "sentiment": "neutral",
                "tickers": [
                    {
                        "ticker": null,
                        "exchange": null
                    }
                ]
            },
            {
                "name": "Buzz FX",
                "sentiment": "neutral",
                "tickers": [
                    {
                        "ticker": null,
                        "exchange": null
                    }
                ]
            }
        ]
    },
    "syndication": {
        "syndicated": false,
        "syndicate_id": null,
        "first_syndicated": false
    },
    "trust": {
        "categories": [],
        "top_news": [],
        "bias": null,
        "source": {
            "type": null,
            "city": null,
            "state": null,
            "country": null,
            "domain_type": null,
            "agency": null,
            "organization_name": null
        }
    },
    "rating": null,
    "crawled": "2026-02-26T07:47:26.827+02:00",
    "updated": "2026-02-26T07:53:23.000+02:00"
}