{
    "thread": {
        "uuid": "11b20e5d64ffff166541b3b86603257443ad9519",
        "url": "https://ca.sports.yahoo.com/news/sheffield-wednesday-plunged-further-chaos-063500225.html",
        "site_full": "ca.sports.yahoo.com",
        "site": "yahoo.com",
        "site_section": "https://news.google.com/search?q=into%20when%3A1h&hl=en-US&gl=US&ceid=US%3Aen",
        "site_categories": [
            "sport",
            "economy, business and finance",
            "sports"
        ],
        "section_title": "Google News - Search",
        "site_title": "Yahoo | Mail, Weather, Search, Politics, News, Finance, Sports &amp; Videos",
        "title": "Sheffield Wednesday plunged into further chaos as prospective owner withdraws bid - Yahoo Sports",
        "title_full": "Sheffield Wednesday plunged into further chaos as prospective owner withdraws bid - Yahoo Sports",
        "published": "2026-02-26T08:35:00.000+02:00",
        "replies_count": 0,
        "participants_count": 1,
        "site_type": "news",
        "country": "CA",
        "main_image": "https://s.yimg.com/os/en/football_today_articles_719/0aed15e46d9457520f68065990c51012",
        "performance_score": 0,
        "domain_rank": 53,
        "domain_rank_updated": "2026-02-22T23:00:00.000+02:00",
        "licensing_agency": [],
        "social": {
            "facebook": {
                "likes": 0,
                "comments": 0,
                "shares": 0
            },
            "vk": {
                "shares": 0
            }
        }
    },
    "uuid": "11b20e5d64ffff166541b3b86603257443ad9519",
    "url": "https://ca.sports.yahoo.com/news/sheffield-wednesday-plunged-further-chaos-063500225.html",
    "ord_in_thread": 0,
    "author": "Football Today",
    "published": "2026-02-26T08:35:00.000+02:00",
    "title": "Sheffield Wednesday plunged into further chaos as prospective owner withdraws bid - Yahoo Sports",
    "text": "Story by Sheffield Wednesday plunged into further chaos as prospective owner withdraws bid\nSheffield Wednesday plunged into further chaos as prospective owner withdraws bid Football Today Thu, February 26, 2026 at 6:35 a.m. UTC Sheffield Wednesday have been plunged into further chaos as prospective owner James Bord’s proposed takeover collapses, according to The Times .\nBord’s consortium caught everyone at the club off guard after announcing that they were withdrawing their takeover bid worth a staggering £47.8 million.\nAdvertisement Advertisement Advertisement Wednesday’s administrators, Begbies Traynor, had already named Bord’s consortium as preferred bidders on Christmas Eve. All that remained was for the English Football League to approve the takeover.\nHowever, the consortium has now backed out of the deal, claiming that a detailed review of the club’s financial situation had lowered their valuation of Wednesday.\nThe consortium included former professional poker player Bord, German entrepreneur Felix Romer, and Alsharif Faisal Bin Jamil.\nAdvertisement Advertisement Advertisement They had already invested more than £4m to help keep the club running, including a £2.5m down payment and four further instalments of £400,000.\nDespite that financial support, they have now pulled the plug on the potential deal, claiming that Wednesday was no longer worth the agreed price.\nInterestingly, this sudden U-turn comes just over a week after Bord was sued by his former business partner , Jonathan Cohen, over his investment in Cordoba, where he is a part-owner and a director.\nAdvertisement Advertisement Advertisement According to court papers filed in Nevada, Bord allegedly misled Cohen during an investment deal linked to the Spanish second division club two years ago.\nWhether these two events are linked is anyone’s guess, but administrators are not waiting around to find out. They have moved quickly to reopen talks with previous bidders.\nFour potential suitors have already confirmed that they’re still interested in buying the club.\nChicago-based businessman David Storch is among those still interested, as is former Newcastle United owner Mike Ashley.\nAdvertisement Advertisement Advertisement However, Ashley has yet to make fresh contact with Wednesday’s administrators after his previous offer failed to meet their £35m asking price.\nAll interested parties have now been told to submit new bids by next Wednesday.\nThe urgency has increased after Wednesday’s 2-1 defeat to local rivals Sheffield United confirmed their relegation to League One. There is also a financial warning hanging over the club.\nIf former owner Dejphon Chansiri is not repaid £15m under creditor rules, Wednesday could begin their League One campaign with a 15-point deduction.",
    "summary": "Bord’s consortium caught everyone at the club off guard after announcing that they were withdrawing their takeover bid worth a staggering £47.8 million. However, the consortium has now backed out of the deal, claiming that a detailed review of the club’s financial situation had lowered their valuation of Wednesday. The consortium included former professional poker player Bord, German entrepreneur Felix Romer, and Alsharif Faisal Bin Jamil. Despite that financial support, they have now pulled the plug on the potential deal, claiming that Wednesday was no longer worth the agreed price.",
    "highlightText": "",
    "highlightTitle": "",
    "highlightThreadTitle": "",
    "language": "english",
    "sentiment": "negative",
    "categories": [
        "Economy, Business and Finance"
    ],
    "topics": [
        "Economy, Business and Finance->business governance",
        "Economy, Business and Finance->corporate news and profiles"
    ],
    "ai_allow": true,
    "has_canonical": true,
    "breaking": true,
    "webz_reporter": false,
    "external_links": [
        "https://s.yimg.com/ny/api/res/1.2/aSdsSHsEoYH4UP86np3GPA--/YXBwaWQ9aGlnaGxhbmRlcjt3PTE1MjA7aD0xMDE0O2NmPXdlYnA-/https://media.zenfs.com/en/football_today_articles_719/0aed15e46d9457520f68065990c51012",
        "https://s.yimg.com/ny/api/res/1.2/LsDz__stzKF50GHpIvcYwA--/YXBwaWQ9aGlnaGxhbmRlcjt3PTU2O2g9NTY7Y2Y9d2VicA--/https://s.yimg.com/os/creatr-uploaded-images/2024-06/4901c8d0-2669-11ef-af07-573bc7964ded",
        "https://s.yimg.com/os/creatr-uploaded-images/2024-06/4901c8d0-2669-11ef-af07-573bc7964ded",
        "https://footballtoday.com/2026/02/17/prospective-sheffield-wednesday-owner-facing-legal-battle-with-former-business-partner/",
        "https://s.yimg.com/ny/api/res/1.2/pj4HGLVu395fulN4wdSAMw--/YXBwaWQ9aGlnaGxhbmRlcjt3PTY0MDtoPTQyNztjZj13ZWJw/https://media.zenfs.com/en/football_today_articles_719/0aed15e46d9457520f68065990c51012",
        "https://footballtoday.com/",
        "https://www.thetimes.com/sport/football/article/sheffield-wednesday-bid-withdrawn-james-bord-p8xvvfd8d",
        "https://www.footballtoday.com/",
        "https://www.s.yimg.com/ny/api/res/1.2/pj4HGLVu395fulN4wdSAMw--/YXBwaWQ9aGlnaGxhbmRlcjt3PTY0MDtoPTQyNztjZj13ZWJw/https://www.media.zenfs.com/en/football_today_articles_719/0aed15e46d9457520f68065990c51012",
        "https://www.s.yimg.com/os/creatr-uploaded-images/2024-06/4901c8d0-2669-11ef-af07-573bc7964ded",
        "https://www.s.yimg.com/ny/api/res/1.2/aSdsSHsEoYH4UP86np3GPA--/YXBwaWQ9aGlnaGxhbmRlcjt3PTE1MjA7aD0xMDE0O2NmPXdlYnA-/https://www.media.zenfs.com/en/football_today_articles_719/0aed15e46d9457520f68065990c51012",
        "https://thetimes.com/sport/football/article/sheffield-wednesday-bid-withdrawn-james-bord-p8xvvfd8d",
        "https://www.footballtoday.com/2026/02/17/prospective-sheffield-wednesday-owner-facing-legal-battle-with-former-business-partner/",
        "https://www.s.yimg.com/ny/api/res/1.2/LsDz__stzKF50GHpIvcYwA--/YXBwaWQ9aGlnaGxhbmRlcjt3PTU2O2g9NTY7Y2Y9d2VicA--/https://www.s.yimg.com/os/creatr-uploaded-images/2024-06/4901c8d0-2669-11ef-af07-573bc7964ded",
        "https://footballtoday.com/2026/02/17/prospective-sheffield-wednesday-owner-facing-legal-battle-with-former-business-partner",
        "https://footballtoday.com"
    ],
    "external_images": [],
    "internal_images": [],
    "entities": {
        "persons": [
            {
                "name": "James Bord",
                "sentiment": "none"
            }
        ],
        "locations": [],
        "organizations": [
            {
                "name": "Sheffield Wednesday",
                "sentiment": "negative",
                "tickers": [
                    {
                        "ticker": null,
                        "exchange": null
                    }
                ]
            },
            {
                "name": "Yahoo Sports",
                "sentiment": "negative",
                "tickers": [
                    {
                        "ticker": null,
                        "exchange": null
                    }
                ]
            },
            {
                "name": "The Times",
                "sentiment": "none",
                "tickers": [
                    {
                        "ticker": null,
                        "exchange": null
                    }
                ]
            }
        ]
    },
    "syndication": {
        "syndicated": false,
        "syndicate_id": null,
        "first_syndicated": false
    },
    "trust": {
        "categories": null,
        "top_news": [
            "top_news_ru",
            "top_news_ar",
            "top_news_cz",
            "top_news_nz",
            "top_news_au",
            "top_news_jp",
            "top_news_ae",
            "top_news_ua",
            "top_news_tr",
            "top_news_us",
            "top_news_at",
            "top_news_tw",
            "top_news_pt",
            "top_news_pl",
            "top_news_gb",
            "top_news_th",
            "top_news_kr",
            "top_news_sa",
            "top_news_co",
            "top_news_vn",
            "top_news_hu",
            "top_news_sg",
            "top_news_ph",
            "top_news_rs",
            "top_news_bg",
            "top_news_br",
            "top_news_hk",
            "top_news_nl",
            "top_news_qa",
            "top_news_hr",
            "top_news_ie",
            "top_news_ro",
            "top_news_pk",
            "top_news_se",
            "top_news_id",
            "top_news_dk",
            "top_news_de",
            "top_news_eg",
            "top_news_it",
            "top_news_pe",
            "top_news_sk",
            "top_news_ch",
            "top_news_za",
            "top_news_ma",
            "top_news_my",
            "top_news_il",
            "top_news_kw",
            "top_news_in",
            "top_news_fr",
            "top_news_ve",
            "top_news_fi",
            "top_news_be",
            "top_news_mx",
            "top_news_no",
            "top_news_ca",
            "top_news_cl",
            "top_news_iq",
            "top_news_gr",
            "top_news_es",
            "top_news"
        ],
        "bias": "center",
        "source": {
            "type": null,
            "city": null,
            "state": null,
            "country": null,
            "domain_type": null,
            "agency": null,
            "organization_name": null
        }
    },
    "rating": null,
    "crawled": "2026-02-26T08:45:49.416+02:00",
    "updated": "2026-02-26T08:47:33.000+02:00"
}