{
    "thread": {
        "uuid": "852643da3c2401f5cd4c9acae68733d4ec4a6a60",
        "url": "https://menafn.com/1110788844/FEMA-Case-ED-Seizes-Cash-Gold-And-Silver-Bars-After-Raids-On-Ahmedabad-Tobacco-Firm",
        "site_full": "menafn.com",
        "site": "menafn.com",
        "site_section": "https://menafn.com/rss/menafn_globaltopstories.xml",
        "site_categories": [
            "finance",
            "science and technology",
            "crime, law and justice",
            "financial_news",
            "investing",
            "war, conflict and unrest",
            "politics",
            "economy, business and finance"
        ],
        "section_title": "Palash Sen: I'm A Rock Singer, Independent, Unapologetic &amp; Perhaps Misunderstood",
        "site_title": "Business &amp; Financial - International News, Currencies &amp; Economic Indicators",
        "title": "FEMA Case: ED Seizes Cash, Gold And Silver Bars After Raids On Ahmedabad Tobacco Firm",
        "title_full": "FEMA Case: ED Seizes Cash, Gold And Silver Bars After Raids On Ahmedabad Tobacco Firm",
        "published": "2026-02-25T12:30:00.000+02:00",
        "replies_count": 0,
        "participants_count": 1,
        "site_type": "news",
        "country": "US",
        "main_image": "https://menafn.com/updates/pr/2026-02/25/I_5a805image_story.jpg",
        "performance_score": 0,
        "domain_rank": 27060,
        "domain_rank_updated": "2026-02-22T23:00:00.000+02:00",
        "licensing_agency": [],
        "social": {
            "facebook": {
                "likes": 0,
                "comments": 0,
                "shares": 0
            },
            "vk": {
                "shares": 0
            }
        }
    },
    "uuid": "852643da3c2401f5cd4c9acae68733d4ec4a6a60",
    "url": "https://menafn.com/1110788844/FEMA-Case-ED-Seizes-Cash-Gold-And-Silver-Bars-After-Raids-On-Ahmedabad-Tobacco-Firm",
    "ord_in_thread": 0,
    "author": "marketing@menafn.com (MENAFN)",
    "published": "2026-02-25T12:30:00.000+02:00",
    "title": "FEMA Case: ED Seizes Cash, Gold And Silver Bars After Raids On Ahmedabad Tobacco Firm",
    "text": "FEMA Case: ED Seizes Cash, Gold And Silver Bars After Raids On Ahmedabad Tobacco Firm\nMENAFN- IANS) Ahmedabad, Feb 25 (IANS) The Enforcement Directorate's (ED) Ahmedabad Zonal unit conducted searches at nine locations in Ahmedabad on Wednesday, targeting the premises of Anas Group and its associated partners, officials said.\nThe group is involved in the processing, packaging, and manufacturing of tobacco products under the brand names“Amber Tobacco”,“Umda Tobacco”, and“Sama Filter Khaini”.\nThe action was taken under the provisions of the Foreign Exchange Management Act (FEMA), 1999, following information from reliable sources indicating that members of the Nagariya family, associated with Anas Group and its partners, hold multiple overseas assets.\nThese include high-value properties and investments in Dubai, allegedly funded through hawala transactions and unauthorised banking channels.\nDuring the searches, ED officials seized Indian currency totalling Rs 1.01 crore and foreign currency equivalent to approximately Rs 33.34 lakh.\nOfficials also recovered 16 gold bars, weighing 1.6 kg with foreign markings, valued at around Rs 2.5 crore, and 168 silver bars weighing approximately 80 kg, with a market value of about Rs 2 crore.\nIn addition, various documents and records revealing ownership of foreign properties in Dubai linked to the Anas Group and family members were confiscated.\n\"The searches were based on credible inputs regarding alleged violations of the Foreign Exchange Management Act. The seizure of substantial cash, precious metals, and documents is aimed at uncovering the full extent of unaccounted overseas holdings by the group and its associates,\" the official statement said.\nThe agency confirmed that further investigation is ongoing.\nOfficials are examining the seized records and assets to determine the channels used for transferring funds abroad and to identify other potential violations under FEMA.\nLegal Disclaimer:\nMENAFN provides the\ninformation “as is” without warranty of any kind. We do not accept\nany responsibility or liability for the accuracy, content, images,\nvideos, licenses, completeness, legality, or reliability of the information\ncontained in this article. If you have any complaints or copyright\nissues related to this article, kindly contact the provider above.",
    "summary": "The action was taken under the provisions of the Foreign Exchange Management Act (FEMA), 1999, following information from reliable sources indicating that members of the Nagariya family, associated with Anas Group and its partners, hold multiple overseas assets. In addition, various documents and records revealing ownership of foreign properties in Dubai linked to the Anas Group and family members were confiscated. The seizure of substantial cash, precious metals, and documents is aimed at uncovering the full extent of unaccounted overseas holdings by the group and its associates,\" the official statement said.",
    "highlightText": "",
    "highlightTitle": "",
    "highlightThreadTitle": "",
    "language": "english",
    "sentiment": "negative",
    "categories": [
        "Crime, Law and Justice",
        "Economy, Business and Finance"
    ],
    "topics": [
        "Crime, Law and Justice->law enforcement",
        "Economy, Business and Finance->business governance",
        "Economy, Business and Finance->business restructuring",
        "Economy, Business and Finance->financial service"
    ],
    "ai_allow": true,
    "has_canonical": false,
    "breaking": null,
    "webz_reporter": false,
    "external_links": [],
    "external_images": [],
    "internal_images": [],
    "entities": {
        "persons": [],
        "locations": [
            {
                "name": "Ahmedabad",
                "sentiment": "none"
            }
        ],
        "organizations": [
            {
                "name": "Ahmedabad Tobacco Firm",
                "sentiment": "negative",
                "tickers": []
            },
            {
                "name": "Anas Group",
                "sentiment": "none",
                "tickers": []
            },
            {
                "name": "Amber Tobacco",
                "sentiment": "none",
                "tickers": []
            },
            {
                "name": "Umda Tobacco",
                "sentiment": "none",
                "tickers": []
            },
            {
                "name": "Sama Filter Khaini",
                "sentiment": "none",
                "tickers": []
            },
            {
                "name": "Enforcement Directorate",
                "sentiment": "none",
                "tickers": [
                    {
                        "ticker": null,
                        "exchange": null
                    }
                ]
            }
        ]
    },
    "syndication": {
        "syndicated": false,
        "syndicate_id": null,
        "first_syndicated": false
    },
    "trust": {
        "categories": [],
        "top_news": [],
        "bias": null,
        "source": {
            "type": null,
            "city": null,
            "state": null,
            "country": null,
            "domain_type": null,
            "agency": null,
            "organization_name": null
        }
    },
    "rating": null,
    "crawled": "2026-02-26T07:37:23.514+02:00",
    "updated": "2026-02-26T07:39:14.000+02:00"
}