{
    "thread": {
        "uuid": "5ed92a8f91425f8d63f96d3b8dca219535caa577",
        "url": "https://www.chatsports.com/mma/a/source/tko-exec-saudi-money-funded-conor-benns-zuffa-boxing-deal-18506214",
        "site_full": "www.chatsports.com",
        "site": "chatsports.com",
        "site_section": "https://www.chatsports.com/mma",
        "site_categories": [
            "sport",
            "football",
            "sports",
            "baseball"
        ],
        "section_title": "MMA News &amp; Rumors",
        "site_title": "Live and on-demand sports news video",
        "title": "TKO Exec: Saudi Money Funded Conor Benn's Zuffa Boxing Deal",
        "title_full": "TKO Exec: Saudi Money Funded Conor Benn's Zuffa Boxing Deal",
        "published": "2026-02-26T06:33:00.000+02:00",
        "replies_count": 0,
        "participants_count": 1,
        "site_type": "news",
        "country": "US",
        "main_image": "http://cdn.chatsports.com/thumbnails/3964-68804-original.jpeg",
        "performance_score": 0,
        "domain_rank": 69830,
        "domain_rank_updated": "2026-02-22T23:00:00.000+02:00",
        "licensing_agency": [],
        "social": {
            "facebook": {
                "likes": 0,
                "comments": 0,
                "shares": 0
            },
            "vk": {
                "shares": 0
            }
        }
    },
    "uuid": "5ed92a8f91425f8d63f96d3b8dca219535caa577",
    "url": "https://www.chatsports.com/mma/a/source/tko-exec-saudi-money-funded-conor-benns-zuffa-boxing-deal-18506214",
    "ord_in_thread": 0,
    "author": "Recent News on Sherdog.com",
    "published": "2026-02-26T06:33:00.000+02:00",
    "title": "TKO Exec: Saudi Money Funded Conor Benn's Zuffa Boxing Deal",
    "text": "The Zuffa Boxing signing of Conor Benn has been a controversial topic this past week.\nBenn reportedly received a $15 million contract for one fight, which is significantly more than most — if not all — UFC athletes earn on a per fight basis. Since Dana White is the head of both the UFC and Zuffa Boxing, that sparked plenty of criticism from fighters who go to work inside the Octagon. Former bantamweight champ Sean O'Malley was in disbelief that Benn would be paid that much, while Michael Page expressed disappointment that White would place such value on someone outside of the promotion where he “built his reputation.",
    "summary": "The Zuffa Boxing signing of Conor Benn has been a controversial topic this past week. Benn reportedly received a $15 million contract for one fight, which is significantly more than most — if not all — UFC athletes earn on a per fight basis. Since Dana White is the head of both the UFC and Zuffa Boxing, that sparked plenty of criticism from fighters who go to work inside the Octagon.",
    "highlightText": "",
    "highlightTitle": "",
    "highlightThreadTitle": "",
    "language": "english",
    "sentiment": "negative",
    "categories": [
        "Crime, Law and Justice",
        "Economy, Business and Finance",
        "Sport"
    ],
    "topics": [
        "Crime, Law and Justice->corporate crime",
        "Economy, Business and Finance->corporate news and profiles",
        "Economy, Business and Finance->business financing",
        "Sport->sports transaction",
        "Sport->boxing",
        "Sport->sport industry"
    ],
    "ai_allow": true,
    "has_canonical": false,
    "breaking": null,
    "webz_reporter": false,
    "external_links": [
        "https://www.sherdog.com/news/news/Michael-Page-critiques-UFC-fighter-pay-after-bigmoney-Zuffa-Boxing-signing-200248",
        "https://www.sherdog.com/fighter/Sean-O'Malley-135099",
        "https://www.sherdog.com/news/news/Sean-OMalley-in-disbelief-over-Conor-Benns-Zuffa-Boxing-deal-Ive-never-heard-of-him-200238",
        "https://www.sherdog.com/fighter/Michael-Page-91937",
        "https://sherdog.com/fighter/Sean-O'Malley-135099",
        "https://sherdog.com/fighter/Michael-Page-91937",
        "https://sherdog.com/news/news/Sean-OMalley-in-disbelief-over-Conor-Benns-Zuffa-Boxing-deal-Ive-never-heard-of-him-200238",
        "https://sherdog.com/news/news/Michael-Page-critiques-UFC-fighter-pay-after-bigmoney-Zuffa-Boxing-signing-200248"
    ],
    "external_images": [],
    "internal_images": [],
    "entities": {
        "persons": [
            {
                "name": "Conor Benn",
                "sentiment": "negative"
            },
            {
                "name": "Sean O ' Malley",
                "sentiment": "none"
            },
            {
                "name": "Michael Page",
                "sentiment": "none"
            },
            {
                "name": "Dana White",
                "sentiment": "none"
            }
        ],
        "locations": [],
        "organizations": [
            {
                "name": "Zuffa Boxing",
                "sentiment": "negative",
                "tickers": [
                    {
                        "ticker": null,
                        "exchange": null
                    }
                ]
            },
            {
                "name": "UFC",
                "sentiment": "none",
                "tickers": [
                    {
                        "ticker": "UFC",
                        "exchange": "CVE"
                    }
                ]
            }
        ]
    },
    "syndication": {
        "syndicated": false,
        "syndicate_id": "5ed92a8f91425f8d63f96d3b8dca219535caa577",
        "first_syndicated": true
    },
    "trust": {
        "categories": [],
        "top_news": [],
        "bias": null,
        "source": {
            "type": null,
            "city": null,
            "state": null,
            "country": null,
            "domain_type": null,
            "agency": null,
            "organization_name": null
        }
    },
    "rating": null,
    "crawled": "2026-02-26T08:08:38.497+02:00",
    "updated": "2026-02-26T08:14:42.000+02:00"
}