{
    "thread": {
        "uuid": "352b376638d5e52a8e6d1d1c150226d0fbf89431",
        "url": "https://telugucinema.com/news/shankars-properties-attached-in-plagiarism-case",
        "site_full": "telugucinema.com",
        "site": "telugucinema.com",
        "site_section": "https://www.telugucinema.com",
        "site_categories": [
            "movies",
            "entertainment"
        ],
        "section_title": "Telugu Cinema: News, Reviews, Interviews | Home of Tollywood",
        "title": "Shankar's properties attached in plagiarism case",
        "title_full": "Shankar's properties attached in plagiarism case",
        "published": "2025-02-20T18:01:00.000+02:00",
        "replies_count": 0,
        "participants_count": 1,
        "site_type": "news",
        "country": "US",
        "main_image": "",
        "performance_score": 0,
        "domain_rank": 161276,
        "domain_rank_updated": "2025-02-17T23:00:00.000+02:00",
        "social": {
            "facebook": {
                "likes": 0,
                "comments": 0,
                "shares": 0
            },
            "vk": {
                "shares": 0
            }
        }
    },
    "uuid": "352b376638d5e52a8e6d1d1c150226d0fbf89431",
    "url": "https://telugucinema.com/news/shankars-properties-attached-in-plagiarism-case",
    "ord_in_thread": 0,
    "parent_url": null,
    "author": "TeluguCinema",
    "published": "2025-02-20T18:01:00.000+02:00",
    "title": "Shankar's properties attached in plagiarism case",
    "text": "Director Shankar has had numerous setbacks recently. His films have failed disastrously, and now the Enforcement Directorate has seized his assets.\nShankar, once esteemed as the showman of South Indian film, experienced two consecutive dismal failures with Kamal Haasan’s “Indian 2” and Ram Charan’s “Game Changer.”\nToday, the Enforcement Directorate (ED) in Chennai has provisionally attached three immovable properties valued at roughly Rs. 10.11 crore, owned by Shnakar. This action pertains to an investigation on charges that Shankar’s film “Enthiran” (“Robo” in Telugu), featuring Rajinikanth, may have copied its narrative from Aarur Tamilnadan’s story ‘Jiguba.’.\nThe matter is being examined under the Prevention of Money Laundering Act (PMLA), 2002. This is the first occasion in which a director’s assets were seized by the ED in a plagiarism case.\nThe Enforcement Directorate stated that “Enthiran” generated Rs 290 crore globally and commenced a money laundering investigation based on a complaint under the Copyright Act.",
    "highlightText": "",
    "highlightTitle": "",
    "highlightThreadTitle": "",
    "language": "english",
    "sentiment": "negative",
    "categories": [
        "Crime, Law and Justice",
        "Economy, Business and Finance"
    ],
    "topics": [
        "Crime, Law and Justice->fraud",
        "Economy, Business and Finance->business governance",
        "Economy, Business and Finance->corporate news and profiles"
    ],
    "ai_allow": true,
    "has_canonical": false,
    "breaking": false,
    "webz_reporter": false,
    "external_links": [],
    "external_images": [],
    "entities": {
        "persons": [
            {
                "name": "Shankar",
                "sentiment": "none"
            },
            {
                "name": "Kamal Haasan",
                "sentiment": "none"
            }
        ],
        "organizations": [
            {
                "name": "Enforcement Directorate",
                "sentiment": "none"
            }
        ],
        "locations": []
    },
    "syndication": {
        "syndicated": false,
        "syndicate_id": null,
        "first_syndicated": false
    },
    "trust": null,
    "rating": null,
    "crawled": "2025-02-21T00:20:23.909+02:00",
    "updated": "2025-02-21T00:20:23.909+02:00"
}