{
    "thread": {
        "uuid": "a86fc5bd9401ccda70965235c57e016a9f2f4cc0",
        "url": "https://www.newsbreak.com/cbs-news-510078/3822254082873-presidio-trust-in-san-francisco-targeted-by-trump-executive-order",
        "site_full": "www.newsbreak.com",
        "site": "newsbreak.com",
        "site_section": "https://www.newsbreak.com/cbs-news-510078",
        "site_categories": [
            "under_construction",
            "non_standard_content"
        ],
        "section_title": "CBS News&#x27;s Home Page | NewsBreak",
        "title": "Presidio Trust in San Francisco targeted by Trump executive order - NewsBreak",
        "title_full": "Presidio Trust in San Francisco targeted by Trump executive order - NewsBreak",
        "published": "2025-02-20T23:11:00.000+02:00",
        "replies_count": 0,
        "participants_count": 0,
        "site_type": "news",
        "country": "US",
        "main_image": "https://img.particlenews.com/img/id/1QPysa_0z8OBXp900",
        "performance_score": 0,
        "domain_rank": 3465,
        "domain_rank_updated": "2025-02-17T23:00:00.000+02:00",
        "social": {
            "facebook": {
                "likes": 0,
                "comments": 0,
                "shares": 0
            },
            "vk": {
                "shares": 0
            }
        }
    },
    "uuid": "a86fc5bd9401ccda70965235c57e016a9f2f4cc0",
    "url": "https://www.newsbreak.com/cbs-news-510078/3822254082873-presidio-trust-in-san-francisco-targeted-by-trump-executive-order",
    "ord_in_thread": 0,
    "parent_url": null,
    "author": null,
    "published": "2025-02-20T23:11:00.000+02:00",
    "title": "Presidio Trust in San Francisco targeted by Trump executive order - NewsBreak",
    "text": "Open in NewsBreak\n|\nSign in\nChoose your location\nSee all locations\nHOT\nDOGE\nSign In\nAbout NewsBreak\nPartner with us\nFollow us\n©2024 NewsBreak. All Rights Reserved.\nSan Francisco, California\n· 49 minutes ago\n@cbsnews_07278\nPresidio Trust in San Francisco targeted by Trump executive order\n1\n0\nShare\nComments\nPost\nCommunity Policy\nYou may also like\nCBS News\n375 ·\n29 days ago\nFOX 11 Los Angeles\n236 ·\n29 days ago\nFOX 9 Minneapolis-St. Paul\n45 ·\n29 days ago\nComments\n/\nClose\nCommunity Policy",
    "highlightText": "",
    "highlightTitle": "",
    "highlightThreadTitle": "",
    "language": "english",
    "sentiment": "negative",
    "categories": [
        "Politics",
        "Social Issue",
        "Economy, Business and Finance"
    ],
    "topics": [
        "Politics->political process",
        "Politics->government",
        "Politics->national government",
        "Economy, Business and Finance->business governance",
        "Economy, Business and Finance->corporate news and profiles"
    ],
    "ai_allow": true,
    "has_canonical": false,
    "breaking": false,
    "webz_reporter": false,
    "external_links": [],
    "external_images": [],
    "entities": {
        "persons": [],
        "organizations": [],
        "locations": []
    },
    "syndication": {
        "syndicated": false,
        "syndicate_id": null,
        "first_syndicated": false
    },
    "trust": null,
    "rating": null,
    "crawled": "2025-02-21T00:01:15.387+02:00",
    "updated": "2025-02-21T00:01:15.387+02:00"
}