{
    "thread": {
        "uuid": "d4c699ad51e1c61f1df64cffa817df2b983fecfd",
        "url": "https://www.vernonmorningstar.com/local-news/parkland-acquisition-transfer-cancelled-to-curb-north-okanagan-tax-bump-7833872",
        "site_full": "www.vernonmorningstar.com",
        "site": "vernonmorningstar.com",
        "site_section": "https://www.vernonmorningstar.com/local-news",
        "site_categories": [
            "media"
        ],
        "section_title": "Local News  - Vernon Morning Star",
        "title": "Parkland acquisition transfer cancelled to curb North Okanagan tax bump",
        "title_full": "Parkland acquisition transfer cancelled to curb North Okanagan tax bump",
        "published": "2025-02-21T00:00:00.000+02:00",
        "replies_count": 0,
        "participants_count": 1,
        "site_type": "news",
        "country": "CA",
        "main_image": "https://www.bpmcdn.com/f/files/vernon/2025-february/250227-vms-rdno-office.jpg;w=1200;h=800;mode=crop",
        "performance_score": 0,
        "domain_rank": 116417,
        "domain_rank_updated": "2025-02-17T23:00:00.000+02:00",
        "social": {
            "facebook": {
                "likes": 0,
                "comments": 0,
                "shares": 0
            },
            "vk": {
                "shares": 0
            }
        }
    },
    "uuid": "d4c699ad51e1c61f1df64cffa817df2b983fecfd",
    "url": "https://www.vernonmorningstar.com/local-news/parkland-acquisition-transfer-cancelled-to-curb-north-okanagan-tax-bump-7833872",
    "ord_in_thread": 0,
    "parent_url": null,
    "author": "Brendan Shykora",
    "published": "2025-02-21T00:00:00.000+02:00",
    "title": "Parkland acquisition transfer cancelled to curb North Okanagan tax bump",
    "text": "In an effort put a dent in this year's tax increase, the Regional District of North Okanagan (RDNO) is cancelling a 2025 fund transfer that would have been earmarked for future parkland acquisition.\nThe RDNO started depositing money into the Greater Vernon Trails and Natural Spaces Parkland Acquisition Reserve in 2020, when $70,000 was put into the reserve for a one per cent increase in taxation. Transfers to the reserve have steadily increased year by year, with $190,000 transferred in 2021; $588,000 in 2022, and $788,000 in 2023.\nThe amount of funds transferred to the reserve in 2025 was proposed to be the same as last year, $865,000, but at its regular meeting on Wednesday, Feb. 19, the RDNO's board of directors voted unanimously to cancel this year's transfer.\nThat's in an effort to reduce this year's Greater Vernon Parks, Recreation and Culture (GVPRC) tax impact. In January it was found that the overall GVPRC tax requisition would need to increase by $3.3 million this year, driven overwhelmingly by the Greater Vernon Cultural Centre project. That would have been a 43.1 percent increase to the GVPRC tax requisition.\nBut with the $865,000 in future parkland funds now off the books, the GVPRC tax requisition has been reduced from 43 per cent to 32 per cent.\nStaff were directed to look into cutting the parkland transfer from the budget after a Greater Vernon Advisory Committee member, Vernon mayor Victor Cumming, suggested in January that the Greater Vernon Trails and Natural Spaces budget had some room to make cuts in order to offset the proposed culture service budget, which is going up 170 per cent due mostly to the Cultural Centre.\nStaff came back with a report, presented at Wednesday's RDNO meeting, which said the regional district's 2022 parkland acquisition strategy is flexible enough to withstand a one-year deferral if the RDNO plans to return to an $865,000 transfer in 2026.\n\"If a significant acquisition resulted in a shortfall of available funding in the near term, other reserves could be accessed to cover the shortfall,\" the report states.\nHowever, staff warn that if the annual transfer does not return to the current level in 2026, a greater impact on future parkland acquisition will result.\n\"The longer it takes to fully reinstate the transfer, the greater the likelihood the parkland acquisition strategy will need to be revisited and future parkland acquisitions will be negatively impacted.\"\nThe parkland acquisition reserve currently has a balance of $2.2 million, while the parks development cost charge reserve has $3.3 million.\nThe 32 per cent tax requisition increase for GVPRC does not reflect the amount residents will pay in 2025 property taxes. The final tax increase will be decided after the full consolidated budget is deliberated on on Feb. 26. That consolidated budget will be presented to the board for adoption on March 19.",
    "highlightText": "",
    "highlightTitle": "",
    "highlightThreadTitle": "",
    "language": "english",
    "sentiment": "negative",
    "categories": [
        "Economy, Business and Finance",
        "Politics",
        "Social Issue"
    ],
    "topics": [
        "Economy, Business and Finance->business governance",
        "Politics->local government and authority",
        "Politics->government policy",
        "Social Issue->demographics",
        "Social Issue->communities",
        "Social Issue->social condition"
    ],
    "ai_allow": true,
    "has_canonical": false,
    "breaking": false,
    "webz_reporter": false,
    "external_links": [],
    "external_images": [],
    "entities": {
        "persons": [],
        "organizations": [],
        "locations": []
    },
    "syndication": {
        "syndicated": false,
        "syndicate_id": null,
        "first_syndicated": false
    },
    "trust": null,
    "rating": null,
    "crawled": "2025-02-21T00:26:26.793+02:00",
    "updated": "2025-02-21T00:26:26.793+02:00"
}