{
    "thread": {
        "uuid": "71c8282b4002cbfdc03cce795330cb87d2a3eb07",
        "url": "https://clutchpoints.com/nfl/philadelphia-eagles/eagles-news-philadelphia-urged-sign-ex-colts-safety-cj-gardner-johnson-trade",
        "site_full": "clutchpoints.com",
        "site": "clutchpoints.com",
        "site_section": "http://clutchpoints.com",
        "site_categories": [
            "pro_basketball",
            "sports"
        ],
        "section_title": "ClutchPoints - Sports News, Rumors, &amp; Information",
        "site_title": "ClutchPoints - Sports News, Rumors, &amp; Information",
        "title": "Eagles urged to sign ex-Colts safety after CJ Gardner-Johnson trade",
        "title_full": "Eagles urged to sign ex-Colts safety after CJ Gardner-Johnson trade",
        "published": "2025-03-20T00:37:00.000+02:00",
        "replies_count": 0,
        "participants_count": 1,
        "site_type": "news",
        "country": "US",
        "main_image": "https://wp.clutchpoints.com/wp-content/uploads/2025/03/Philadelphia-urged-to-sign-ex-Colts-safety-after-CJ-Gardner-Johnson-trade.jpg",
        "performance_score": 0,
        "domain_rank": 7758,
        "domain_rank_updated": "2025-03-17T23:00:00.000+02:00",
        "social": {
            "facebook": {
                "likes": 0,
                "comments": 0,
                "shares": 6
            },
            "vk": {
                "shares": 0
            }
        }
    },
    "uuid": "71c8282b4002cbfdc03cce795330cb87d2a3eb07",
    "url": "https://clutchpoints.com/nfl/philadelphia-eagles/eagles-news-philadelphia-urged-sign-ex-colts-safety-cj-gardner-johnson-trade",
    "ord_in_thread": 0,
    "parent_url": null,
    "author": "Matty Breisch",
    "published": "2025-03-20T00:37:00.000+02:00",
    "title": "Eagles urged to sign ex-Colts safety after CJ Gardner-Johnson trade",
    "text": "When Howie Roseman opted to trade away CJ Gardner Johnson for a pick swap and Kenyon Green, it created a major need at safety for the Philadelphia Eagles.\nNow sure, technically the team has multiple quality safeties on the roster, from incumbent starter Reed Blankenship to 2023 third-round pick Sydney Brown, plus Tristin McCollum, Lewis Cine, and maybe even Avonte Maddox, who is technically a free agent but could return this fall, but is that collection really proven outside of the Middle Tennessee product? Should the Super Bowl Champions trust that collection of players when the live bullets start to fly?\nNeedless to say, fans want to see Roseman bring some more talent to town, either in free agency or the 2025 NFL Draft, and in his latest free agency roundup, NFL.com's Nick Shook has the ideal man for the job: ex-Indianapolis Colts safety Julian Blackmon.\n“The Eagles shipped out versatile safety C.J. Gardner-Johnson earlier this month as part of a number of defensive departures,” Shook wrote. “Blackmon is a proven baller, needs a job, and deserves a chance to play for a contender. Vic Fangio is also a proven expert at fitting versatile players like Blackmon into the perfect roles and maximizing the return. This pairing almost feels too obvious. We can't keep letting the Eagles get away with this!”\nOriginally drafted in the third round out of Utah, Blackmon is a popular name within the Eagles fandom because he checks so many boxes Philadelphia is looking for at the position. Blackmon overlapped during his rookie year with Nick Sirianni in Indianapolis, has played for Shane Steichian, who is a former Philly coach, and has experience playing in multiple different defensive schemes in the NFL due to coaching changes.\nLike CJGJ, Blackmon can play either safety spot, has versatility to move around the field, and can even moonlight in the slot if a team is running no-huddle and shifts a running back out to interior wide receiver. Throw in the fact that, at this point, a long-term contract is likely off the table, and Blackmon may be willing to take an Azeez Ojulari-style contract to take a shot at winning a Super Bowl in this, his sixth professional season.\nWill it happen? Will the Eagles sign Blackmon and head into the 2025 NFL Draft with no obvious holes on their roster, thus allowing them to go best player available? Only time will tell, but if no long-term deals are on the table, Philly is likely one of the more attractive options for the Blackmon's camp this year, and a deal could come together accordingly as a result.",
    "highlightText": "",
    "highlightTitle": "",
    "highlightThreadTitle": "",
    "language": "english",
    "sentiment": "negative",
    "categories": [
        "Politics",
        "Social Issue",
        "Economy, Business and Finance"
    ],
    "topics": [
        "Politics->sports policies",
        "Politics->political campaigns",
        "Politics->political candidates",
        "Social Issue->communities",
        "Social Issue->social networking",
        "Economy, Business and Finance->corporate news and profiles",
        "Economy, Business and Finance->tourism and leisure industry",
        "Economy, Business and Finance->business strategy and marketing"
    ],
    "ai_allow": true,
    "has_canonical": false,
    "breaking": false,
    "webz_reporter": false,
    "external_links": [
        "https://www.nfl.com/news/best-nfl-team-fits-for-notable-remaining-free-agents-aaron-rodgers-to-giants-keenan-allen-to-raiders",
        "https://nfl.com/news/best-nfl-team-fits-for-notable-remaining-free-agents-aaron-rodgers-to-giants-keenan-allen-to-raiders"
    ],
    "external_images": [],
    "entities": {
        "persons": [],
        "locations": [],
        "organizations": []
    },
    "syndication": {
        "syndicated": false,
        "syndicate_id": null,
        "first_syndicated": false
    },
    "trust": null,
    "rating": null,
    "crawled": "2025-03-20T01:19:21.969+02:00",
    "updated": "2025-03-20T01:19:21.969+02:00"
}