{
    "thread": {
        "uuid": "5c511e89c286a9a13825f26ce2ac6c7ca5ded09f",
        "url": "https://www.sportsbusinessjournal.com/Articles/2025/03/19/subway-likely-out-as-nfl-sponsor-jimmy-johns-could-be-a-qsr-replacement",
        "site_full": "www.sportsbusinessjournal.com",
        "site": "sportsbusinessjournal.com",
        "site_section": "https://news.google.com/search?q=be%20when%3A1h&hl=en-US&gl=US&ceid=US%3Aen",
        "site_categories": [
            "advertising",
            "business"
        ],
        "section_title": "Google News - Search",
        "site_title": "Sports Business Journal",
        "title": "Subway likely out as NFL sponsor; Jimmy John's could be QSR replacement",
        "title_full": "Subway likely out as NFL sponsor; Jimmy John's could be QSR replacement",
        "published": "2025-03-20T00:45:00.000+02:00",
        "replies_count": 0,
        "participants_count": 1,
        "site_type": "news",
        "country": "US",
        "main_image": "https://www.sportsbusinessjournal.com/resizer/v2/Q73NQXC42BGZDHDKI6TPNTDP3E.jpg?smart=true&amp;auth=606ad61468539c5556974df6fe13a75f21f161d61396934758b6349cbb10f58c&amp;width=1200&amp;height=630",
        "performance_score": 0,
        "domain_rank": 6839,
        "domain_rank_updated": "2025-03-17T23:00:00.000+02:00",
        "social": {
            "facebook": {
                "likes": 0,
                "comments": 0,
                "shares": 0
            },
            "vk": {
                "shares": 0
            }
        }
    },
    "uuid": "5c511e89c286a9a13825f26ce2ac6c7ca5ded09f",
    "url": "https://www.sportsbusinessjournal.com/Articles/2025/03/19/subway-likely-out-as-nfl-sponsor-jimmy-johns-could-be-a-qsr-replacement",
    "ord_in_thread": 0,
    "parent_url": null,
    "author": "Austin Karp",
    "published": "2025-03-20T00:45:00.000+02:00",
    "title": "Subway likely out as NFL sponsor; Jimmy John's could be QSR replacement",
    "text": "Football fans better get that footlong to go.\nSources tell me that Subway, an NFL corporate sponsor since 2020, will not be renewing those pricey rights when they expire at the end of this month.\nI’m also told that attempts are in process to sell NFL QSR rights to another brand -- most likely sandwich shop Jimmy John’s (a longtime motorsports sponsor), with more than 2,700 stores across the U.S. (Subway has over 20,000). Jimmy John’s is part of the Inspire Brands family (that company, like Subway itself, is controlled by private equity firm Roark Capital). Other Inspire QSRs include Arby’s, Buffalo Wild Wings, Sonic Drive-In, Dunkin' and Baskin-Robbins.\nCross-category rights, perhaps?\nSubway activated its NFL rights by supporting the NFL’s flag football and Play 60 youth platforms. The QSR also used costly NFL personalities in its marketing, including Bill Belichick, Patrick Mahomes and Travis Kelce.\nBut Subway is a very different company now, even aside from the $9.5 billion acquisition by Roark in 2023. John Chidsey, CEO since 2020 (the first “outside” exec to head the chain) exited last year. Subway’s sales and the number of locations have been in a downward spiral -- facts made even more evident by growth posted by similar chains like Jersey Mike’s.\nOf note: the NFL also has restaurant-related deals with Applebee’s (casual dining) and Little Caesars (pizza).",
    "highlightText": "",
    "highlightTitle": "",
    "highlightThreadTitle": "",
    "language": "english",
    "sentiment": "negative",
    "categories": [
        "Economy, Business and Finance"
    ],
    "topics": [
        "Economy, Business and Finance->business strategy and marketing",
        "Economy, Business and Finance->corporate news and profiles"
    ],
    "ai_allow": true,
    "has_canonical": false,
    "breaking": true,
    "webz_reporter": false,
    "external_links": [],
    "external_images": [],
    "entities": {
        "persons": [],
        "locations": [],
        "organizations": []
    },
    "syndication": {
        "syndicated": false,
        "syndicate_id": null,
        "first_syndicated": false
    },
    "trust": null,
    "rating": null,
    "crawled": "2025-03-20T01:03:59.699+02:00",
    "updated": "2025-03-20T01:03:59.699+02:00"
}