{
    "thread": {
        "uuid": "73a5dd1322a6c7ce231c22b77b0777b1db098fca",
        "url": "https://news.knowledia.com/au/en/articles/outdated-tax-making-cars-expensive-in-south-africa-b2f246c7f6b5d1f142cd7f94c3524b754216b139",
        "site_full": "news.knowledia.com",
        "site": "knowledia.com",
        "site_section": "https://news.knowledia.com/au/en",
        "site_categories": [
            "uncategorized"
        ],
        "section_title": "Knowledia News",
        "site_title": null,
        "title": "Outdated tax making cars expensive in South Africa",
        "title_full": "Outdated tax making cars expensive in South Africa",
        "published": "2025-03-20T00:40:07.636+02:00",
        "replies_count": 0,
        "participants_count": 1,
        "site_type": "news",
        "country": "GB",
        "main_image": "",
        "performance_score": 0,
        "domain_rank": 76832,
        "domain_rank_updated": "2025-03-17T23:00:00.000+02:00",
        "social": {
            "facebook": {
                "likes": 0,
                "comments": 0,
                "shares": 0
            },
            "vk": {
                "shares": 0
            }
        }
    },
    "uuid": "73a5dd1322a6c7ce231c22b77b0777b1db098fca",
    "url": "https://news.knowledia.com/au/en/articles/outdated-tax-making-cars-expensive-in-south-africa-b2f246c7f6b5d1f142cd7f94c3524b754216b139",
    "ord_in_thread": 0,
    "parent_url": null,
    "author": "Hanno Labuschagne",
    "published": "2025-03-20T00:40:07.636+02:00",
    "title": "Outdated tax making cars expensive in South Africa",
    "text": "The ad valorem tax on a Suzuki S-Presso in 2025 is roughly the same as on luxury BMW and Mercedes-Benz models three decades ago. South Africa has not adjusted a formula used to calculate ad valorem duties on vehicle imports in three decades, meaning budget models are taxed similarly to the luxury models of yesteryear.\nIn the past few years, a lot of noise has been made about the 25% duty that applies to global imports of electric and hybrid vehicles and petrol and diesel cars sourced from outside Europe and the United Kingdom.\nThe ad valorem duty only came under the spotlight after it was highlighted by Greg Cress, the Principal Director of Automotive and eMobility at Accenture in Africa.\nIn September 2024, Cress called for adjusting ad valorem to benefit South African consumers and, specifically, the future of electric vehicles (EVs) in the country.\nOfficial South African Revenue Service (Sars) documents make no mention of a minimum value for a car to qualify for the ad valorem, but a cap of 30% applies.\nTo determine the ad valorem rate, the following formula is used:\n% = [(0.00003 * retail value less 20%) – 0.75]\nThe formula is designed so that the rate increases exponentially on a sliding scale.\nFor example, a car with a R100,000 retail value in its country of origin has an ad valorem tax rate of 1.65%, working out to R1,650.\nA vehicle with a R200,000 retail value has an ad valorem tax of 4.05%, working out to R8,100. The tax is nearly five times higher despite the car being twice the value.\nThe issue is that this formula has not…\nHanno Labuschagne",
    "highlightText": "",
    "highlightTitle": "",
    "highlightThreadTitle": "",
    "language": "english",
    "sentiment": "negative",
    "categories": [
        "Economy, Business and Finance"
    ],
    "topics": [
        "Economy, Business and Finance->economy",
        "Economy, Business and Finance->financial and economic news",
        "Economy, Business and Finance->consumer goods"
    ],
    "ai_allow": true,
    "has_canonical": false,
    "breaking": false,
    "webz_reporter": false,
    "external_links": [
        "https://mybroadband.co.za/news/motoring/587479-outdated-tax-making-cars-expensive-in-south-africa.html",
        "https://www.mybroadband.co.za/news/motoring/587479-outdated-tax-making-cars-expensive-in-south-africa.html"
    ],
    "external_images": [],
    "entities": {
        "persons": [
            {
                "name": "Greg Cress",
                "sentiment": "none"
            }
        ],
        "locations": [
            {
                "name": "Europe",
                "sentiment": "none"
            },
            {
                "name": "Africa",
                "sentiment": "none"
            }
        ],
        "organizations": []
    },
    "syndication": {
        "syndicated": false,
        "syndicate_id": null,
        "first_syndicated": false
    },
    "trust": null,
    "rating": null,
    "crawled": "2025-03-20T00:40:07.636+02:00",
    "updated": "2025-03-20T00:40:07.636+02:00"
}