{
    "thread": {
        "uuid": "a7bbf339b5f4775a817bcf49f85ff5410cc7dd85",
        "url": "https://uk.marketscreener.com/quote/stock/PHILLIPS-66-10447684/news/Fire-reported-at-Phillips-66-s-Los-Angeles-refinery-49379879",
        "site_full": "uk.marketscreener.com",
        "site": "marketscreener.com",
        "site_section": "http://uk.marketscreener.com",
        "site_categories": [],
        "section_title": "MarketScreener UK - Stock Market Today : Share Prices and News",
        "site_title": null,
        "title": "Fire reported at Phillips 66's Los Angeles refinery -March 19, 2025 at 10:09 pm | MarketScreener",
        "title_full": "Fire reported at Phillips 66's Los Angeles refinery -March 19, 2025 at 10:09 pm | MarketScreener",
        "published": "2025-03-20T00:09:00.000+02:00",
        "replies_count": 0,
        "participants_count": 1,
        "site_type": "news",
        "country": "GB",
        "main_image": "https://uk.marketscreener.com/images/twitter_MS_fdnoir.png",
        "performance_score": 0,
        "domain_rank": 3641,
        "domain_rank_updated": "2025-03-17T23:00:00.000+02:00",
        "social": {
            "facebook": {
                "likes": 0,
                "comments": 0,
                "shares": 0
            },
            "vk": {
                "shares": 0
            }
        }
    },
    "uuid": "a7bbf339b5f4775a817bcf49f85ff5410cc7dd85",
    "url": "https://uk.marketscreener.com/quote/stock/PHILLIPS-66-10447684/news/Fire-reported-at-Phillips-66-s-Los-Angeles-refinery-49379879",
    "ord_in_thread": 0,
    "parent_url": null,
    "author": "MarketScreener",
    "published": "2025-03-20T00:09:00.000+02:00",
    "title": "Fire reported at Phillips 66's Los Angeles refinery -March 19, 2025 at 10:09 pm | MarketScreener",
    "text": "NEW YORK, March 19 (Reuters) - A small fire broke out at Phillips 66's 139,000 barrel-per-day refinery in Los Angeles on Tuesday evening, the company said.\n\"The source of the fire was quickly isolated and extinguished,\" a spokesperson said on Wednesday.\nThe refinery's operation was not impacted and all personnel were accounted for, he added.\nThe Houston-based refiner plans to shut its Los Angeles-area oil refinery by October this year. The refinery produces 85,000 barrels per day of gasoline and 65,000 barrels per day of diesel and jet fuel.\n(Reporting by Nicole Jao in New York; Editing by Chris Reese)\nThis article is reserved for members Unlock the article: REGISTER NOW! 100% Free Registration Already a customer? Log In Share © Reuters - 2025",
    "highlightText": "",
    "highlightTitle": "",
    "highlightThreadTitle": "",
    "language": "english",
    "sentiment": "negative",
    "categories": [
        "Disaster and Accident",
        "Economy, Business and Finance",
        "Social Issue"
    ],
    "topics": [
        "Disaster and Accident->fire",
        "Economy, Business and Finance->energy and resource",
        "Social Issue->social services"
    ],
    "ai_allow": true,
    "has_canonical": false,
    "breaking": false,
    "webz_reporter": false,
    "external_links": [
        "https://twitter.com/intent/tweet?text=Fire",
        "https://wa.me/?text=https%3A%2F%2Fwww.marketscreener.com%2Fquote%2Fstock%2FPHILLIPS-66-10447684%2Fnews%2FFire-reported-at-Phillips-66-s-Los-Angeles-refinery-49379879%2F%3Futm_source%3Dwhatsapp%26utm_medium%3Dsocial%26utm_campaign%3Dshare",
        "https://www.linkedin.com/shareArticle?mini=true&url=https%3A%2F%2Fwww.marketscreener.com%2Fquote%2Fstock%2FPHILLIPS-66-10447684%2Fnews%2FFire-reported-at-Phillips-66-s-Los-Angeles-refinery-49379879%2F%3Futm_source%3Dlinkedin%26utm_medium%3Dsocial%26utm_campaign%3Dshare&title=Fire",
        "https://www.facebook.com/sharer/sharer.php?u=https%3A%2F%2Fwww.marketscreener.com%2Fquote%2Fstock%2FPHILLIPS-66-10447684%2Fnews%2FFire-reported-at-Phillips-66-s-Los-Angeles-refinery-49379879%2F%3Futm_source%3Dfacebook%26utm_medium%3Dsocial%26utm_campaign%3Dshare",
        "https://telegram.me/share/url?url=https%3A%2F%2Fwww.marketscreener.com%2Fquote%2Fstock%2FPHILLIPS-66-10447684%2Fnews%2FFire-reported-at-Phillips-66-s-Los-Angeles-refinery-49379879%2F%3Futm_source%3Dtelegram%26utm_medium%3Dsocial%26utm_campaign%3Dshare",
        "https://linkedin.com/shareArticle?mini=true&url=https%3A%2F%2Fwww.marketscreener.com%2Fquote%2Fstock%2FPHILLIPS-66-10447684%2Fnews%2FFire-reported-at-Phillips-66-s-Los-Angeles-refinery-49379879%2F%3Futm_source%3Dlinkedin%26utm_medium%3Dsocial%26utm_campaign%3Dshare&title=Fire",
        "https://facebook.com/sharer/sharer.php?u=https%3A%2F%2Fwww.marketscreener.com%2Fquote%2Fstock%2FPHILLIPS-66-10447684%2Fnews%2FFire-reported-at-Phillips-66-s-Los-Angeles-refinery-49379879%2F%3Futm_source%3Dfacebook%26utm_medium%3Dsocial%26utm_campaign%3Dshare",
        "https://telegram.me/share/url",
        "https://www.telegram.me/share/url?url=https%3A%2F%2Fwww.marketscreener.com%2Fquote%2Fstock%2FPHILLIPS-66-10447684%2Fnews%2FFire-reported-at-Phillips-66-s-Los-Angeles-refinery-49379879%2F%3Futm_source%3Dtelegram%26utm_medium%3Dsocial%26utm_campaign%3Dshare",
        "https://wa.me/",
        "https://www.facebook.com/sharer/sharer.php",
        "https://www.linkedin.com/shareArticle",
        "https://www.twitter.com/intent/tweet?text=Fire",
        "https://www.wa.me/?text=https%3A%2F%2Fwww.marketscreener.com%2Fquote%2Fstock%2FPHILLIPS-66-10447684%2Fnews%2FFire-reported-at-Phillips-66-s-Los-Angeles-refinery-49379879%2F%3Futm_source%3Dwhatsapp%26utm_medium%3Dsocial%26utm_campaign%3Dshare",
        "https://twitter.com/intent/tweet"
    ],
    "external_images": [],
    "entities": {
        "persons": [
            {
                "name": "Chris Reese",
                "sentiment": "none"
            },
            {
                "name": "Nicole Jao",
                "sentiment": "none"
            }
        ],
        "locations": [],
        "organizations": [
            {
                "name": "Reuters",
                "sentiment": "negative",
                "tickers": []
            },
            {
                "name": "Phillips",
                "sentiment": "negative",
                "tickers": []
            }
        ]
    },
    "syndication": {
        "syndicated": false,
        "syndicate_id": null,
        "first_syndicated": false
    },
    "trust": null,
    "rating": null,
    "crawled": "2025-03-20T00:16:20.628+02:00",
    "updated": "2025-03-20T00:16:20.628+02:00"
}