{
    "thread": {
        "uuid": "f5dc3229ef81a1fe1616947f9322c6ea3f59f4a4",
        "url": "https://flipboard.com/topic/americanmidwest/-/a-wMloufhtTiWGlHPhdWvyCw%3Aa%3A2559355664-%2F0",
        "site_full": "flipboard.com",
        "site": "flipboard.com",
        "site_section": "https://flipboard.com/topic/americanmidwest",
        "site_categories": [
            "family_and_parenting",
            "eldercare"
        ],
        "section_title": "Discover More in American Midwest on Flipboard",
        "site_title": "Flipboard: Your Social Magazine",
        "title": "U.S. border officials in Indiana confiscate nearly $10K worth of fake Botox products | Flipboard",
        "title_full": "U.S. border officials in Indiana confiscate nearly $10K worth of fake Botox products | Flipboard",
        "published": "2025-03-20T00:47:00.000+02:00",
        "replies_count": 0,
        "participants_count": 1,
        "site_type": "news",
        "country": "US",
        "main_image": "https://ic-cdn.flipboard.com/upi.com/93d18656ebe3246d9996a4706b69cc4516d42271/_medium.jpeg",
        "performance_score": 0,
        "domain_rank": 1234,
        "domain_rank_updated": "2025-03-17T23:00:00.000+02:00",
        "social": {
            "facebook": {
                "likes": 0,
                "comments": 0,
                "shares": 0
            },
            "vk": {
                "shares": 0
            }
        }
    },
    "uuid": "f5dc3229ef81a1fe1616947f9322c6ea3f59f4a4",
    "url": "https://flipboard.com/topic/americanmidwest/-/a-wMloufhtTiWGlHPhdWvyCw%3Aa%3A2559355664-%2F0",
    "ord_in_thread": 0,
    "parent_url": null,
    "author": "United Press International - By Chris Benson",
    "published": "2025-03-20T00:47:00.000+02:00",
    "title": "U.S. border officials in Indiana confiscate nearly $10K worth of fake Botox products | Flipboard",
    "text": "U.S. border officials in Indiana confiscate nearly $10K worth of fake Botox products March 19 (UPI) -- U.S. border officials in Indiana recently seized a handful of counterfeit Botox products with a street value of nearly …\nUnited Press International - By Chris Benson • 41m",
    "highlightText": "",
    "highlightTitle": "",
    "highlightThreadTitle": "",
    "language": "english",
    "sentiment": "negative",
    "categories": [
        "Crime, Law and Justice",
        "Economy, Business and Finance",
        "Social Issue"
    ],
    "topics": [
        "Crime, Law and Justice->investigation (criminal)",
        "Crime, Law and Justice->fraud",
        "Crime, Law and Justice->law enforcement",
        "Economy, Business and Finance->business governance",
        "Economy, Business and Finance->products and services",
        "Social Issue->discrimination",
        "Social Issue->social problem",
        "Social Issue->social condition"
    ],
    "ai_allow": true,
    "has_canonical": false,
    "breaking": false,
    "webz_reporter": false,
    "external_links": [],
    "external_images": [],
    "entities": {
        "persons": [],
        "locations": [],
        "organizations": []
    },
    "syndication": {
        "syndicated": false,
        "syndicate_id": null,
        "first_syndicated": false
    },
    "trust": null,
    "rating": null,
    "crawled": "2025-03-20T01:28:56.771+02:00",
    "updated": "2025-03-20T01:28:56.771+02:00"
}