{
    "thread": {
        "uuid": "018724ea189b606015a4f1d4b8772b589e4bb3e6",
        "url": "https://m.netdania.com/news/Indias+largest+private+lender+sees+rupee+falling+to+92+in+absence+of+quick+US+trade+deal/Buzz FX/{na:[{t:[&quot;BUZZ_FX_GF&quot;]}],hf:0}/tcnews/e50bfd223e655126f8f4d1a246600af264eb3f34@{&quot;Syms&quot;:[],&quot;Inf&quot;:{&quot;PBL&quot;:&quot;Mint&quot;}}/1764827735",
        "site_full": "m.netdania.com",
        "site": "netdania.com",
        "site_section": "https://jp.m.netdania.com/news",
        "site_categories": [],
        "section_title": "NetDania.com - Live Stock and Forex Market Quotes &amp; Trading Solutions | News",
        "site_title": null,
        "title": "Indias largest private lender sees rupee falling to 92 in absence of quick US trade deal - NetDania News",
        "title_full": "Indias largest private lender sees rupee falling to 92 in absence of quick US trade deal - NetDania News",
        "published": "2025-12-04T08:31:13.210+02:00",
        "replies_count": 0,
        "participants_count": 1,
        "site_type": "news",
        "country": "US",
        "main_image": "https://jp.m.netdania.com/Content/images/logo-netdania.png",
        "performance_score": 0,
        "domain_rank": 47784,
        "domain_rank_updated": "2025-11-30T23:00:00.000+02:00",
        "licensing_agency": [],
        "social": {
            "facebook": {
                "likes": 0,
                "comments": 0,
                "shares": 0
            },
            "vk": {
                "shares": 0
            }
        }
    },
    "uuid": "018724ea189b606015a4f1d4b8772b589e4bb3e6",
    "url": "https://m.netdania.com/news/Indias+largest+private+lender+sees+rupee+falling+to+92+in+absence+of+quick+US+trade+deal/Buzz FX/{na:[{t:[&quot;BUZZ_FX_GF&quot;]}],hf:0}/tcnews/e50bfd223e655126f8f4d1a246600af264eb3f34@{&quot;Syms&quot;:[],&quot;Inf&quot;:{&quot;PBL&quot;:&quot;Mint&quot;}}/1764827735",
    "ord_in_thread": 0,
    "author": "NetDania",
    "published": "2025-12-04T08:31:13.210+02:00",
    "title": "Indias largest private lender sees rupee falling to 92 in absence of quick US trade deal - NetDania News",
    "text": "-\nIndias largest private lender sees rupee falling to 92 in absence of quick US trade deal\nソース: Buzz FX / 04 12 2025 07:55:35 Asia/Jerusalem\nBy Jaspreet Kalra and Ira Dugal\nMUMBAI, Dec 4 (Reuters) - Uncertainty over the timing of the U.S.–India trade deal is fuelling rupee volatility and the absence of a quick agreement could push the currency to as low as 92 per dollar, the heaRead more...",
    "highlightText": "",
    "highlightTitle": "",
    "highlightThreadTitle": "",
    "language": "english",
    "sentiment": "negative",
    "categories": [
        "Economy, Business and Finance"
    ],
    "topics": [
        "Economy, Business and Finance->macro economics",
        "Economy, Business and Finance->foreign exchange market"
    ],
    "ai_allow": true,
    "has_canonical": false,
    "breaking": false,
    "webz_reporter": false,
    "external_links": [
        "https://www.livemint.com/market/stock-market-news/indias-largest-private-lender-sees-rupee-falling-to-92-in-absence-of-quick-us-trade-deal-11764827104233.html",
        "https://livemint.com/market/stock-market-news/indias-largest-private-lender-sees-rupee-falling-to-92-in-absence-of-quick-us-trade-deal-11764827104233.html"
    ],
    "external_images": [],
    "internal_images": [],
    "entities": {
        "persons": [
            {
                "name": "Jaspreet Kalra",
                "sentiment": "none"
            },
            {
                "name": "Ira Dugal",
                "sentiment": "none"
            }
        ],
        "locations": [],
        "organizations": [
            {
                "name": "NetDania News",
                "sentiment": "neutral",
                "tickers": []
            },
            {
                "name": "Reuters",
                "sentiment": "none",
                "tickers": [
                    {
                        "ticker": "TRI",
                        "exchange": "NASDAQ"
                    }
                ]
            }
        ]
    },
    "syndication": {
        "syndicated": false,
        "syndicate_id": null,
        "first_syndicated": false
    },
    "trust": {
        "categories": [],
        "top_news": [],
        "bias": null,
        "source": {
            "type": null,
            "city": null,
            "state": null,
            "country": null,
            "domain_type": null,
            "agency": null,
            "organization_name": null
        }
    },
    "rating": null,
    "crawled": "2025-12-04T08:31:13.210+02:00",
    "updated": "2025-12-04T08:33:08.000+02:00"
}