{
    "thread": {
        "uuid": "f8489ea4103aed97c4b91b0368ea1e1362477f04",
        "url": "https://simplywall.st/stocks/hk/software/hkg-1037/maxnerva-technology-services-shares/news/some-investors-may-be-worried-about-maxnerva-technology-serv",
        "site_full": "simplywall.st",
        "site": "simplywall.st",
        "site_section": "https://news.google.com/search?q=some%20when%3A1h&hl=en-US&gl=US&ceid=US%3Aen",
        "site_categories": [
            "investing",
            "financial_news",
            "finance"
        ],
        "section_title": "Google News - Search",
        "site_title": "Free Portfolio Tracker, Stock Insights and Community - Simply Wall St",
        "title": "Some Investors May Be Worried About Maxnerva Technology Services' (HKG:1037) Returns On Capital - Simply Wall St News",
        "title_full": "Some Investors May Be Worried About Maxnerva Technology Services' (HKG:1037) Returns On Capital - Simply Wall St News",
        "published": "2025-12-04T06:59:00.000+02:00",
        "replies_count": 0,
        "participants_count": 1,
        "site_type": "news",
        "country": "US",
        "main_image": "https://images.simplywall.st/asset/industry/8031000-choice1-main-header/1585186592389",
        "performance_score": 0,
        "domain_rank": 33449,
        "domain_rank_updated": "2025-11-30T23:00:00.000+02:00",
        "licensing_agency": [],
        "social": {
            "facebook": {
                "likes": 0,
                "comments": 0,
                "shares": 0
            },
            "vk": {
                "shares": 0
            }
        }
    },
    "uuid": "f8489ea4103aed97c4b91b0368ea1e1362477f04",
    "url": "https://simplywall.st/stocks/hk/software/hkg-1037/maxnerva-technology-services-shares/news/some-investors-may-be-worried-about-maxnerva-technology-serv",
    "ord_in_thread": 0,
    "author": "Simply Wall St",
    "published": "2025-12-04T06:59:00.000+02:00",
    "title": "Some Investors May Be Worried About Maxnerva Technology Services' (HKG:1037) Returns On Capital - Simply Wall St News",
    "text": "Some Investors May Be Worried About Maxnerva Technology Services' (HKG:1037) Returns On Capital\nIf we're looking to avoid a business that is in decline, what are the trends that can warn us ahead of time? A business that's potentially in decline often shows two trends, a return on capital employed (ROCE) that's declining, and a base of capital employed that's also declining. Trends like this ultimately mean the business is reducing its investments and also earning less on what it has invested. So after we looked into Maxnerva Technology Services (HKG:1037), the trends above didn't look too great.\nWhat Is Return On Capital Employed (ROCE)?\nJust to clarify if you're unsure, ROCE is a metric for evaluating how much pre-tax income (in percentage terms) a company earns on the capital invested in its business. Analysts use this formula to calculate it for Maxnerva Technology Services:\nReturn on Capital Employed = Earnings Before Interest and Tax (EBIT) ÷ (Total Assets - Current Liabilities)\n0.025 = CN¥11m ÷ (CN¥638m - CN¥207m) (Based on the trailing twelve months to June 2025).\nThus, Maxnerva Technology Services has an ROCE of 2.5%. Ultimately, that's a low return and it under-performs the IT industry average of 6.5%.\n See our latest analysis for Maxnerva Technology Services\nHistorical performance is a great place to start when researching a stock so above you can see the gauge for Maxnerva Technology Services' ROCE against it's prior returns. If you're interested in investigating Maxnerva Technology Services' past further, check out this free graph covering Maxnerva Technology Services' past earnings, revenue and cash flow.\nWhat The Trend Of ROCE Can Tell Us\nWe are a bit worried about the trend of returns on capital at Maxnerva Technology Services. To be more specific, the ROCE was 4.8% five years ago, but since then it has dropped noticeably. Meanwhile, capital employed in the business has stayed roughly the flat over the period. Companies that exhibit these attributes tend to not be shrinking, but they can be mature and facing pressure on their margins from competition. If these trends continue, we wouldn't expect Maxnerva Technology Services to turn into a multi-bagger.\nOur Take On Maxnerva Technology Services' ROCE\nIn summary, it's unfortunate that Maxnerva Technology Services is generating lower returns from the same amount of capital. Despite the concerning underlying trends, the stock has actually gained 39% over the last five years, so it might be that the investors are expecting the trends to reverse. Either way, we aren't huge fans of the current trends and so with that we think you might find better investments elsewhere.\nIf you'd like to know more about Maxnerva Technology Services, we've spotted 4 warning signs, and 2 of them make us uncomfortable.\nWhile Maxnerva Technology Services may not currently earn the highest returns, we've compiled a list of companies that currently earn more than 25% return on equity. Check out this free list here.\nNew: Manage All Your Stock Portfolios in One Place\nWe've created the ultimate portfolio companion for stock investors, and it's free.\n• Connect an unlimited number of Portfolios and see your total in one currency\n• Be alerted to new Warning Signs or Risks via email or mobile\n• Track the Fair Value of your stocks\nTry a Demo Portfolio for Free\nHave feedback on this article? Concerned about the content? Get in touch with us directly. Alternatively, email editorial-team (at) simplywallst.com.\nThis article by Simply Wall St is general in nature. We provide commentary based on historical data and analyst forecasts only using an unbiased methodology and our articles are not intended to be financial advice. It does not constitute a recommendation to buy or sell any stock, and does not take account of your objectives, or your financial situation. We aim to bring you long-term focused analysis driven by fundamental data. Note that our analysis may not factor in the latest price-sensitive company announcements or qualitative material. Simply Wall St has no position in any stocks mentioned.\nAbout SEHK:1037\nMaxnerva Technology Services\nAn investment holding company, operates in the digital industry and digital life businesses in the People’s Republic of China, Europe, the United States, Taiwan, Singapore, and internationally.\nFlawless balance sheet with slight risk.\nWeekly Picks\nRO\nRockeTelleron Santacruz Silver Mining ·\nCrazy Undervalued 42 Baggers Silver Play (Active & Running Mine)\nRO\nRobboon Fiducian Group ·\nFiducian: Compliance Clouds or Value Opportunity?\nWO\nwoodworthfundon Willamette Valley Vineyards ·\nWillamette Valley Vineyards (WVVI): Not-So-Great Value\nRecently Updated Narratives\nFU\nFundamentallySarcasticon Credit Corp Group ·\nModeration and Stabilisation: HOLD: Fair Price based on a 4-year Cycle is $12.08\nMA\nMarkoVTon Alphabet ·\nPositioned globally, partnered locally\nJO\nJohnJon Worldline ·\nWhen will fraudsters be investigated in depth. Fraud was ongoing in France too.\nPopular Narratives\nTH\nTheWallstreetKingon MicroVision ·\nMicroVision will explode future revenue by 380.37% with a vision towards success\nAN\nAnalystConsensusTargeton NVIDIA ·\nNVDA: Expanding AI Demand Will Drive Major Data Center Investments Through 2026\nOS\noscargarciaon Alphabet ·",
    "highlightText": "",
    "highlightTitle": "",
    "highlightThreadTitle": "",
    "language": "english",
    "sentiment": "negative",
    "categories": [
        "Economy, Business and Finance"
    ],
    "topics": [
        "Economy, Business and Finance->investment and opinion pieces",
        "Economy, Business and Finance->business reporting and performance"
    ],
    "ai_allow": true,
    "has_canonical": false,
    "breaking": true,
    "webz_reporter": false,
    "external_links": [
        "https://investor-research.typeform.com/to/wvg6MFri#feedback_token=NDI1ODAzNzo4MGMwYjU0NTdjMWIwMjZl&company=Maxnerva Technology Services&blueprintid=4258037",
        "https://www.investor-research.typeform.com/to/wvg6MFri#feedback_token=NDI1ODAzNzo4MGMwYjU0NTdjMWIwMjZl&company=Maxnerva Technology Services&blueprintid=4258037"
    ],
    "external_images": [],
    "internal_images": [],
    "entities": {
        "persons": [],
        "locations": [],
        "organizations": [
            {
                "name": "Maxnerva Technology Services",
                "sentiment": "none",
                "tickers": []
            }
        ]
    },
    "syndication": {
        "syndicated": false,
        "syndicate_id": null,
        "first_syndicated": false
    },
    "trust": {
        "categories": [],
        "top_news": [],
        "bias": null,
        "source": {
            "type": null,
            "city": null,
            "state": null,
            "country": null,
            "domain_type": null,
            "agency": null,
            "organization_name": null
        }
    },
    "rating": null,
    "crawled": "2025-12-04T07:36:18.336+02:00",
    "updated": "2025-12-04T07:38:41.000+02:00"
}