{
    "thread": {
        "uuid": "d54f8213f6cafff91599450fee6eb7153fa05f17",
        "url": "https://www.hindustantimes.com/business/maruti-suzuki-agm-rc-bhargava-wants-lower-gst-on-cars-as-us-tariffs-bite-101756357463478.html",
        "site_full": "www.hindustantimes.com",
        "site": "hindustantimes.com",
        "site_section": "https://hindustantimes.com/ht-insight/knowledge",
        "site_categories": [
            "media",
            "top_news_pk",
            "top_news_gb",
            "top_news_kw",
            "top_news_sa",
            "top_news_nz",
            "top_news_au",
            "top_news_sg",
            "top_news_ie",
            "top_news_za",
            "top_news_ph",
            "top_news_ae",
            "top_news_us",
            "top_news_in",
            "top_news_ca",
            "top_news_my",
            "top_news_iq",
            "top_news_qa",
            "top_news"
        ],
        "section_title": " | Hindustan Times",
        "site_title": "News: Today’s News Headlines, Breaking News India, World News and Cricket News | Hindustan Times",
        "title": "Maruti Suzuki AGM: RC Bhargava wants lower GST on cars as US tariffs bite - Hindustan Times",
        "title_full": "Maruti Suzuki AGM: RC Bhargava wants lower GST on cars as US tariffs bite - Hindustan Times",
        "published": "2025-08-28T08:10:00.000+03:00",
        "replies_count": 0,
        "participants_count": 1,
        "site_type": "news",
        "country": "IN",
        "main_image": "https://www.hindustantimes.com/ht-img/img/2025/08/28/1600x900/SUZUKI-INDIA-EV-0_1756357613000_1756357646915.JPG",
        "performance_score": 0,
        "domain_rank": 862,
        "domain_rank_updated": "2025-06-03T00:00:00.000+03:00",
        "licensing_agency": [],
        "social": {
            "facebook": {
                "likes": 0,
                "comments": 0,
                "shares": 0
            },
            "vk": {
                "shares": 0
            }
        }
    },
    "uuid": "d54f8213f6cafff91599450fee6eb7153fa05f17",
    "url": "https://www.hindustantimes.com/business/maruti-suzuki-agm-rc-bhargava-wants-lower-gst-on-cars-as-us-tariffs-bite-101756357463478.html",
    "ord_in_thread": 0,
    "author": "@httweets",
    "published": "2025-08-28T08:10:00.000+03:00",
    "title": "Maruti Suzuki AGM: RC Bhargava wants lower GST on cars as US tariffs bite - Hindustan Times",
    "text": "Maruti Suzuki India Ltd. wants lower GST rates on small cars due to the impact US tariffs will have on other parts of the economy, according to its chairman.“Lower GST rates are needed as US tariffs are causing disruptions in other Indian industries,” RC Bhargava said at the annual general meeting of India’s largest carmaker.To be sure, the Narendra Modi government has already suggested lower GST rates on Maruti Suzuki’s breadwinner small cars, but US tariffs are set to weigh on buying power of people who opt for such vehicles.The additional tariff, which came into effect on 27 August,. will take total duties to up to 50% for some goods, including garments, gems and jewellery, footwear, sporting goods, furniture, and chemicals, threatening thousands of small exporters and jobs—a key customer base for Maruti Suzuki.GST Reforms Prime Minister Narendra Modi, in his Independence speech on 15 August 2025, revealed plans for India’s biggest tax overhaul since 2017 with consumer, auto and insurance companies likely to emerge as the biggest winners when product prices drop from October.The central government has suggested lowering the GST rate on small cars to 18% from the current 28%, Reuters reported on 18 August. The GST on health and life insurance premiums may also be lowered to 5% or even zero from 18% currently.",
    "highlightText": "",
    "highlightTitle": "",
    "highlightThreadTitle": "",
    "language": "english",
    "sentiment": "negative",
    "categories": [
        "Economy, Business and Finance",
        "Politics",
        "Social Issue"
    ],
    "topics": [
        "Economy, Business and Finance->business governance",
        "Economy, Business and Finance->business strategy and marketing",
        "Economy, Business and Finance->financial service",
        "Politics->government policy",
        "Politics->economic policy",
        "Politics->political process",
        "Social Issue->social condition",
        "Social Issue->population and census"
    ],
    "ai_allow": true,
    "has_canonical": false,
    "breaking": true,
    "webz_reporter": false,
    "external_links": [],
    "external_images": [],
    "internal_images": [],
    "entities": {
        "persons": [
            {
                "name": "Narendra Modi",
                "sentiment": "none"
            },
            {
                "name": "Bhargava",
                "sentiment": "none"
            }
        ],
        "locations": [],
        "organizations": [
            {
                "name": "Hindustan Times",
                "sentiment": "negative",
                "tickers": [
                    {
                        "ticker": null,
                        "exchange": null
                    }
                ]
            },
            {
                "name": "Maruti Suzuki India Ltd.",
                "sentiment": "negative",
                "tickers": []
            }
        ]
    },
    "syndication": {
        "syndicated": false,
        "syndicate_id": null,
        "first_syndicated": false
    },
    "trust": {
        "categories": [
            "fake_news"
        ],
        "top_news": [
            "top_news_pk",
            "top_news_gb",
            "top_news_kw",
            "top_news_sa",
            "top_news_nz",
            "top_news_au",
            "top_news_sg",
            "top_news_ie",
            "top_news_za",
            "top_news_ph",
            "top_news_ae",
            "top_news_us",
            "top_news_in",
            "top_news_ca",
            "top_news_my",
            "top_news_iq",
            "top_news_qa",
            "top_news"
        ],
        "bias": "center",
        "source": {
            "type": null,
            "city": null,
            "state": null,
            "country": null,
            "domain_type": null,
            "agency": null,
            "organization_name": null
        }
    },
    "rating": null,
    "crawled": "2025-08-28T08:18:11.458+03:00",
    "updated": "2025-08-29T09:06:17.000+03:00"
}