{
    "thread": {
        "uuid": "00ac0774b051aafb40dab63b0ffe9540dd31a703",
        "url": "https://www.teleborsa.it/News/2025/08/28/borsa-hong-kong-apertura-pomeridiana-0-66percent-15_TLB-1LINER.html",
        "site_full": "www.teleborsa.it",
        "site": "teleborsa.it",
        "site_section": "https://teleborsa.it/news/in-breve",
        "site_categories": [
            "financial_news",
            "finance"
        ],
        "section_title": "\r\n\tNotizie finanziarie su In breve | Teleborsa.it\r\n",
        "site_title": "Borsa, Quotazioni, Obbligazioni, Titoli, Notizie Economia e Finanza | Teleborsa.it",
        "title": "Borsa: Hong Kong, apertura pomeridiana -0,66% | Teleborsa.it",
        "title_full": "Borsa: Hong Kong, apertura pomeridiana -0,66% | Teleborsa.it",
        "published": "2025-08-28T08:14:51.198+03:00",
        "replies_count": 0,
        "participants_count": 1,
        "site_type": "news",
        "country": "IT",
        "main_image": "https://images.teleborsa.it/t/stabile/117047.t.W600.H340.M4.jpg",
        "performance_score": 0,
        "domain_rank": 92700,
        "domain_rank_updated": "2025-06-03T00:00:00.000+03:00",
        "licensing_agency": [],
        "social": {
            "facebook": {
                "likes": 0,
                "comments": 0,
                "shares": 0
            },
            "vk": {
                "shares": 0
            }
        }
    },
    "uuid": "00ac0774b051aafb40dab63b0ffe9540dd31a703",
    "url": "https://www.teleborsa.it/News/2025/08/28/borsa-hong-kong-apertura-pomeridiana-0-66percent-15_TLB-1LINER.html",
    "ord_in_thread": 0,
    "author": "Redazione Teleborsa",
    "published": "2025-08-28T08:14:51.198+03:00",
    "title": "Borsa: Hong Kong, apertura pomeridiana -0,66% | Teleborsa.it",
    "text": "Indice Hang Seng -0,66% a quota 25.035,78 all'apertura pomeridiana.",
    "highlightText": "",
    "highlightTitle": "",
    "highlightThreadTitle": "",
    "language": "english",
    "sentiment": "negative",
    "categories": [
        "Economy, Business and Finance"
    ],
    "topics": [
        "Economy, Business and Finance->market and exchange",
        "Economy, Business and Finance->macro economics",
        "Economy, Business and Finance->financial and economic news"
    ],
    "ai_allow": true,
    "has_canonical": false,
    "breaking": false,
    "webz_reporter": false,
    "external_links": [],
    "external_images": [],
    "internal_images": [],
    "entities": {
        "persons": [],
        "locations": [],
        "organizations": []
    },
    "syndication": {
        "syndicated": false,
        "syndicate_id": null,
        "first_syndicated": false
    },
    "trust": {
        "categories": [],
        "top_news": [],
        "bias": null,
        "source": {
            "type": null,
            "city": null,
            "state": null,
            "country": null,
            "domain_type": null,
            "agency": null,
            "organization_name": null
        }
    },
    "rating": null,
    "crawled": "2025-08-28T08:14:51.198+03:00",
    "updated": "2025-08-28T08:17:34.000+03:00"
}