{
    "thread": {
        "uuid": "524923cc80620fd29f65c2d3445219e90e7d7adf",
        "url": "https://www.marklines.com/en/news/331764",
        "site_full": "www.marklines.com",
        "site": "marklines.com",
        "site_section": "https://www.marklines.com/en/news",
        "site_categories": [],
        "section_title": "News - MarkLines Automotive Industry Portal",
        "site_title": "HOME | Automotive Industry Portal MarkLines | Portal",
        "title": "Suzuki to discontinue Ignis model in Mexico",
        "title_full": "Suzuki to discontinue Ignis model in Mexico",
        "published": "2025-08-28T02:44:00.000+03:00",
        "replies_count": 0,
        "participants_count": 1,
        "site_type": "news",
        "country": "JP",
        "main_image": "https://www.marklines.com/statics/page_header_img/news_ogp.jpg",
        "performance_score": 0,
        "domain_rank": 73320,
        "domain_rank_updated": "2025-06-03T00:00:00.000+03:00",
        "licensing_agency": [],
        "social": {
            "facebook": {
                "likes": 0,
                "comments": 0,
                "shares": 0
            },
            "vk": {
                "shares": 0
            }
        }
    },
    "uuid": "524923cc80620fd29f65c2d3445219e90e7d7adf",
    "url": "https://www.marklines.com/en/news/331764",
    "ord_in_thread": 0,
    "author": "MarkLines Co., Ltd.",
    "published": "2025-08-28T02:44:00.000+03:00",
    "title": "Suzuki to discontinue Ignis model in Mexico",
    "text": "Suzuki to discontinue Ignis model in Mexico\nOn August 25, it was reported that Suzuki will discontinue the Ignis in Mexico as part of a global decision to end production of the “nano SUV.”\nIn Mexico, Suzuki will replace the Ignis with the subcompact Dzire sedan, aiming to capitalize on the long-standing cultural preference for sedans in Latin America. The comp....\nIn Mexico, Suzuki will replace the Ignis with the subcompact Dzire sedan, aiming to capitalize on the long-standing cultural preference for sedans in Latin America. The comp....\nThis news is for paid members only.\nIf you register as a free member, you can read the rest of this article for a limited time.\nIn addition, you can also enjoy the following content for free:\n- Market & Tech Reports\n- Global automotive production/sales\n- Launch schedule forecasts\n- Latest news on the automotive industry\n- Market share and supply information of 300 automotive parts (Who Supplies Whom)",
    "highlightText": "",
    "highlightTitle": "",
    "highlightThreadTitle": "",
    "language": "english",
    "sentiment": "negative",
    "categories": [
        "Economy, Business and Finance"
    ],
    "topics": [
        "Economy, Business and Finance->corporate news and profiles",
        "Economy, Business and Finance->business restructuring",
        "Economy, Business and Finance->automotive"
    ],
    "ai_allow": true,
    "has_canonical": false,
    "breaking": null,
    "webz_reporter": false,
    "external_links": [],
    "external_images": [],
    "internal_images": [],
    "entities": {
        "persons": [
            {
                "name": "Suzuki",
                "sentiment": "neutral"
            }
        ],
        "locations": [
            {
                "name": "Latin",
                "sentiment": "none"
            }
        ],
        "organizations": []
    },
    "syndication": {
        "syndicated": false,
        "syndicate_id": null,
        "first_syndicated": false
    },
    "trust": {
        "categories": [],
        "top_news": [],
        "bias": null,
        "source": {
            "type": null,
            "city": null,
            "state": null,
            "country": null,
            "domain_type": null,
            "agency": null,
            "organization_name": null
        }
    },
    "rating": null,
    "crawled": "2025-08-28T08:12:19.388+03:00",
    "updated": "2025-08-28T08:13:16.000+03:00"
}