{
    "thread": {
        "uuid": "f34149482ee120ccd322faf401c8d31e4c1f8d63",
        "url": "https://www.adgully.com/post/5687/shah-rukh-khan-and-deepika-padukone-listed-in-rajasthan-fir-over-alleged-hyundai-suv-defects",
        "site_full": "www.adgully.com",
        "site": "adgully.com",
        "site_section": "https://news.google.com/search?q=over%20when%3A1h&hl=en-US&gl=US&ceid=US%3Aen",
        "site_categories": [
            "marketing",
            "business"
        ],
        "section_title": "Google News - Search",
        "site_title": "Adgully.com - Latest News on Advertising, Marketing, Media, Digital & more",
        "title": "Shah Rukh Khan and Deepika Padukone listed in Rajasthan FIR over alleged Hyundai SUV defects",
        "title_full": "Shah Rukh Khan and Deepika Padukone listed in Rajasthan FIR over alleged Hyundai SUV defects",
        "published": "2025-08-28T08:00:00.000+03:00",
        "replies_count": 0,
        "participants_count": 1,
        "site_type": "news",
        "country": "IN",
        "main_image": "https://erp.adgully.com/artical_image/e1fbf45732147090855c023a46230170.jpeg",
        "performance_score": 0,
        "domain_rank": 34356,
        "domain_rank_updated": "2025-06-03T00:00:00.000+03:00",
        "licensing_agency": [],
        "social": {
            "facebook": {
                "likes": 0,
                "comments": 0,
                "shares": 0
            },
            "vk": {
                "shares": 0
            }
        }
    },
    "uuid": "f34149482ee120ccd322faf401c8d31e4c1f8d63",
    "url": "https://www.adgully.com/post/5687/shah-rukh-khan-and-deepika-padukone-listed-in-rajasthan-fir-over-alleged-hyundai-suv-defects",
    "ord_in_thread": 0,
    "author": "Adgully Bureau",
    "published": "2025-08-28T08:00:00.000+03:00",
    "title": "Shah Rukh Khan and Deepika Padukone listed in Rajasthan FIR over alleged Hyundai SUV defects",
    "text": "Bollywood actors Shah Rukh Khan and Deepika Padukone have been named in a police FIR, alongside six Hyundai officials, in connection with a complaint alleging fraud linked to a Hyundai vehicle.\nThe case began when Bharatpur resident Kirti Singh raised concerns about his Hyundai Alcazar SUV, purchased in June 2022 from a dealership in Haryana for nearly ₹24 lakh. Within months, Singh reported recurring problems, including engine warnings, unusual vibrations at high speeds, and other technical faults. According to him, repeated requests to the dealership for repairs were ignored, and he was told the issues were typical for the model.\nFeeling that the car’s defects were downplayed despite repeated attempts to fix them, Singh filed a legal complaint claiming that the vehicle’s promotional campaigns, featuring Shah Rukh Khan and Deepika Padukone, misrepresented the product. Following the complaint, the Bharatpur court instructed local police to lodge an official case under Section 420 of the Indian Penal Code, which deals with cheating and fraudulent practices. The police have now opened an investigation.\nShah Rukh Khan has been a face of Hyundai since 1998, while Deepika Padukone joined the brand in December 2023. The actors last appeared together in a Hyundai advertisement in 2024. The case highlights ongoing discussions about celebrity liability in product endorsements, particularly after a 2023 Supreme Court judgment that held promoters accountable for misleading advertisements.\nAt this stage, neither of the actors has publicly commented on the investigation, and authorities are continuing their inquiry.\nsimilar newsCumin Co secures $1.5 mn led by Fireside Ventures to accelerate innovation & manufacturing\nsimilar newsBombay Dyeing strengthens crackdown on counterfeits to safeguard customers and brand heritage\nsimilar news Gleneagles Hospital joins hands with Lalbaugcha Raja Mandal for organ donation awareness drive",
    "highlightText": "",
    "highlightTitle": "",
    "highlightThreadTitle": "",
    "language": "english",
    "sentiment": "negative",
    "categories": [
        "Crime, Law and Justice",
        "Economy, Business and Finance",
        "Social Issue"
    ],
    "topics": [
        "Crime, Law and Justice->investigation (criminal)",
        "Crime, Law and Justice->fraud",
        "Economy, Business and Finance->corporate news and profiles",
        "Economy, Business and Finance->business governance",
        "Social Issue->discrimination",
        "Social Issue->social problem",
        "Social Issue->values"
    ],
    "ai_allow": true,
    "has_canonical": false,
    "breaking": true,
    "webz_reporter": false,
    "external_links": [],
    "external_images": [],
    "internal_images": [],
    "entities": {
        "persons": [
            {
                "name": "Deepika Padukone",
                "sentiment": "negative"
            },
            {
                "name": "Shah Rukh Khan",
                "sentiment": "negative"
            },
            {
                "name": "Kirti Singh",
                "sentiment": "none"
            }
        ],
        "locations": [
            {
                "name": "Rajasthan",
                "sentiment": "none"
            },
            {
                "name": "Haryana",
                "sentiment": "none"
            }
        ],
        "organizations": [
            {
                "name": "Hyundai",
                "sentiment": "none",
                "tickers": [
                    {
                        "ticker": null,
                        "exchange": null
                    }
                ]
            }
        ]
    },
    "syndication": {
        "syndicated": false,
        "syndicate_id": null,
        "first_syndicated": false
    },
    "trust": {
        "categories": [],
        "top_news": [],
        "bias": null,
        "source": {
            "type": null,
            "city": null,
            "state": null,
            "country": null,
            "domain_type": null,
            "agency": null,
            "organization_name": null
        }
    },
    "rating": null,
    "crawled": "2025-08-28T08:11:37.453+03:00",
    "updated": "2025-08-28T08:15:16.000+03:00"
}