{
    "thread": {
        "uuid": "74b1b1d1e83f6448d8e6bf5a832bb74e0bf366ba",
        "url": "https://www.devdiscourse.com/article/international/3606005-us-tariffs-on-indian-goods-spark-diplomatic-dispute",
        "site_full": "www.devdiscourse.com",
        "site": "devdiscourse.com",
        "site_section": "http://www.devdiscourse.com/",
        "site_categories": [
            "media"
        ],
        "section_title": "International Development News, Breaking News, Opinion and Analysis - Devdiscourse",
        "site_title": "International Development News, Breaking News, Opinion and Analysis - Devdiscourse",
        "title": "US Tariffs on Indian Goods Spark Diplomatic Dispute | International",
        "title_full": "US Tariffs on Indian Goods Spark Diplomatic Dispute | International",
        "published": "2025-08-28T07:52:00.000+03:00",
        "replies_count": 0,
        "participants_count": 1,
        "site_type": "news",
        "country": "IN",
        "main_image": "https://www.devdiscourse.com/remote.axd?https://devdiscourse.blob.core.windows.net/devnews/28_08_2025_10_22_07_7199831.jpg?width=920&amp;format=jpeg",
        "performance_score": 0,
        "domain_rank": 9270,
        "domain_rank_updated": "2025-06-03T00:00:00.000+03:00",
        "licensing_agency": [],
        "social": {
            "facebook": {
                "likes": 0,
                "comments": 0,
                "shares": 0
            },
            "vk": {
                "shares": 0
            }
        }
    },
    "uuid": "74b1b1d1e83f6448d8e6bf5a832bb74e0bf366ba",
    "url": "https://www.devdiscourse.com/article/international/3606005-us-tariffs-on-indian-goods-spark-diplomatic-dispute",
    "ord_in_thread": 0,
    "author": "Devdiscourse News Desk",
    "published": "2025-08-28T07:52:00.000+03:00",
    "title": "US Tariffs on Indian Goods Spark Diplomatic Dispute | International",
    "text": "The United States has imposed additional tariffs on Indian goods, escalating tensions in bilateral trade relations. Former diplomat Mahesh Sachdev calls it a significant setback but not a disaster. India, under PM Modi, vows to withstand economic pressure from Washington despite challenges in textiles, gems, and seafood sectors. The United States' decision to impose additional tariffs on Indian goods has further strained bilateral trade relations between the two nations, according to former senior diplomat Mahesh Sachdev. On Wednesday, Sachdev described the new tariffs as a significant setback but stopped short of labeling it a disaster. President Donald Trump's executive action introduces a 50 per cent tariff on $60.2 billion of Indian exports, with 3.6 per cent facing 25 per cent tariffs. Sectors like textiles, gems, and seafood, which are labor-intensive, will be hardest hit, while leather and footwear will also feel the impact. The tariffs align with Executive Order 14329, initiated due to concerns over India's trade practices and its defense ties with Russia. Despite the economic measures, Prime Minister Narendra Modi remains resolute, emphasizing India's resilience in weathering external pressures. (With inputs from agencies.)",
    "highlightText": "",
    "highlightTitle": "",
    "highlightThreadTitle": "",
    "language": "english",
    "sentiment": "negative",
    "categories": [
        "Politics",
        "Economy, Business and Finance",
        "Politics"
    ],
    "topics": [
        "Politics->economic policy",
        "Politics->political development",
        "Politics->international relations",
        "Economy, Business and Finance->economy",
        "Economy, Business and Finance->business governance",
        "Economy, Business and Finance->financial and economic news",
        "Politics->international relations",
        "Politics->diplomacy"
    ],
    "ai_allow": true,
    "has_canonical": false,
    "breaking": false,
    "webz_reporter": false,
    "external_links": [],
    "external_images": [],
    "internal_images": [],
    "entities": {
        "persons": [
            {
                "name": "Mahesh Sachdev",
                "sentiment": "none"
            },
            {
                "name": "Donald Trump",
                "sentiment": "none"
            }
        ],
        "locations": [],
        "organizations": []
    },
    "syndication": {
        "syndicated": false,
        "syndicate_id": null,
        "first_syndicated": false
    },
    "trust": {
        "categories": [],
        "top_news": [],
        "bias": null,
        "source": {
            "type": null,
            "city": null,
            "state": null,
            "country": null,
            "domain_type": null,
            "agency": null,
            "organization_name": null
        }
    },
    "rating": null,
    "crawled": "2025-08-28T08:01:30.560+03:00",
    "updated": "2025-08-28T08:19:34.503+03:00"
}