{
    "thread": {
        "uuid": "d8482702602d76467a929a2bc88c242539bee2db",
        "url": "https://www.communicationstoday.co.in/trumps-50-india-tariffs-threaten-telecom-exports-disrupt-supply-chains/",
        "site_full": "www.communicationstoday.co.in",
        "site": "communicationstoday.co.in",
        "site_section": "https://www.communicationstoday.co.in",
        "site_categories": [
            "tech"
        ],
        "section_title": "India&#039;s leading telecom news website and magazine",
        "site_title": "India&#039;s leading telecom news website and magazine",
        "title": "Trump's 50% India tariffs threaten telecom exports, disrupt supply chains",
        "title_full": "Trump's 50% India tariffs threaten telecom exports, disrupt supply chains",
        "published": "2025-08-28T05:42:00.000+03:00",
        "replies_count": 0,
        "participants_count": 1,
        "site_type": "news",
        "country": "IN",
        "main_image": "https://www.communicationstoday.co.in/wp-content/uploads/2025/08/Trumps-50-India-tariffs-threaten-telecom-exports-disrupt-supply-chains.jpg",
        "performance_score": 0,
        "domain_rank": 171082,
        "domain_rank_updated": "2025-06-03T00:00:00.000+03:00",
        "licensing_agency": [],
        "social": {
            "facebook": {
                "likes": 0,
                "comments": 0,
                "shares": 0
            },
            "vk": {
                "shares": 0
            }
        }
    },
    "uuid": "d8482702602d76467a929a2bc88c242539bee2db",
    "url": "https://www.communicationstoday.co.in/trumps-50-india-tariffs-threaten-telecom-exports-disrupt-supply-chains/",
    "ord_in_thread": 0,
    "author": "archit_tandon",
    "published": "2025-08-28T05:42:00.000+03:00",
    "title": "Trump's 50% India tariffs threaten telecom exports, disrupt supply chains",
    "text": "Trump’s 50% tariffs on Indian goods take effect from 12:01 am eastern daylight time on August 27, 2025. Shipments that left India before this effective time and are cleared by September 17, 2025, are exempt from the additional duty,\nThis move to impose 50% tariffs on Indian goods threatens to disrupt India’s telecom sector, especially equipment exports to the US. Indian telecom gear makers warn that sharply higher duties will make their products less price competitive, disrupt supply chains, and increase costs for companies like Tejas Networks, HFCL, TCS, VVDN, and others vying for a bigger share of the $50 billion US telecom equipment market.\nWhile the US tariffs currently target sectors like textiles, gems, auto parts, and seafood most directly, telecom exporters will face higher manufacturing and operational expenses, eroding profitability and potentially leading to lost orders or stalled expansion in America. Indian industry leaders have called for policy negotiations and possible reciprocal duty reductions to buffer the blow. There is also concern that Indian companies may lose out to ASEAN, Korea, and Japan, whose telecom exports enter the US duty-free under existing trade pacts.\nSome company executives suggest the new tariff regime could spur Indian telecom manufacturers to focus more on domestic supply-chain development, invest in R&D, and pivot to advanced technologies such as AI-optimized network gear and climate-friendly 5G infrastructure. This difficult environment, they argue, presents an impetus for innovation if trade obstacles persist, though the risk of short- to medium-term pain for India’s telecom export ambitions is substantial.\nCT Bureau",
    "highlightText": "",
    "highlightTitle": "",
    "highlightThreadTitle": "",
    "language": "english",
    "sentiment": "negative",
    "categories": [
        "Economy, Business and Finance"
    ],
    "topics": [
        "Economy, Business and Finance->economy",
        "Economy, Business and Finance->foreign exchange market",
        "Economy, Business and Finance->business governance"
    ],
    "ai_allow": true,
    "has_canonical": false,
    "breaking": null,
    "webz_reporter": false,
    "external_links": [],
    "external_images": [],
    "internal_images": [],
    "entities": {
        "persons": [],
        "locations": [],
        "organizations": [
            {
                "name": "Tejas Networks",
                "sentiment": "none",
                "tickers": []
            },
            {
                "name": "HFCL",
                "sentiment": "none",
                "tickers": []
            },
            {
                "name": "TCS",
                "sentiment": "none",
                "tickers": [
                    {
                        "ticker": null,
                        "exchange": null
                    }
                ]
            }
        ]
    },
    "syndication": {
        "syndicated": false,
        "syndicate_id": null,
        "first_syndicated": false
    },
    "trust": {
        "categories": [],
        "top_news": [],
        "bias": null,
        "source": {
            "type": null,
            "city": null,
            "state": null,
            "country": null,
            "domain_type": null,
            "agency": null,
            "organization_name": null
        }
    },
    "rating": null,
    "crawled": "2025-08-28T08:23:53.597+03:00",
    "updated": "2025-08-28T08:26:56.000+03:00"
}