{
    "thread": {
        "uuid": "ba82dfccef92393143bcde685c8f65c2a088800e",
        "url": "https://article.wn.com/view/2025/08/28/Overcrowding_poor_facilities_undermine_PNG_education_study_f/",
        "site_full": "article.wn.com",
        "site": "wn.com",
        "site_section": "https://wn.com/oceania",
        "site_categories": [
            "media"
        ],
        "section_title": "World News - Oceania",
        "site_title": "World News",
        "title": "Overcrowding, poor facilities undermine PNG education, study finds",
        "title_full": "Overcrowding, poor facilities undermine PNG education, study finds",
        "published": "2025-08-28T07:36:40.204+03:00",
        "replies_count": 0,
        "participants_count": 0,
        "site_type": "news",
        "country": "US",
        "main_image": "",
        "performance_score": 0,
        "domain_rank": 3835,
        "domain_rank_updated": "2025-06-03T00:00:00.000+03:00",
        "licensing_agency": [],
        "social": {
            "facebook": {
                "likes": 0,
                "comments": 0,
                "shares": 0
            },
            "vk": {
                "shares": 0
            }
        }
    },
    "uuid": "ba82dfccef92393143bcde685c8f65c2a088800e",
    "url": "https://article.wn.com/view/2025/08/28/Overcrowding_poor_facilities_undermine_PNG_education_study_f/",
    "ord_in_thread": 0,
    "author": null,
    "published": "2025-08-28T07:36:40.204+03:00",
    "title": "Overcrowding, poor facilities undermine PNG education, study finds",
    "text": "A researcher in Papua New Guinea says the government has to urgently rethink how education is provided in the country.Hafford Norea of the National Research Institute (NRI) wants to see a move away from top-down decision making and for...\n\"The missing link is collaboration,\"",
    "highlightText": "",
    "highlightTitle": "",
    "highlightThreadTitle": "",
    "language": "english",
    "sentiment": "negative",
    "categories": [
        "Education",
        "Social Issue",
        "Economy, Business and Finance"
    ],
    "topics": [
        "Education->students",
        "Education->educational grading",
        "Education->school",
        "Social Issue->social services",
        "Social Issue->demographics",
        "Social Issue->social condition",
        "Economy, Business and Finance->human resources"
    ],
    "ai_allow": true,
    "has_canonical": false,
    "breaking": false,
    "webz_reporter": false,
    "external_links": [],
    "external_images": [],
    "internal_images": [],
    "entities": {
        "persons": [],
        "locations": [],
        "organizations": [
            {
                "name": "National Research Institute",
                "sentiment": "none",
                "tickers": []
            },
            {
                "name": "NRI",
                "sentiment": "none",
                "tickers": [
                    {
                        "ticker": null,
                        "exchange": null
                    }
                ]
            }
        ]
    },
    "syndication": {
        "syndicated": false,
        "syndicate_id": null,
        "first_syndicated": false
    },
    "trust": {
        "categories": [
            "trusted_news"
        ],
        "top_news": [],
        "bias": "center",
        "source": {
            "type": null,
            "city": null,
            "state": null,
            "country": null,
            "domain_type": null,
            "agency": null,
            "organization_name": null
        }
    },
    "rating": null,
    "crawled": "2025-08-28T07:36:40.204+03:00",
    "updated": "2025-08-28T07:41:47.000+03:00"
}