{
    "thread": {
        "uuid": "eac05749496b6e159f5115021b6211cfeba130fa",
        "url": "https://prairiestatewire.com/stories/675056503-chicago-man-sentenced-for-defrauding-covid-19-relief-programs",
        "site_full": "prairiestatewire.com",
        "site": "prairiestatewire.com",
        "site_section": "https://prairiestatewire.com",
        "site_categories": [
            "media"
        ],
        "section_title": "Prairie State Wire",
        "site_title": "Prairie State Wire",
        "title": "Chicago man sentenced for defrauding Covid-19 relief programs",
        "title_full": "Chicago man sentenced for defrauding Covid-19 relief programs",
        "published": "2025-08-27T18:52:00.000+03:00",
        "replies_count": 0,
        "participants_count": 1,
        "site_type": "news",
        "country": "US",
        "main_image": "https://cdn.metricmedianews.com/db/e9/26143220/webp_97pmuplfo3ysshi98osw860t1zlv.webp",
        "performance_score": 0,
        "domain_rank": null,
        "domain_rank_updated": null,
        "licensing_agency": [],
        "social": {
            "facebook": {
                "likes": 0,
                "comments": 0,
                "shares": 0
            },
            "vk": {
                "shares": 0
            }
        }
    },
    "uuid": "eac05749496b6e159f5115021b6211cfeba130fa",
    "url": "https://prairiestatewire.com/stories/675056503-chicago-man-sentenced-for-defrauding-covid-19-relief-programs",
    "ord_in_thread": 0,
    "author": "Prairie State Wire",
    "published": "2025-08-27T18:52:00.000+03:00",
    "title": "Chicago man sentenced for defrauding Covid-19 relief programs",
    "text": "Morris Pasqual, Acting U.S. Attorney | U.S. Attorney's Office for the Northern District of Illinois\nMorris Pasqual, Acting U.S. Attorney | U.S. Attorney's Office for the Northern District of Illinois\nA Chicago man has been sentenced to 18 months in federal prison for his role in a scheme to fraudulently obtain nearly $2 million in small business loans intended for Covid-19 relief.\nSamuel W. Jackson, 45, formerly of Chicago, pleaded guilty earlier this year to wire fraud and money laundering charges. In 2020, Jackson submitted numerous applications for Paycheck Protection Program (PPP) and Economic Injury Disaster Loan (EIDL) funds on behalf of businesses he controlled. The applications included false statements about employment figures, payroll costs, and operating expenses.\nAccording to prosecutors, the fraudulent activity resulted in losses exceeding $1.9 million to lenders and the U.S. Small Business Administration (SBA). Jackson and others used loan proceeds for personal benefit, spending $500,000 on luxury vehicles, nearly $230,000 at restaurants, bars, and entertainment venues, and $116,000 on rent.\nOn August 20, 2025, U.S. District Judge Matthew F. Kennelly handed down the sentence and ordered Jackson to pay approximately $1.9 million in restitution.\nThe sentencing was announced by Andrew S. Boutros, United States Attorney for the Northern District of Illinois; Douglas S. DePodesta, Special Agent-in-Charge of the FBI’s Chicago Field Office; with substantial assistance from the SBA Office of Inspector General.\n“Defendant was the hub of a fraudulent scheme,” Assistant U.S. Attorneys Christopher K. Veatch and Branka Cimesa argued in the government’s sentencing memorandum. “Defendant abused a federal program funded by taxpayer money and designed to help those in need.”\nORGANIZATIONS IN THIS STORY\n!RECEIVE ALERTS\nSign-up\nDONATE\nDonate",
    "highlightText": "",
    "highlightTitle": "",
    "highlightThreadTitle": "",
    "language": "english",
    "sentiment": "negative",
    "categories": [
        "Crime, Law and Justice",
        "Economy, Business and Finance",
        "Politics"
    ],
    "topics": [
        "Crime, Law and Justice->fraud",
        "Economy, Business and Finance->business reporting and performance",
        "Economy, Business and Finance->business governance",
        "Economy, Business and Finance->financial and economic news",
        "Politics->government",
        "Politics->political process",
        "Politics->economic policy"
    ],
    "ai_allow": true,
    "has_canonical": false,
    "breaking": null,
    "webz_reporter": false,
    "external_links": [],
    "external_images": [],
    "internal_images": [],
    "entities": {
        "persons": [
            {
                "name": "Samuel W. Jackson",
                "sentiment": "none"
            }
        ],
        "locations": [],
        "organizations": []
    },
    "syndication": {
        "syndicated": false,
        "syndicate_id": null,
        "first_syndicated": false
    },
    "trust": {
        "categories": [
            "fake_news"
        ],
        "top_news": [],
        "bias": "center",
        "source": {
            "type": "local_news",
            "city": [
                "Prairietown"
            ],
            "state": [
                "Illinois"
            ],
            "country": [
                "US"
            ],
            "domain_type": null,
            "agency": null,
            "organization_name": null
        }
    },
    "rating": null,
    "crawled": "2025-08-28T08:17:09.458+03:00",
    "updated": "2025-08-28T08:22:37.000+03:00"
}