{
    "thread": {
        "uuid": "169d245cb7cc150f9dfa92082597befe5b54371b",
        "url": "https://www.euronews.com/business/2025/08/28/nvidia-ai-chips-sales-rise-but-so-do-fears-of-an-ai-bubble-bursting",
        "site_full": "www.euronews.com",
        "site": "euronews.com",
        "site_section": "https://news.google.com/search?q=so%20when%3a1h&hl=en-us&gl=us&ceid=us%3aen",
        "site_categories": [
            "media",
            "tennis",
            "sports",
            "top_news_hu",
            "top_news_iq",
            "top_news_pt",
            "top_news_za",
            "top_news_be",
            "top_news_it",
            "top_news_tr",
            "top_news_fr",
            "top_news_ie",
            "top_news_ch",
            "top_news_eg",
            "top_news_ve",
            "top_news"
        ],
        "section_title": "Google News - Search",
        "site_title": "Latest breaking news available as free video on demand | Euronews",
        "title": "Nvidia AI chips sales rise but so do fears of an AI bubble bursting | Euronews",
        "title_full": "Nvidia AI chips sales rise but so do fears of an AI bubble bursting | Euronews",
        "published": "2025-08-28T08:13:00.000+03:00",
        "replies_count": 0,
        "participants_count": 1,
        "site_type": "news",
        "country": "US",
        "main_image": "https://static.euronews.com/articles/stories/09/43/92/61/1200x675_cmsv2_427ce054-f438-58b2-bb12-12d4d67efb71-9439261.jpg",
        "performance_score": 1,
        "domain_rank": 555,
        "domain_rank_updated": "2025-06-03T00:00:00.000+03:00",
        "licensing_agency": [],
        "social": {
            "facebook": {
                "likes": 15,
                "comments": 1,
                "shares": 6
            },
            "vk": {
                "shares": 0
            }
        }
    },
    "uuid": "169d245cb7cc150f9dfa92082597befe5b54371b",
    "url": "https://www.euronews.com/business/2025/08/28/nvidia-ai-chips-sales-rise-but-so-do-fears-of-an-ai-bubble-bursting",
    "ord_in_thread": 0,
    "author": "Doloresz Katanich",
    "published": "2025-08-28T08:13:00.000+03:00",
    "title": "Nvidia AI chips sales rise but so do fears of an AI bubble bursting | Euronews",
    "text": "ADVERTISEMENT Nvidia's shares slid after the AI semiconductor giant reported its latest quarterly profit and gave a revenue forecast that was slightly below expectations in its latest earnings report.\nDemand for the company's chips, an essential part of AI data centres, wasn't quite feverish enough to ease recent worries that the AI craze may be fading.\nThe results announced on Wednesday were hotly anticipated because Nvidia has emerged as a key barometer of a two-year-old AI boom that has been propelling the stock market to new heights.\nThe Silicon Valley chipmaker also became the first publicly traded company to achieve a $4tr (€3.44tr) market capitalisation, surpassing the value of the German stock market.\nIn recent weeks, though, research reports and comments by prominent tech executives have raised investor fears that the AI mania has been overblown.\nMore than 50% increase in sales is not enough to calm nerves In the May-July period, Nvidia's data centre division posted revenue of $41.1bn (€35.3bn), a 56% increase on the same time last year, but below analysts' forecast of $41.3bn (€35.48bn), according to FactSet Research.\nEven so, Nvidia's profit of $26.4bn (€22.68bn), or $1.08 per share, was higher than analysts predicted, as was its total revenue of $46.7bn (€40.1bn) — also a 56% increase on the previous year.\nNvidia signalled it believes more good things are still to come by forecasting revenue of $54bn (€46.4bn) for the August-October period, slightly above what analysts had been envisioning for the quarter.\n\"We are in the beginning of the buildout,\" Nvidia CEO Jensen Huang told analysts during a Wednesday conference call where the company predicted another $3tr to $4tr will be spent on AI initiatives by the end of this decade.\nBut Nvidia's stock still slipped 3% in extended trading after the fiscal second quarter report came out, indicating the performance wasn't enough to allay investors' fears. A letdown was almost inevitable, given that the stock price has increased by more than tenfold during the past two and a half years.\n\"Saying the stock was priced for perfection would be an enormous understatement,\" said Investing.com analyst Thomas Monteiro.\nDelivering the kind of growth to push Nvidia toward a $5tr (€4.3tr) market value has become more daunting as Nvidia's annual sales have ballooned from $44bn (€37.8bn) in its fiscal 2024 to a projected $204bn in the company's current fiscal year that ends in January.\nThat has translated into progressively slower rates of year-over-year revenue growth. After Nvidia's revenue at least doubled or tripled from the previous year in five consecutive quarters during 2023 and 2024, the growth has been tapering off over the past four quarters.\nWhat the tariffs cost Nvidia's results Nvidia would have fared better in the most recent quarter if President Donald Trump hadn't imposed a ban that prevented Nvidia from selling its AI chips in China during the quarter. But investors had already been forewarned that the restrictions would cost the company about $8bn (€6.87bn) in sales from May through July, so that challenge was already reflected in Nvidia's stock price.\nTrump took the China handcuffs off of Nvidia earlier this month in return for a 15% cut of the company's sales in that country — a compromise that is expected to help boost revenue during the upcoming months, although it's unclear how quickly that will happen.\nIn the best-case scenario, Nvidia may be able to bring in $2bn to $5bn (€1.7bn to €4.3bn) in AI chip sales to China, according to Colette Kress, the company's chief financial officer.\nWhile the technology industry has been the biggest beneficiary of the AI frenzy, it has also been a boon for the overall stock market. The benchmark S&P 500 has gained 69% since the end of 2022, with AI fervour fueling much of the investor optimism.\nBut even amid the general euphoria, there have recently been murmurs about whether AI mania will prove to be an echo of the late 1990s dot-com boom and meltdown that plunged Silicon Valley into a funk that lasted several years.\nGo to accessibility shortcuts Share this article Comments Read more Business Taylor Swift is miles richer than her new fiancé. Here’s by how much Business Swiftonomics: How brands may cash in on Taylor and Travis’ engagement Business Here's what to do if your money has been burned in the Spanish fires stock exchange sales Nvidia Artificial intelligence Semiconductor Profits ADVERTISEMENT ADVERTISEMENT Top stories Best countries in Europe to work and study for international students German consumer confidence slumps again as job fears rise UK energy bills set to rise by 2%, fuelling inflation fears Here's what to do if your money has been burned in the Spanish fires EU steel chief touts quotas and cooperation with US on overcapacities ADVERTISEMENT ADVERTISEMENT Most read 1 Where in Europe are people most in favour of taxing the rich? 2 Risk of French government collapse sends jitters through markets 3 Taylor Swift is miles richer than her new fiancé. Here’s by how much 4 Which European countries have the most job vacancies? 5 India braces for export shock as 50% US tariff takes effect ADVERTISEMENT ADVERTISEMENT",
    "highlightText": "",
    "highlightTitle": "",
    "highlightThreadTitle": "",
    "language": "english",
    "sentiment": "negative",
    "categories": [
        "Economy, Business and Finance",
        "Social Issue",
        "Politics"
    ],
    "topics": [
        "Economy, Business and Finance->financial and economic news",
        "Social Issue->social condition",
        "Social Issue->social networking",
        "Social Issue->social problem",
        "Politics->political development",
        "Politics->political process",
        "Politics->economic policy"
    ],
    "ai_allow": true,
    "has_canonical": false,
    "breaking": true,
    "webz_reporter": false,
    "external_links": [],
    "external_images": [],
    "internal_images": [],
    "entities": {
        "persons": [],
        "locations": [
            {
                "name": "Silicon",
                "sentiment": "none"
            }
        ],
        "organizations": [
            {
                "name": "Nvidia",
                "sentiment": "negative",
                "tickers": [
                    {
                        "ticker": "NVDA",
                        "exchange": "NASDAQ"
                    }
                ]
            }
        ]
    },
    "syndication": {
        "syndicated": false,
        "syndicate_id": null,
        "first_syndicated": false
    },
    "trust": {
        "categories": [
            "trusted_news"
        ],
        "top_news": [
            "top_news_hu",
            "top_news_iq",
            "top_news_pt",
            "top_news_za",
            "top_news_be",
            "top_news_it",
            "top_news_tr",
            "top_news_fr",
            "top_news_ie",
            "top_news_ch",
            "top_news_eg",
            "top_news_ve",
            "top_news"
        ],
        "bias": "center",
        "source": {
            "type": null,
            "city": null,
            "state": null,
            "country": null,
            "domain_type": null,
            "agency": null,
            "organization_name": null
        }
    },
    "rating": null,
    "crawled": "2025-08-28T08:18:12.787+03:00",
    "updated": "2025-08-29T09:07:22.000+03:00"
}