{
    "thread": {
        "uuid": "a641044a7d702ecfe3bf4a99961a36858a5333d0",
        "url": "https://palmbeach.floridaweekly.com/articles/why-do-car-dealers-lie-about-their-prices-2/",
        "site_full": "palmbeach.floridaweekly.com",
        "site": "floridaweekly.com",
        "site_section": "https://world.einnews.com/ajax/headlines",
        "site_categories": [
            "media",
            "tech",
            "palmtops_pdas"
        ],
        "section_title": "",
        "site_title": null,
        "title": "Why do car dealers lie about their prices?",
        "title_full": "Why do car dealers lie about their prices?",
        "published": "2025-07-03T07:01:00.000+03:00",
        "replies_count": 0,
        "participants_count": 1,
        "site_type": "news",
        "country": "US",
        "main_image": "https://palmbeach.floridaweekly.com/wp-content/uploads/images/2025-07-03/13p1.jpg",
        "performance_score": 0,
        "domain_rank": 45906,
        "domain_rank_updated": "2025-06-03T00:00:00.000+03:00",
        "licensing_agency": [],
        "social": {
            "facebook": {
                "likes": 0,
                "comments": 0,
                "shares": 0
            },
            "vk": {
                "shares": 0
            }
        }
    },
    "uuid": "a641044a7d702ecfe3bf4a99961a36858a5333d0",
    "url": "https://palmbeach.floridaweekly.com/articles/why-do-car-dealers-lie-about-their-prices-2/",
    "ord_in_thread": 0,
    "author": "Staff",
    "published": "2025-07-03T07:01:00.000+03:00",
    "title": "Why do car dealers lie about their prices?",
    "text": "This article first appeared in Florida Weekly on September 8, 2022.\nYou probably already know that you can’t buy a new or used car for the advertised price — the out-the-door price always ends up thousands of dollars higher. Car dealers are the only retailers who routinely trick their customers like this, at least to the degree that car prices are understated.\nHave you ever wondered why?\nImagine that you owned a dealership in Southeast Florida. Each of these car brands has as many as 20 dealers and no fewer than 12 selling the IDENTICAL product. Toyota has 19 car dealerships between Fort Pierce and Key West. Every Toyota dealer pays Toyota the exact same price for their cars, but Toyota dealers don’t sell those cars to their customers for the exact same price. They mark up each car as much as they can — the highest price that the customer will pay. If a Honda dealer sells 25 identical Honda Accords in a given month, the likelihood is that each sold for a different price; the typical variation in profits on the identical vehicle can range from a few hundred to a few thousand dollars.\nLet’s say you owned a Honda dealership. The Honda manufacturer gives you a quota — a minimum number of Hondas you must sell monthly and annually to fulfill your contract allowing you to sell Hondas and often to receive volume cash bonuses. The only way you can do this is to price your Hondas “competitively.” But you also must maintain a high enough markup on each Honda, so that your dealership remains profitable. This is the “Catch-22” and dilemma of all car dealers. A South Florida Honda dealer has 18 other Honda dealers advertising the same cars he sells. If you advertise a Honda Accord for a higher price than most other Honda dealers, you won’t sell enough to meet your quota; if you advertise that Honda Accord for a lower price, you’ll sell lots of Accords, but you’ll lose money on every car.\nTherefore, all Honda dealers and all car dealers of all makes see only one viable course of action. Advertise their cars at a very low price, lower than their competition (and lower than they can or will sell the car for), so that the customers will come in to buy. Once the customer is in the dealership, the “games begin” to raise the advertised price to a price as profitable to the dealer as he can negotiate. The tools the dealers use to accomplish this are many hidden profits (aka dealer fees) disguised as government fees, dealer pre-installed accessories and switching the customer to a different vehicle or a lease rather than a purchase.\nCar dealers see themselves as having no choice but to sell cars this way if they’re to remain in business. They blame their actions on the auto franchise system and there is some truth to this. Apple sells you iPhones directly, but Toyota cannot sell you a Toyota directly. Car manufacturers MUST sell through their dealers. This system is mandated and entrenched by state law in all 50 states. The manufacturers created the dealer franchise system in the early 20th century because they couldn’t sell their cars fast enough directly. Once a critical mass of dealers was created by the auto manufacturers, the dealers organized and lobbied their state legislatures to create laws protecting their franchises from the manufacturers. The main reason they did this was because the manufacturers were granting franchise agreements to too many dealers or “overdealering.” Too many car dealers selling the same car in a market creates too much competition because it drives the prices down. Unfortunately for the dealers, there were (and are) already too many. Today, car dealers are overprotected, enjoying exclusive markets with state laws making it almost impossible to control, much less, eliminate even the most “problem” car dealers.\nThe auto franchise system is over 100 years old and obsolete, but it’s entrenched and will remain for the foreseeable future. New vehicles will, one day, be sold online directly by the manufacturers. Vehicles will be built to order and delivered within a week. The price you see will be the price you pay, and you will be able to return the car for a full cash refund if you change your mind. Service, maintenance and repairs on modern vehicles is minimal. Separate service centers still will exist to handle this need. Service centers also will have new vehicles of each model for you to inspect and test drive. Tesla is doing today exactly what I described, except for the one-week delivery time and unconditional money back guarantee.\nThere’s a reason why car dealers get away with their deception-because they can. Auto manufacturers realize they’re stuck with the dealer franchise system and “if you can’t beat ’em, join ’em.” Auto manufacturers have huge political lobbying clout and, when you add the car dealers and their associations’ money, state and federal politicians have no choice but to play ball. There are about 17,000 franchised car dealers. They have enormous lobbying power nationally through NADA, the National Auto Dealers Association, and they also have enormous lobbying power in all 50 state legislatures. The political donations that Big Auto and Car Dealers give politicians make the NRA look small by comparison. ¦",
    "highlightText": "",
    "highlightTitle": "",
    "highlightThreadTitle": "",
    "language": "english",
    "sentiment": "negative",
    "categories": [
        "Economy, Business and Finance",
        "Social Issue"
    ],
    "topics": [
        "Economy, Business and Finance->automotive",
        "Economy, Business and Finance->business strategy and marketing",
        "Social Issue->values",
        "Social Issue->social problem",
        "Social Issue->discrimination"
    ],
    "ai_allow": true,
    "has_canonical": false,
    "breaking": null,
    "webz_reporter": false,
    "external_links": [],
    "entities": {
        "persons": [],
        "locations": [],
        "organizations": [
            {
                "name": "Toyota",
                "sentiment": "none",
                "tickers": []
            },
            {
                "name": "Honda",
                "sentiment": "none",
                "tickers": [
                    {
                        "ticker": "HMC",
                        "exchange": "NYSE"
                    }
                ]
            }
        ]
    },
    "syndication": {
        "syndicated": false,
        "syndicate_id": null,
        "first_syndicated": false
    },
    "trust": {
        "categories": [],
        "top_news": [],
        "bias": null
    },
    "rating": null,
    "crawled": "2025-07-03T08:11:35.398+03:00",
    "updated": "2025-07-03T05:17:11.000+00:00"
}