{
    "thread": {
        "uuid": "86279cff9ff9a6602ab86500050747bf7df33958",
        "url": "https://us.headtopics.com/news/houston-homeowner-seeks-relief-after-contractor-allegedly-70824031",
        "site_full": "us.headtopics.com",
        "site": "headtopics.com",
        "site_section": "https://us.headtopics.com/news",
        "site_categories": [],
        "section_title": "News News | Latest News On News",
        "site_title": null,
        "title": "Houston homeowner seeks relief after contractor allegedly damages A/C unit",
        "title_full": "Houston homeowner seeks relief after contractor allegedly damages A/C unit",
        "published": "2025-07-03T07:22:00.000+03:00",
        "replies_count": 0,
        "participants_count": 1,
        "site_type": "news",
        "country": "US",
        "main_image": "https://i.headtopics.com/images/2025/7/3/fox26houston/houston-homeowner-seeks-relief-after-contractor-al-houston-homeowner-seeks-relief-after-contractor-al-3D43A71D5774C86CFEBE90A5B03BA7B1.webp",
        "performance_score": 0,
        "domain_rank": 11335,
        "domain_rank_updated": "2025-06-03T00:00:00.000+03:00",
        "licensing_agency": [],
        "social": {
            "facebook": {
                "likes": 0,
                "comments": 0,
                "shares": 0
            },
            "vk": {
                "shares": 0
            }
        }
    },
    "uuid": "86279cff9ff9a6602ab86500050747bf7df33958",
    "url": "https://us.headtopics.com/news/houston-homeowner-seeks-relief-after-contractor-allegedly-70824031",
    "ord_in_thread": 0,
    "author": "FOX26Houston",
    "published": "2025-07-03T07:22:00.000+03:00",
    "title": "Houston homeowner seeks relief after contractor allegedly damages A/C unit",
    "text": "A Houston homeowner is facing repair costs of between $5,000-$8,000 after a contractor hired by CenterPoint Energy allegedly damaged her air conditioning unit while trimming trees.\nA Houston homeowner is facing sweltering temperatures inside her home after a contractor hired by CenterPoint Energy allegedly damaged her air conditioning unit while trimming trees. The repair costs are estimated to be between $5,000-$8,000.Jessica Bolaños, the homeowner, has been dealing with rising temperatures since the incident happened on May 6. \"It's really hot right now.\n\"When Bolaños contacted CenterPoint Energy and their contractor about the damage, she was told her complaint would be forwarded to the contractor for follow-up. The next day, a representative from the contractor visited her home but denied responsibility. \"He was denying everything and was just there to go through the motions,\" Bolaños said. \"He was saying, 'I don't understand how this could've happened.\nUnited States Latest News, United States Headlines\nSimilar News:You can also read news stories similar to this one that we have collected from other news sources.\nCenterPoint Energy reaches $3.2 billion resiliency plan settlement to improve Houston’s electric systemThis investment promises to install automation devices, replace 130,000 storm-resistant poles, and significantly reduce outages by 1 billion minutes.\nRead more »\nTrack power outages LIVE as CenterPoint, Entergy crews work to restore service in HoustonThe storms have cleared out of Southeast Texas, but CenterPoint and Entergy crews are still working to restore power to thousands of customers across the area. You can track real-time outage numbers and restoration updates below.\nRead more »\nGolfers brave sweltering Houston heat to raise $50K for the Houston Humane SocietyGolfers braved the scorching Houston heat on Tuesday to support the Houston Humane Society during its annual golf tournament.\nRead more »\n‘Does not describe Houston’: Houston mayor dismisses congressman’s warning about potentially violent riotsLeaders in Houston and Harris County have responded to a letter written by Congressman Wesley Hunt expressing concerns about upcoming protests in the city.\nRead more »\nEscaped Houston METRO shooting suspect found in north Houston, back in custody, police sayThe suspect was arrested after allegedly shooting a woman at a bus shelter early Thursday morning.\nRead more »\nHouston Community College votes to change its name to Houston City CollegeA name change is coming to Houston Community College. Here's why some say the switch was needed.\nRead more »",
    "highlightText": "",
    "highlightTitle": "",
    "highlightThreadTitle": "",
    "language": "english",
    "sentiment": "negative",
    "categories": [
        "Economy, Business and Finance",
        "Crime, Law and Justice",
        "Human Interest"
    ],
    "topics": [
        "Economy, Business and Finance->business service",
        "Economy, Business and Finance->financial service",
        "Economy, Business and Finance->consumer goods",
        "Crime, Law and Justice->corporate crime",
        "Crime, Law and Justice->law",
        "Crime, Law and Justice->fraud",
        "Human Interest->human mishap"
    ],
    "ai_allow": true,
    "has_canonical": false,
    "breaking": false,
    "webz_reporter": false,
    "external_links": [],
    "entities": {
        "persons": [],
        "locations": [],
        "organizations": []
    },
    "syndication": {
        "syndicated": false,
        "syndicate_id": null,
        "first_syndicated": false
    },
    "trust": {
        "categories": [
            "fake_news"
        ],
        "top_news": [],
        "bias": "center"
    },
    "rating": null,
    "crawled": "2025-07-03T08:02:32.973+03:00",
    "updated": "2025-07-03T05:09:46.000+00:00"
}