{
    "thread": {
        "uuid": "739b1993d7e8975861f10210eb6ad6ca6d017f6f",
        "url": "https://article.wn.com/view/2025/07/03/Trump_Tax_Bill_Shifts_Gambling_Loss_Deductions_for_Some_Bett/",
        "site_full": "article.wn.com",
        "site": "wn.com",
        "site_section": "https://wn.com/music",
        "site_categories": [
            "media"
        ],
        "section_title": "World News - Music",
        "site_title": "World News",
        "title": "Trump Tax Bill Shifts Gambling Loss Deductions for Some Bettors - Worldnews.com",
        "title_full": "Trump Tax Bill Shifts Gambling Loss Deductions for Some Bettors - Worldnews.com",
        "published": "2025-07-03T03:00:00.000+03:00",
        "replies_count": 0,
        "participants_count": 0,
        "site_type": "news",
        "country": "US",
        "main_image": "",
        "performance_score": 0,
        "domain_rank": 3835,
        "domain_rank_updated": "2025-06-03T00:00:00.000+03:00",
        "licensing_agency": [],
        "social": {
            "facebook": {
                "likes": 0,
                "comments": 0,
                "shares": 0
            },
            "vk": {
                "shares": 0
            }
        }
    },
    "uuid": "739b1993d7e8975861f10210eb6ad6ca6d017f6f",
    "url": "https://article.wn.com/view/2025/07/03/Trump_Tax_Bill_Shifts_Gambling_Loss_Deductions_for_Some_Bett/",
    "ord_in_thread": 0,
    "author": null,
    "published": "2025-07-03T03:00:00.000+03:00",
    "title": "Trump Tax Bill Shifts Gambling Loss Deductions for Some Bettors - Worldnews.com",
    "text": "Donald Trump's tax bill would dramatically change the",
    "highlightText": "",
    "highlightTitle": "",
    "highlightThreadTitle": "",
    "language": "english",
    "sentiment": "negative",
    "categories": [
        "Politics",
        "Economy, Business and Finance",
        "Social Issue"
    ],
    "topics": [
        "Politics->economic policy",
        "Politics->government budget",
        "Politics->political process",
        "Economy, Business and Finance->financial service",
        "Economy, Business and Finance->business governance",
        "Social Issue->values",
        "Social Issue->social condition"
    ],
    "ai_allow": true,
    "has_canonical": false,
    "breaking": null,
    "webz_reporter": false,
    "external_links": [],
    "entities": {
        "persons": [],
        "locations": [],
        "organizations": []
    },
    "syndication": {
        "syndicated": false,
        "syndicate_id": null,
        "first_syndicated": false
    },
    "trust": {
        "categories": [
            "trusted_news"
        ],
        "top_news": [],
        "bias": "center"
    },
    "rating": null,
    "crawled": "2025-07-03T08:22:31.098+03:00",
    "updated": "2025-07-03T05:26:22.000+00:00"
}