{
    "thread": {
        "uuid": "a7a2bf886db2edd498cad0ec8128e62ec33d2120",
        "url": "https://www.latestnigeriannews.com/p/4362709/nigeria-is-completely-destroyed-rotimi-amaechi-says-as-he-announces-his-resignat.html",
        "site_full": "www.latestnigeriannews.com",
        "site": "latestnigeriannews.com",
        "site_section": "https://www.latestnigeriannews.com/feed/rss.xml",
        "site_categories": [
            "media"
        ],
        "section_title": "Latest Nigerian News Headlines",
        "site_title": "Latesnigeriannews Mobile Index",
        "title": "Nigeria is completely destroyed - Rotimi Amaechi says as he announces his resignation from APC",
        "title_full": "Nigeria is completely destroyed - Rotimi Amaechi says as he announces his resignation from APC",
        "published": "2025-07-03T07:04:00.000+03:00",
        "replies_count": 0,
        "participants_count": 1,
        "site_type": "news",
        "country": "US",
        "main_image": "",
        "performance_score": 0,
        "domain_rank": 82615,
        "domain_rank_updated": "2025-06-03T00:00:00.000+03:00",
        "licensing_agency": [],
        "social": {
            "facebook": {
                "likes": 0,
                "comments": 0,
                "shares": 0
            },
            "vk": {
                "shares": 0
            }
        }
    },
    "uuid": "a7a2bf886db2edd498cad0ec8128e62ec33d2120",
    "url": "https://www.latestnigeriannews.com/p/4362709/nigeria-is-completely-destroyed-rotimi-amaechi-says-as-he-announces-his-resignat.html",
    "ord_in_thread": 0,
    "author": "Latestnigeriannews",
    "published": "2025-07-03T07:04:00.000+03:00",
    "title": "Nigeria is completely destroyed - Rotimi Amaechi says as he announces his resignation from APC",
    "text": "-- External Links --\nPunch\nVanguard\nThisday\nGuardian\nDaily Sun\nThe Nation\nDaily Independent\nLeadership\nTribune\nNational Mirror\nDaily Trust\nDaily Times\nBusinessDay\nSahara Reporters\nPremium Times\nPM News\nTori\nLinda Ikeji\nBella Naija\nNairaland\nCNN\nBBC\nAljazeera\nGoal\nAfrican Football\nBleacher Report\n90min\nComplete Sports\n|\n|\n|\n|\n|\n|\n|\n|\n|\n|\n|\n|\n|\n|\n|\n|\n|\n|\n|\n|\nViewing Mode:\nMedium\nVanguard\nPunch\nGuardian\nThisday\nDaily Sun\nLeadership\nTribune\nDaily Trust\nDaily Times\nDaily Independent\nThe Nation\nNational Mirror\nBusinessDay\nSahara Reporters\nSports\nEntertainment\nWorld\nTechnology\nBusiness\nPolitics\nFeatures\nColumns\nNigerian Jobs\nDay\n01\n02\n03\n04\n05\n06\n07\n08\n09\n10\n11\n12\n13\n14\n15\n16\n17\n18\n19\n20\n21\n22\n23\n24\n25\n26\n27\n28\n29\n30\n31\nMonth\nJan\nFeb\nMar\nApr\nMay\nJun\nJul\nAug\nSep\nOct\nNov\nDec\nYear\n2024\n2023\n2022\n2021\n2020\n2019\n2018\n2017\n2016\n2015\n2014\n2013\n2012\n2011\nArchive:\nFeatures Headlines Today\n[Thu-03-Jul-2025]\n-\n-\n-\n-\n-\n-\n-\n-\n-\nClick to view all Features headlines today\nSports Headlines Today\n[Thu-03-Jul-2025]\n-\n-\n-\n-\n-\n-\n-\n-\n-\nClick to view all Sports headlines today\nNigeria is completely destroyed - Rotimi Amaechi says as he announces his resignation from APC\nPublished by\nLinda Ikeji\non Thu, 03 Jul 2025\n<img src=\"https://www.lindaikejisblog.com/photos/shares/knm_1751480693.jpg\">Former Minister of Transportation, Rotimi Amaechi, has resigned from the ruling party, APC.Speaking to newsmen at the coalition meeting in Abuja, Amaechi said he resigned from the APC on Tuesday night, July 1. He said that Nigeria has been completely destroyed and requires a complete change.Amaechi, who was a past governor of Rivers State, also accused the ruling All Progressives Congress, APC, and the Independent National Electoral Commission, INEC of colluding to hijack the forthcoming elections in the country.He expressed surprised that he was not expelled from the party after he warned them not to send invitation to him for meetings.Asked why he decided support not to support the ruling party, he saidNo, its not about changing the government, if it is about changing the government, there is no need of changing the government, its about changing Nigeria.Nigeria is completely destroyed. People cant eat. People cant buy food. Theres no money to buy food. Everything is gone. Inflation is at its peak. And the federal government is busy going around trying to hijack the election. INEC is helping them to hijack the election.No, no, no. What must happen here is that we must start not just a party, but a movement, it must be a movement that brings in Nigerians to on their own take over government, not us.He further stated;I left APC last night. I never attended one meeting, last time they invited me I warned them. I said, if you invite me to any meeting anymore In fact, I was surprised that I wasnt even expelled because I warned them in writing, dont even invite me to any meeting. You cant be in a club where majority of people are stealing and you dont say anything.Assessing the Tinubu-led government, Amaechi saidI have never believed that Tinubu is a material to govern the country, I have never, because now, people want (Muhammadu) Buhari to come back. What happens in Nigeria is that when a new government takes over, it becomes worse than the previous government that makes people say let the previous government come back.People are asking for Buhari because things were better during Buharis administration. Dollar was I think 460 or five hundred and something now a dollar is one thousand five hundred and eighty, that is more than one hundred percent.Reminded also that some people may argue that the exchange rate may be a deliberate government policy, the former Minister saidWhether its a deliberate government policy or not, any government that does not take into consideration the people you are governing is not a policy. President Tinubu said he is not here to make Nigerians happy.The post <a href=\"http://www.lindaikejisblog.com/2025/7/nigeria-is-completely-destroyed-rotimi-amaechi-says-as-he-announces-his-resignation-from-apc-2.html\">Nigeria is completely destroyed - Rotimi Amaechi says as he announces his resignation from APC</a> appeared first on <a href=\"https://www.lindaikejisblog.com\">Linda Ikeji Blog</a>.\nClick here to read full news..\nAll Channels\nNigerian Dailies:\nPunch\n|\nVanguard\n|\nThe Nation\n|\nThisday\n|\nDaily Sun\n|\nGuardian\n|\nDaily Times\n|\nDaily Trust\n|\nDaily Independent\n|\nThe Herald\n|\nTribune\n|\nLeadership\n|\nNational Mirror\n|\nBusinessDay\n|\nNew Telegraph\n|\nPeoples Daily\n|\nBlueprint\n|\nNigerian Pilot\n|\nSahara Reporters\n|\nPremium Times\n|\nThe Cable\n|\nPM News\n|\nAPO Africa Newsroom\nCategories Today:\nWorld\n|\nSports\n|\nTechnology\n|\nEntertainment\n|\nBusiness\n|\nPolitics\n|\nColumns\n|\nAll Headlines Today\nEntertainment (Local):\nLinda Ikeji\n|\nBella Naija\n|\nTori\n|\nDaily News 24\n|\nPulse\n|\nThe NET\n|\nDailyPost\n|\nInformation Nigeria\n|\nGistlover\n|\nLailas Blog\n|\nMiss Petite\n|\nOlufamous\n|\nStella Dimoko Korkus Blog\n|\nYnaija\n|\nAll Entertainment News Today\nEntertainment (World):\nTMZ\n|\nDaily Mail\n|\nHuffington Post\nSports:\nGoal\n|\nAfrican Football\n|\nBleacher Report\n|\nFTBpro\n|\nKickoff\n|\nAll Sports Headlines Today\nBusiness & Finance:\nNairametrics\n|\nNigerian Tenders\n|\nBusiness Insider\n|\nForbes\n|\nEntrepreneur\n|\nThe Economist\n|\nBusinessTech\n|\nFinancial Watch\n|\nBusinessDay\n|\nAll Business News Headlines Today\nTechnology (Local):\nTechpoint\n|\nTechMoran\n|\nTechCity\n|\nInnovation Village\n|\nIT News Africa\n|\nTechnology Times\n|\nTechnext\n|\nTechcabal\n|\nAll Technology News Headlines Today\nTechnology (World):\nTechcrunch\n|\nTechmeme\n|\nSlashdot\n|\nWired\n|\nHackers News\n|\nEngadget\n|\nPocket Lint\n|\nThe Verge\nInternational Networks:\n|\nCNN\n|\nBBC\n|\nAl Jazeera\n|\nYahoo\nForum:\n|\nNairaland\n|\nNaij\nOther Links:\nHome\n|\nNigerian Jobs\nHome\n|\nAbout Us\n|\nContact Us\n|\nDisclaimer\n|\nPrivacy Policy\n|\nCopyright\n|\nSubscribe To News Alert\n|\nFacebook\n|\nTwitter\nAll trademarks and copyrights on this page are owned by their respective owners\nCopyright © 2025. latestnigeriannews.com - All rights reserved",
    "highlightText": "",
    "highlightTitle": "",
    "highlightThreadTitle": "",
    "language": "english",
    "sentiment": "negative",
    "categories": [
        "Politics",
        "Social Issue",
        "Economy, Business and Finance"
    ],
    "topics": [
        "Politics->political parties and movements",
        "Politics->government",
        "Politics->political process",
        "Social Issue->social condition",
        "Social Issue->demographics",
        "Economy, Business and Finance->business governance",
        "Economy, Business and Finance->corporate governance and csr",
        "Economy, Business and Finance->financial and economic news"
    ],
    "ai_allow": true,
    "has_canonical": false,
    "breaking": null,
    "webz_reporter": false,
    "external_links": [],
    "entities": {
        "persons": [],
        "locations": [],
        "organizations": [
            {
                "name": "BBC",
                "sentiment": "none",
                "tickers": [
                    {
                        "ticker": "BBC",
                        "exchange": "NYSEARCA"
                    }
                ]
            },
            {
                "name": "APO",
                "sentiment": "none",
                "tickers": [
                    {
                        "ticker": "APO",
                        "exchange": "NYSE"
                    }
                ]
            }
        ]
    },
    "syndication": {
        "syndicated": false,
        "syndicate_id": null,
        "first_syndicated": false
    },
    "trust": {
        "categories": [],
        "top_news": [],
        "bias": null
    },
    "rating": null,
    "crawled": "2025-07-03T08:28:20.391+03:00",
    "updated": "2025-07-03T05:31:47.000+00:00"
}