{
    "thread": {
        "uuid": "5bee34ee3be5a26f64c32ee611250e02074d9551",
        "url": "https://www.archyworldys.com/mcg-upgrade-plans-slammed-by-stand-architect-shane-warne-stand",
        "site_full": "www.archyworldys.com",
        "site": "archyworldys.com",
        "site_section": "https://www.archyworldys.com",
        "site_categories": [
            "under_construction",
            "non_standard_content"
        ],
        "section_title": "Home - Archyworldys",
        "site_title": "Home - Archyworldys",
        "title": "MCG Upgrade Plans Slammed by Stand Architect | Shane Warne Stand",
        "title_full": "MCG Upgrade Plans Slammed by Stand Architect | Shane Warne Stand",
        "published": "2025-07-03T05:20:00.000+03:00",
        "replies_count": 0,
        "participants_count": 1,
        "site_type": "news",
        "country": "JO",
        "main_image": "https://i0.wp.com/www.archyworldys.com/wp-content/uploads/2025/07/Architect-behind-MCGs-Shane-Warne-Stand-says-mooted-upgrades-%E2%80%98dont.jpg?fit=1200%2C630&ssl=1",
        "performance_score": 0,
        "domain_rank": 116301,
        "domain_rank_updated": "2025-06-03T00:00:00.000+03:00",
        "licensing_agency": [],
        "social": {
            "facebook": {
                "likes": 0,
                "comments": 0,
                "shares": 0
            },
            "vk": {
                "shares": 0
            }
        }
    },
    "uuid": "5bee34ee3be5a26f64c32ee611250e02074d9551",
    "url": "https://www.archyworldys.com/mcg-upgrade-plans-slammed-by-stand-architect-shane-warne-stand",
    "ord_in_thread": 0,
    "author": "Michael Harrington - Sports Editor",
    "published": "2025-07-03T05:20:00.000+03:00",
    "title": "MCG Upgrade Plans Slammed by Stand Architect | Shane Warne Stand",
    "text": "Architect Questions Cost-Effectiveness of MCG’s Shane Warne Stand Upgrade Concerns Over Proposed Demolition and Reconstruction Plans to overhaul the Shane Warne Stand at the Melbourne Cricket Ground are drawing criticism, with a leading architect questioning the financial justification for a complete rebuild. The proposed project, which would see the stand demolished and replaced, is facing scrutiny due to its projected cost per additional seat.\nA modest increase of approximately 5,000 seats is considered insufficient to warrant the extensive expenditure and disruption.\nExperts suggest delaying any major reconstruction of the grandstand for at least another ten years.\nEconomic Viability Under the Microscope The architect, instrumental in the original design of the stand – formerly known as the Great Southern Stand – argues that the proposed upgrades simply don’t represent good value. The estimated cost of $200,000 per additional seat has raised eyebrows, particularly when compared to other recent stadium projects. For context, the average cost of a new seat in the recent Perth Stadium redevelopment was closer to $80,000. The current capacity of the MCG is approximately 100,024, with the Shane warne Stand accounting for around 23,000 seats.\n“Marginal 5,000-seat increase ‘hard to justify’ given cost and disruption”\nThis sentiment echoes concerns about prioritizing prestige over practical improvements, especially in a climate of increasing infrastructure costs.The debate centers on whether the benefits of a new stand – perhaps including enhanced corporate facilities and improved accessibility – outweigh the notable financial burden and the temporary reduction in stadium capacity during construction.\nA Relatively Young and award-Winning Structure Completed in 1992, the stand occupies a uniquely constrained space between the MCG’s playing surface and Brunton Avenue, bordering the railway lines. Its design was lauded, receiving a prestigious architecture award as recently as 2020.To put its age into viewpoint, the stand is actually younger than Collingwood’s veteran midfielder, Steele Sidebottom, who was born in 1990.The renaming of the stand in 2022 to honor the late Shane Warne was a widely celebrated gesture, further cementing its place in Australian sporting history.\n“Grandstand rebuild should not be considered for another decade”\nThe architect’s assessment suggests that a more prudent approach would be to focus on incremental improvements and maintenance, rather than a wholesale demolition and rebuild. This would allow the Melbourne Cricket Club to address immediate needs without incurring the massive costs associated with a new structure. The current focus on sustainability and responsible spending in large-scale projects further supports this argument.\nContinue reading…",
    "highlightText": "",
    "highlightTitle": "",
    "highlightThreadTitle": "",
    "language": "english",
    "sentiment": "negative",
    "categories": [
        "Economy, Business and Finance",
        "Social Issue"
    ],
    "topics": [
        "Economy, Business and Finance->business strategy and marketing",
        "Economy, Business and Finance->business governance",
        "Economy, Business and Finance->business reporting and performance",
        "Social Issue->public housing",
        "Social Issue->social problem",
        "Social Issue->social services"
    ],
    "ai_allow": true,
    "has_canonical": false,
    "breaking": null,
    "webz_reporter": false,
    "external_links": [
        "https://www.theguardian.com/sport/2025/jul/03/architect-melbourne-cricket-ground-mcg-shane-warne-stand-upgrades-rebuild",
        "https://theguardian.com/sport/2025/jul/03/architect-melbourne-cricket-ground-mcg-shane-warne-stand-upgrades-rebuild"
    ],
    "entities": {
        "persons": [],
        "locations": [],
        "organizations": []
    },
    "syndication": {
        "syndicated": false,
        "syndicate_id": null,
        "first_syndicated": false
    },
    "trust": {
        "categories": [],
        "top_news": [],
        "bias": null
    },
    "rating": null,
    "crawled": "2025-07-03T07:50:11.040+03:00",
    "updated": "2025-07-03T04:51:54.000+00:00"
}