{
    "thread": {
        "uuid": "d9001e8da5917b5e3174d1f31cb78a217c05b488",
        "url": "https://www.gjsentinel.com/news/western_colorado/long-term-financing-among-options-for-meeker-utility-after-fema-denial/article_e75ce5e6-d47d-411e-9df2-83222053ea26.html",
        "site_full": "www.gjsentinel.com",
        "site": "gjsentinel.com",
        "site_section": "https://news.google.com/search?q=after%20when%3A1h&hl=en-US&gl=US&ceid=US%3Aen",
        "site_categories": [
            "media"
        ],
        "section_title": "Google News - Search",
        "site_title": "gjsentinel.com | Grand Junction news, sports, entertainment, shopping and more.",
        "title": "Long-term financing among options for Meeker utility after FEMA denial | Western Colorado | gjsentinel.com",
        "title_full": "Long-term financing among options for Meeker utility after FEMA denial | Western Colorado | gjsentinel.com",
        "published": "2025-12-25T09:15:00.000+02:00",
        "replies_count": 0,
        "participants_count": 1,
        "site_type": "news",
        "country": "US",
        "main_image": "https://bloximages.newyork1.vip.townnews.com/gjsentinel.com/content/tncms/assets/v3/editorial/3/65/3655a472-2b7c-41cc-8d8f-8b57903eadd0/694b21de9c883.image.jpg?crop=1662%2C873%2C0%2C187&amp;resize=1200%2C630&amp;order=crop%2Cresize",
        "performance_score": 0,
        "domain_rank": 102026,
        "domain_rank_updated": "2025-12-21T23:00:00.000+02:00",
        "licensing_agency": [],
        "social": {
            "facebook": {
                "likes": 0,
                "comments": 0,
                "shares": 0
            },
            "vk": {
                "shares": 0
            }
        }
    },
    "uuid": "d9001e8da5917b5e3174d1f31cb78a217c05b488",
    "url": "https://www.gjsentinel.com/news/western_colorado/long-term-financing-among-options-for-meeker-utility-after-fema-denial/article_e75ce5e6-d47d-411e-9df2-83222053ea26.html",
    "ord_in_thread": 0,
    "author": "DENNIS WEBB Dennis.Webb@gjsentinel.com",
    "published": "2025-12-25T09:15:00.000+02:00",
    "title": "Long-term financing among options for Meeker utility after FEMA denial | Western Colorado | gjsentinel.com",
    "text": "Long-term financing is among the options the White River Electric Association may end up having to lean on heavily after President Donald Trump turned down a Colorado disaster declaration request that the utility hoped would help it cover tens of millions of dollars of damages from wildfire this summer.\nThe office of Gov. Jared Polis announced Sunday that Trump had denied major disaster declaration requests for this year’s Elk and Lee fires in Rio Blanco County and for flooding in southwestern Colorado. Polis and U.S. Sen. Michael Bennet, D-Colo., in statements called the decisions political. A Colorado Sun story Monday reported that state Attorney General Phil Weiser considers the denials to be part of a retribution campaign for Colorado’s imprisoning of Tina Peters. The former Mesa County clerk is serving a state prison sentence for election-related fraud and misconduct in spite of Trump’s efforts to free her by issuing her a pardon. The Trump administration also in recent days has said it will break up the National Center for Atmospheric Research in Boulder and canceled $109 million in transportation grants to the state, the Sun story noted.\n“Coloradans impacted by the Elk and Lee fires and the flooding in Southwestern Colorado deserve better than the political games President Trump is playing,” Polis said in a news release Sunday.\nPolis, Bennet and Sen. John Hickenlooper, D-Colo., are calling on Trump to reconsider the disaster declaration requests through a planned appeal.\nU.S. Rep. Jeff Hurd, R-Grand Junction, supports that appeal.\nHe said in a written statement, “Western Colorado has long supported the President, and that support comes from communities now facing the real human and economic consequences of recent disasters. Local leaders and residents are seeking a consistent application of FEMA criteria so recovery efforts can move forward. The Colorado state and federal delegation was united in seeking assistance for help after these tragedies, and we ask the administration to work with us on an appeal.”\nWhite House spokesperson Abigail Jackson has told media there is no politicization to Trump’s decisions on disaster aid. Jackson said in a Colorado Public Radio story that Trump responds to each request for federal disaster assistance “with great care and consideration, ensuring American tax dollars are used appropriately and efficiently by the states to supplement — not substitute, their obligation to respond to and recover from disasters.”\nRio Blanco County Commissioner Callie Scritchfield said in a news release, “While we are disappointed, we will review the determination in detail and evaluate any available next steps, including supporting a potential appeal. We are particularly concerned about the fire’s impacts on our electric utilities.”\nThe Elk Fire burned more than 14,500 acres, and the Lee Fire, 137,758 acres, making that latter fire the fifth-largest in Colorado history. The disaster declaration request documented about $27 million in damages, including about $23.6 million in damages suffered by White River Electric Association infrastructure.\nDamages from the southwest Colorado flooding are estimated to total more than $13 million so far.\nWhite River Electric Association has been hoping to receive FEMA funding to cover 75% of its costs.\n“We’re terribly disappointed in the outcome of the FEMA determination, but that doesn’t change our path for recovery,” Alan Michalewicz, the local electric cooperative’s general manager, said in a news release. “We will explore the FEMA appeals process, but in the end, our members rely on us to provide reliable and affordable power and that’s where we will continue to place our focus and energy.”\nWhite River Electric received an emergency line of credit from its banker, the National Rural Utilities Cooperative Finance Corp., to help fund repairs to critical infrastructure pending a decision regarding the FEMA funds. That line of credited stipulated that interest-only payments be paid during construction, giving the utility time to rebuild critical infrastructure with minimal financial impact to its consumers during that time, according to the utility’s news release.\n“Knowing that FEMA assistance was never a guarantee, WREA began exploring options to lessen the direct financial impact of the fires to our members. Long-term financing is one of them,” Michalewicz said in the release. “A newly rebuilt transmission system will — barring another natural disaster — last for 30 plus years, so the cost to rebuild can be spread out and budgeted accordingly.”\nKari Matrisciano, a spokesperson for White River Electric, said Tuesday, “We’ve been exploring that and it sounds like a very viable option. Does a cooperative want to shoulder $23 million worth of loans? No. But it is manageable and you can do some long-term (financing) to where it’s not so impactful to the members of today.”\nWhile the FEMA announcement comes as a setback, White River Electric also has received some good financial news since the fires. It believed that steel tower structures on its 345-kilowatt transmission line weren’t compromised by the fire, other than one arm of one of the structures. But it wanted to be sure, and asked its wholesale power provider, Tri-State Generation and Transmission Association, to evaluate them. That assessment confirmed that they won’t need to be replaced.\nThe transmission line has needed other work, at a total of estimated cost of roughly $10 million, but replacing the steel structures would have cost a lot more.\n“I suspect the structures themselves were probably the most expensive piece of the whole puzzle, really, so it’s great news that (they) didn’t have to be replaced,” Matrisciano said.\nThe Lee Fire left the utility’s 345-kilovolt and 138-kilovolt transmission lines useless, destroying nearly 14 miles of critical electrical infrastructure and leaving industrial consumers in the Piceance Basin with limited ability to operate, according to the utility’s news release. Natural gas producers in the basin make up 90% of the utility’s total electric load. Those producers, and Natural Soda, a producer of baking soda in the Piceance Basin, have voluntarily scaled back production operations in order not to compromise a third White River transmission line providing limited capacity from the west.\nThis month, with help from Tri-State, transmission contractors began rebuilding White River’s primary transmission line, the 345-kilovolt transmission system. That line is scheduled to be back in service this spring.\nTrump and his administration have been implementing changes designed to boost domestic fossil-fuel production in the United States. The Piceance Basin in Rio Blanco and other western Colorado counties is estimated to produce about 2 billion cubic feet of natural gas a day, or about 2% to 5% of national daily consumption.\nSaid Scritchfield, “While FEMA assistance was never guaranteed, the scale of this disaster underscores the challenges rural communities face when critical infrastructure is lost. Rio Blanco County will continue to advocate for our residents, our utilities, and our role in supporting national energy security.”",
    "highlightText": "",
    "highlightTitle": "",
    "highlightThreadTitle": "",
    "language": "english",
    "sentiment": "negative",
    "categories": [
        "Economy, Business and Finance",
        "Environment"
    ],
    "topics": [
        "Economy, Business and Finance->business financing",
        "Economy, Business and Finance->utilities",
        "Environment->energy resources"
    ],
    "ai_allow": false,
    "has_canonical": false,
    "breaking": true,
    "webz_reporter": false,
    "external_links": [],
    "external_images": [],
    "internal_images": [],
    "entities": {
        "persons": [
            {
                "name": "Meeker",
                "sentiment": "none"
            },
            {
                "name": "Michael Bennet",
                "sentiment": "none"
            },
            {
                "name": "Donald Trump",
                "sentiment": "none"
            },
            {
                "name": "Jared Polis",
                "sentiment": "none"
            },
            {
                "name": "Phil Weiser",
                "sentiment": "none"
            },
            {
                "name": "Tina Peters",
                "sentiment": "none"
            }
        ],
        "locations": [
            {
                "name": "County",
                "sentiment": "none"
            }
        ],
        "organizations": [
            {
                "name": "White River Electric Association",
                "sentiment": "none",
                "tickers": []
            },
            {
                "name": "FEMA",
                "sentiment": "none",
                "tickers": [
                    {
                        "ticker": null,
                        "exchange": null
                    }
                ]
            },
            {
                "name": "National Center for Atmospheric Research",
                "sentiment": "none",
                "tickers": [
                    {
                        "ticker": null,
                        "exchange": null
                    }
                ]
            },
            {
                "name": "Colorado Sun",
                "sentiment": "none",
                "tickers": [
                    {
                        "ticker": null,
                        "exchange": null
                    }
                ]
            }
        ]
    },
    "syndication": {
        "syndicated": false,
        "syndicate_id": null,
        "first_syndicated": false
    },
    "trust": {
        "categories": null,
        "top_news": [],
        "bias": null,
        "source": {
            "type": "local_news",
            "city": [
                "Clifton",
                "Palisade",
                "Redlands",
                "Loma",
                "Grand Junction",
                "De Beque",
                "Fruita"
            ],
            "state": [
                "Iowa",
                "Colorado"
            ],
            "country": [
                "US"
            ],
            "domain_type": null,
            "agency": null,
            "organization_name": null
        }
    },
    "rating": null,
    "crawled": "2025-12-25T09:40:24.823+02:00",
    "updated": "2025-12-25T09:44:20.000+02:00"
}