{
    "thread": {
        "uuid": "f9b488027b4bfaad92346e13e5ac6ba68f2ec331",
        "url": "https://scanx.trade/stock-market-news/stocks/lg-electronics-india-receives-first-reduce-rating-from-avendus-spark-amid-market-share-concerns/28132522",
        "site_full": "scanx.trade",
        "site": "scanx.trade",
        "site_section": "https://scanx.trade/sitemap-stock-market-news.xml",
        "site_categories": [],
        "section_title": "",
        "site_title": "ScanX - Stock Screener &amp; Market Research Platform Built for India",
        "title": "LG Electronics India Receives First 'Reduce' Rating from Avendus Spark Amid Market Share Concerns",
        "title_full": "LG Electronics India Receives First 'Reduce' Rating from Avendus Spark Amid Market Share Concerns",
        "published": "2025-12-24T16:35:00.000+02:00",
        "replies_count": 0,
        "participants_count": 1,
        "site_type": "news",
        "country": "IN",
        "main_image": "http://news-images.dhan.co/lg-electronics-india-receives-first-reduce-rating-from-avendus-spark-amid-market-share-concerns.jpg",
        "performance_score": 0,
        "domain_rank": 85630,
        "domain_rank_updated": "2025-12-21T23:00:00.000+02:00",
        "licensing_agency": [],
        "social": {
            "facebook": {
                "likes": 0,
                "comments": 0,
                "shares": 0
            },
            "vk": {
                "shares": 0
            }
        }
    },
    "uuid": "f9b488027b4bfaad92346e13e5ac6ba68f2ec331",
    "url": "https://scanx.trade/stock-market-news/stocks/lg-electronics-india-receives-first-reduce-rating-from-avendus-spark-amid-market-share-concerns/28132522",
    "ord_in_thread": 0,
    "author": "Dhan",
    "published": "2025-12-24T16:35:00.000+02:00",
    "title": "LG Electronics India Receives First 'Reduce' Rating from Avendus Spark Amid Market Share Concerns",
    "text": "LG Electronics India Receives First 'Reduce' Rating from Avendus Spark Amid Market Share Concerns\nAvendus Spark initiated coverage on LG Electronics India with a 'reduce' rating and a price target of ₹1,536.00, the lowest on the street. The bearish stance is based on anticipated market share erosion and increased competition in premium product categories. Despite this, the company maintains strong in-house manufacturing capabilities and is expanding with a third facility in South India. The stock closed 0.9% lower at ₹1,546.60, down 12.00% from its post-listing high. Out of 18 analysts covering the stock, 16 still maintain buy recommendations.\n*this image is generated using AI for illustrative purposes only.\n LG Electronics India has received its first negative analyst rating, marking a significant shift in market sentiment for the consumer durables company. Avendus Spark initiated coverage on the stock with a 'reduce' rating and established the lowest price target on the street at ₹1,536.00, breaking the near-consensus buy recommendations that the stock had enjoyed from analysts.\nAnalyst Concerns and Market Challenges\nAvendus Spark's bearish stance centers on anticipated market share erosion that could impact the company's revenue growth. The brokerage highlighted specific challenges in LG Electronics India's niche premium and super premium product categories, where new market entrants are intensifying competition. Despite lower bargaining power and increasing customer choices due to competitive pressures, the analysts acknowledged that the company's extensive distribution reach remains its key competitive advantage.\nManufacturing Strengths and Strategic Assets\nThe company's operational capabilities present a mixed picture for investors. LG Electronics India maintains robust in-house manufacturing infrastructure, with a third production facility currently in development to serve the South Indian market. This expansion strategy offers several strategic benefits:\n| Strategic Advantage | Details |\n|---|---|\n| Manufacturing Capability | Robust in-house production facilities |\n| Market Expansion | Third facility targeting South Indian market |\n| Export Potential | Enhanced capacity for international markets |\n| Cost Efficiency | Lower logistics costs through strategic positioning |\nCurrent Market Position and Analyst Coverage\nThe stock's performance reflects growing investor caution, with shares closing 0.9% lower at ₹1,546.60 on Tuesday. This represents a significant decline of 12.00% from the stock's post-listing high of ₹1,749.00, indicating sustained selling pressure since its market debut.\n| Market Metrics | Current Status |\n|---|---|\n| Closing Price | ₹1,546.60 |\n| Daily Change | -0.9% |\n| Peak Decline | -12.00% from ₹1,749.00 high |\n| Avendus Target | ₹1,536.00 |\nAnalyst Sentiment Overview\nThe analyst community remains largely optimistic about LG Electronics India's prospects despite Avendus Spark's cautionary stance. Among the 18 analysts currently providing coverage, only two maintain sell ratings, while the remaining 16 analysts continue to recommend buying the stock. This distribution suggests that most market observers still view the company's long-term fundamentals favorably, even as near-term challenges mount in the competitive consumer durables landscape.\nDespite LG Electronics India's strong manufacturing capabilities and extensive distribution network, Avendus Spark warns of potential market share erosion. The brokerage's 'reduce' rating and ₹1,536.00 price target highlight concerns about the company's ability to maintain its market position in the face of increasing competition, particularly in premium product categories.\nHistorical Stock Returns for LG Electronics\n| 1 Day | 5 Days | 1 Month | 6 Months | 1 Year | 5 Years |\n|---|---|---|---|---|---|\n| -0.72% | -0.99% | -5.00% | -9.14% | -9.14% | -9.14% |\nView in Depth",
    "highlightText": "",
    "highlightTitle": "",
    "highlightThreadTitle": "",
    "language": "english",
    "sentiment": "negative",
    "categories": [
        "Economy, Business and Finance"
    ],
    "topics": [
        "Economy, Business and Finance->corporate news and profiles",
        "Economy, Business and Finance->business and market analysis"
    ],
    "ai_allow": true,
    "has_canonical": false,
    "breaking": null,
    "webz_reporter": false,
    "external_links": [],
    "external_images": [],
    "internal_images": [],
    "entities": {
        "persons": [],
        "locations": [
            {
                "name": "South",
                "sentiment": "none"
            }
        ],
        "organizations": [
            {
                "name": "LG Electronics India",
                "sentiment": "none",
                "tickers": [
                    {
                        "ticker": null,
                        "exchange": null
                    }
                ]
            }
        ]
    },
    "syndication": {
        "syndicated": false,
        "syndicate_id": null,
        "first_syndicated": false
    },
    "trust": {
        "categories": [],
        "top_news": [],
        "bias": null,
        "source": {
            "type": null,
            "city": null,
            "state": null,
            "country": null,
            "domain_type": null,
            "agency": null,
            "organization_name": null
        }
    },
    "rating": null,
    "crawled": "2025-12-25T07:59:12.699+02:00",
    "updated": "2025-12-25T08:00:44.000+02:00"
}