{
    "thread": {
        "uuid": "f4d35ad41f0ef6fc40b755c3631049f33142c06a",
        "url": "https://scanx.trade/stock-market-news/stocks/vodafone-idea-receives-4-16-crore-gst-penalty-order-from-west-bengal-tax-authorities/27936384",
        "site_full": "scanx.trade",
        "site": "scanx.trade",
        "site_section": "https://scanx.trade/sitemap-stock-market-news.xml",
        "site_categories": [],
        "section_title": "",
        "site_title": "ScanX - Stock Screener &amp; Market Research Platform Built for India",
        "title": "Vodafone Idea Faces ₹4.16 Cr GST Penalty Order from West Bengal Tax Authorities",
        "title_full": "Vodafone Idea Faces ₹4.16 Cr GST Penalty Order from West Bengal Tax Authorities",
        "published": "2025-12-22T10:06:00.000+02:00",
        "replies_count": 0,
        "participants_count": 1,
        "site_type": "news",
        "country": "IN",
        "main_image": "http://news-images.dhan.co/vodafone-idea-receives-4-16-crore-gst-penalty-order-from-west-bengal-tax-authorities.jpg",
        "performance_score": 0,
        "domain_rank": 85630,
        "domain_rank_updated": "2025-12-21T23:00:00.000+02:00",
        "licensing_agency": [],
        "social": {
            "facebook": {
                "likes": 0,
                "comments": 0,
                "shares": 0
            },
            "vk": {
                "shares": 0
            }
        }
    },
    "uuid": "f4d35ad41f0ef6fc40b755c3631049f33142c06a",
    "url": "https://scanx.trade/stock-market-news/stocks/vodafone-idea-receives-4-16-crore-gst-penalty-order-from-west-bengal-tax-authorities/27936384",
    "ord_in_thread": 0,
    "author": "Dhan",
    "published": "2025-12-22T10:06:00.000+02:00",
    "title": "Vodafone Idea Faces ₹4.16 Cr GST Penalty Order from West Bengal Tax Authorities",
    "text": "Vodafone Idea Faces ₹4.16 Cr GST Penalty Order from West Bengal Tax Authorities\nVodafone Idea Limited has received a penalty order of ₹4,15,51,496 from the Deputy Commissioner, Large Taxpayer Unit, West Bengal under Section 73 of the CGST/SGST Act, 2017. The order alleges excess availment of Input Tax Credit, payment of tax under wrong head, and other GST-related contraventions. The company disagrees with the order and plans to take appropriate action for rectification or reversal.\n*this image is generated using AI for illustrative purposes only.\n Vodafone Idea Limited has received a significant penalty order from tax authorities in West Bengal, as disclosed in a regulatory filing. The telecommunications company faces financial implications from this tax enforcement action while maintaining its position to contest the order.\nGST Penalty Details\nThe Deputy Commissioner, Large Taxpayer Unit, West Bengal has issued an order under Section 73 of the Central Goods and Service Tax Act, 2017, imposing substantial financial obligations on the company.\n| Parameter | Details |\n|---|---|\n| Penalty Amount | ₹4,15,51,496 |\n| Issuing Authority | Deputy Commissioner, Large Taxpayer Unit, West Bengal |\n| Legal Provision | Section 73 of CGST/SGST Act, 2017 |\n| Additional Obligations | Demand and interest as applicable |\nNature of Alleged Violations\nThe tax order addresses multiple compliance issues identified by the authorities during their assessment. The primary allegations center around input tax credit management and tax payment procedures.\nKey violations cited in the order include:\n- Alleged excess availment of Input Tax Credit\n- Payment of tax under wrong head\n- Other related contraventions under GST regulations\nCompany's Response and Financial Impact\nVodafone Idea has clearly stated its disagreement with the tax order and outlined its intention to challenge the decision. The company emphasized that it does not agree with the order and plans to take appropriate action for rectification or reversal of the same.\n| Impact Category | Details |\n|---|---|\n| Maximum Financial Impact | Extent of tax demand, interest and penalty levied |\n| Company Position | Disagrees with the order |\n| Planned Action | Appropriate action for rectification/reversal |\n| Disclosure Compliance | SEBI Regulation 30 requirements |\nThe disclosure was made pursuant to Regulation 30 read with Clause 20 of Para A of Part A of Schedule III of SEBI Listing Regulations, 2015, ensuring compliance with regulatory transparency requirements.\nRegulatory Compliance\nThe company has fulfilled its disclosure obligations under SEBI regulations, providing comprehensive details of the tax order to stock exchanges. This regulatory filing demonstrates Vodafone Idea's commitment to maintaining transparency with stakeholders regarding material developments that could impact its operations and financial position.\nHistorical Stock Returns for Vodafone Idea\n| 1 Day | 5 Days | 1 Month | 6 Months | 1 Year | 5 Years |\n|---|---|---|---|---|---|\n| +0.08% | +8.00% | +20.44% | +75.22% | +61.13% | +19.01% |\nView in Depth",
    "highlightText": "",
    "highlightTitle": "",
    "highlightThreadTitle": "",
    "language": "english",
    "sentiment": "negative",
    "categories": [
        "Economy, Business and Finance"
    ],
    "topics": [
        "Economy, Business and Finance->financial service",
        "Economy, Business and Finance->business reporting and performance"
    ],
    "ai_allow": true,
    "has_canonical": false,
    "breaking": null,
    "webz_reporter": false,
    "external_links": [],
    "external_images": [],
    "internal_images": [],
    "entities": {
        "persons": [],
        "locations": [
            {
                "name": "West Bengal",
                "sentiment": "none"
            }
        ],
        "organizations": [
            {
                "name": "Vodafone Idea Limited",
                "sentiment": "none",
                "tickers": []
            }
        ]
    },
    "syndication": {
        "syndicated": false,
        "syndicate_id": null,
        "first_syndicated": false
    },
    "trust": {
        "categories": [],
        "top_news": [],
        "bias": null,
        "source": {
            "type": null,
            "city": null,
            "state": null,
            "country": null,
            "domain_type": null,
            "agency": null,
            "organization_name": null
        }
    },
    "rating": null,
    "crawled": "2025-12-25T07:58:33.988+02:00",
    "updated": "2025-12-25T08:02:00.000+02:00"
}