{
    "thread": {
        "uuid": "9f4176c919b645de7af5340c73a03e851dd55ba4",
        "url": "https://scanx.trade/stock-market-news/stocks/bharti-airtel-receives-1-16-lakh-penalty-notice-from-dot-kerala-for-subscriber-verification-violations/28120462",
        "site_full": "scanx.trade",
        "site": "scanx.trade",
        "site_section": "https://scanx.trade/sitemap-stock-market-news.xml",
        "site_categories": [],
        "section_title": "",
        "site_title": "ScanX - Stock Screener &amp; Market Research Platform Built for India",
        "title": "Bharti Airtel Receives ₹1.16 Lakh Penalty Notice from DoT Kerala for Subscriber Verification Violations",
        "title_full": "Bharti Airtel Receives ₹1.16 Lakh Penalty Notice from DoT Kerala for Subscriber Verification Violations",
        "published": "2025-12-24T13:14:00.000+02:00",
        "replies_count": 0,
        "participants_count": 1,
        "site_type": "news",
        "country": "IN",
        "main_image": "http://news-images.dhan.co/bharti-airtel-receives-1-16-lakh-penalty-notice-from-dot-kerala-for-subscriber-verification-violations.jpg",
        "performance_score": 0,
        "domain_rank": 85630,
        "domain_rank_updated": "2025-12-21T23:00:00.000+02:00",
        "licensing_agency": [],
        "social": {
            "facebook": {
                "likes": 0,
                "comments": 0,
                "shares": 0
            },
            "vk": {
                "shares": 0
            }
        }
    },
    "uuid": "9f4176c919b645de7af5340c73a03e851dd55ba4",
    "url": "https://scanx.trade/stock-market-news/stocks/bharti-airtel-receives-1-16-lakh-penalty-notice-from-dot-kerala-for-subscriber-verification-violations/28120462",
    "ord_in_thread": 0,
    "author": "Dhan",
    "published": "2025-12-24T13:14:00.000+02:00",
    "title": "Bharti Airtel Receives ₹1.16 Lakh Penalty Notice from DoT Kerala for Subscriber Verification Violations",
    "text": "Bharti Airtel Receives ₹1.16 Lakh Penalty Notice from DoT Kerala for Subscriber Verification Violations\nBharti Airtel has received a penalty notice of ₹1.16 lakh from the Department of Telecommunications (DoT) Kerala LSA for alleged violations of subscriber verification norms. The notice, received on December 23, 2025, stems from a Customer Application Form audit conducted for October 2025. Bharti Airtel disagrees with the order and plans to take action for rectification or reversal. The company states that the maximum financial impact is limited to the penalty amount.\n*this image is generated using AI for illustrative purposes only.\n Bharti Airtel Limited has disclosed receiving a penalty notice from the Department of Telecommunications (DoT) Kerala LSA for alleged violations of subscriber verification norms. The telecommunications major received the notice on December 23, 2025, at 19:03 hours IST, imposing a penalty of ₹1.16 lakh.\nRegulatory Action Details\nThe penalty stems from DoT's periodic Customer Application Form (CAF) audit conducted for October 2025. The regulatory authority alleged that Bharti Airtel violated terms and conditions related to subscriber verification norms under the license agreement.\n| Parameter | Details |\n|---|---|\n| Penalty Amount | ₹1.16 lakh |\n| Issuing Authority | Department of Telecommunications, Kerala LSA |\n| Notice Date | December 23, 2025 |\n| Audit Period | October 2025 |\n| Violation Type | Subscriber verification norm violations |\nBackground and Compliance Requirements\nUnder the terms of its license agreement, Bharti Airtel is required to ensure adequate verification of customers before enrolling them as subscribers and comply with instructions issued by DoT in this regard. The Department of Telecommunications conducts periodic Customer Application Form audits to confirm compliance with licensing terms and conditions.\nCompany's Response and Financial Impact\nBharti Airtel has stated that it does not agree with the order and plans to take appropriate action for rectification or reversal of the penalty. The company has indicated that the maximum financial impact of the order is limited to the extent of the penalty levied, which amounts to ₹1.16 lakh.\n| Impact Assessment | Details |\n|---|---|\n| Financial Impact | Limited to penalty amount of ₹1.16 lakh |\n| Company Position | Disagrees with the order |\n| Planned Action | Will take appropriate steps for rectification/reversal |\nThe disclosure was made in compliance with Regulation 30 of the SEBI Listing Obligations and Disclosure Requirements Regulations, 2015, ensuring transparency with stakeholders regarding regulatory actions affecting the company.\nHistorical Stock Returns for Bharti Airtel\n| 1 Day | 5 Days | 1 Month | 6 Months | 1 Year | 5 Years |\n|---|---|---|---|---|---|\n| +0.04% | +0.74% | -1.32% | +9.83% | +34.08% | +318.24% |\nView in Depth",
    "highlightText": "",
    "highlightTitle": "",
    "highlightThreadTitle": "",
    "language": "english",
    "sentiment": "negative",
    "categories": [
        "Economy, Business and Finance"
    ],
    "topics": [
        "Economy, Business and Finance->corporate news and profiles"
    ],
    "ai_allow": true,
    "has_canonical": false,
    "breaking": null,
    "webz_reporter": false,
    "external_links": [],
    "external_images": [],
    "internal_images": [],
    "entities": {
        "persons": [],
        "locations": [
            {
                "name": "Kerala",
                "sentiment": "none"
            }
        ],
        "organizations": [
            {
                "name": "Bharti Airtel Limited",
                "sentiment": "neutral",
                "tickers": [
                    {
                        "ticker": "BHARTIARTL",
                        "exchange": "NSE"
                    }
                ]
            }
        ]
    },
    "syndication": {
        "syndicated": false,
        "syndicate_id": null,
        "first_syndicated": false
    },
    "trust": {
        "categories": [],
        "top_news": [],
        "bias": null,
        "source": {
            "type": null,
            "city": null,
            "state": null,
            "country": null,
            "domain_type": null,
            "agency": null,
            "organization_name": null
        }
    },
    "rating": null,
    "crawled": "2025-12-25T07:59:10.864+02:00",
    "updated": "2025-12-25T08:00:12.000+02:00"
}