{
    "thread": {
        "uuid": "e45df1680b204d160b7b090a68a1401faf952e1e",
        "url": "https://www.democracydocket.com/cases/washington-d-c-united-states-agency-for-international-development-shutdown-challenge",
        "site_full": "www.democracydocket.com",
        "site": "democracydocket.com",
        "site_section": "https://www.democracydocket.com",
        "site_categories": [],
        "section_title": "Democracy Docket",
        "site_title": null,
        "title": "Court Cases - Washington, D.C. United States Agency for International Development Shutdown Challenge - Democracy Docket",
        "title_full": "Court Cases - Washington, D.C. United States Agency for International Development Shutdown Challenge - Democracy Docket",
        "published": "2025-02-28T00:10:00.000+02:00",
        "replies_count": 0,
        "participants_count": 1,
        "site_type": "news",
        "country": "US",
        "main_image": "https://www.democracydocket.com/wp-content/uploads/2025/02/Case-Stamp-FILED-blue.png",
        "performance_score": 0,
        "domain_rank": 29574,
        "domain_rank_updated": "2025-02-24T23:00:00.000+02:00",
        "social": {
            "facebook": {
                "likes": 0,
                "comments": 0,
                "shares": 0
            },
            "vk": {
                "shares": 0
            }
        }
    },
    "uuid": "e45df1680b204d160b7b090a68a1401faf952e1e",
    "url": "https://www.democracydocket.com/cases/washington-d-c-united-states-agency-for-international-development-shutdown-challenge",
    "ord_in_thread": 0,
    "parent_url": null,
    "author": "Wp-Block-Co-Authors-Plus-Coauthors Is-Layout-Flow",
    "published": "2025-02-28T00:10:00.000+02:00",
    "title": "Court Cases - Washington, D.C. United States Agency for International Development Shutdown Challenge - Democracy Docket",
    "text": "Washington, D.C. United States Agency for International Development Shutdown Challenge\nAIDS Vaccine Advocacy Coalition v. Trump\nLawsuit filed by the AIDS Vaccine Advocacy Coalition (AVAC) and the Journalism Development Network (JDN) against President Donald Trump, Secretary of State Marco Rubio, Director of the Office of Management and Budget (OMB) Russell Vought and three government agencies challenging the Trump administration’s freeze on foreign assistance funding. On Jan. 20, 2025, Trump signed Executive Order 14169 (EO 14169), which directed the OMB to execute a 90-day pause in the disbursement of U.S. foreign development assistance. The plaintiffs allege that four days after EO 14169 was signed, Rubio directed the U.S. Department of State to halt its foreign assistance funding and the U.S. Agency for International Development (USAID) ordered the “immediate issuance of stop-work orders for existing foreign assistance awards.” The plaintiffs further assert that they, and other recipients of the affected funds, were issued stop-work orders and directed to immediately cease the implementation of affected programs during the 90-day freeze.\nThe plaintiffs argue that EO 14169 violates the Administrative Procedure Act, Impoundment Control Act, Anti-Deficiency Act and several clauses of the U.S. Constitution. They ask the court to block the Trump administration from enforcing EO 14169 and order that the frozen foreign assistance funding be immediately reinstated.\nOn Feb. 13, the court partially granted the plaintiffs’ temporary restraining order, blocking the Trump administration’s suspension of foreign assistance funds that were allocated prior to Jan. 19, 2025. The order also blocks the administration from issuing any stop-work orders related to administering those funds.\nOn Feb. 19, the plaintiffs filed an emergency motion to enforce the temporary restraining order and to place the agency defendants — including Rubio and USAID director Peter Marocco — in civil contempt until they comply with the court’s order. The court granted the plaintiffs’ motion to enforce its temporary restraining order the next day, but declined to hold the agency defendants in civil contempt.\nOn Feb. 25, the court granted a second motion to enforce the temporary restraining order filed by plaintiffs in a related case, Global Health Council v. Trump, after determining that the Trump administration continued to withhold foreign assistance funds. That order required the government to disburse the affected funds before midnight on Feb. 26. The Trump administration appealed that decision to the U.S. Court of Appeals for the D.C. Circuit the same day. The D.C. Circuit immediately dismissed the appeal.\nAt the same time, the administration filed an application before the U.S. Supreme Court asking the Court to vacate the district court’s enforcement order and to enter an immediate stay while their application is briefed. With only a few hours before the midnight deadline on Feb. 26, the Court granted the administration’s request for an administrative stay.\nSTATUS: The district court’s order requiring the Trump administration to comply with its temporary restraining order is stayed while the administration’s application is briefed before the U.S. Supreme Court. For now, the Trump administration will not be required to disburse the foreign assistance funds affected by the 90-day freeze.\nLast updated:",
    "highlightText": "",
    "highlightTitle": "",
    "highlightThreadTitle": "",
    "language": "english",
    "sentiment": "negative",
    "categories": [
        "Politics",
        "Economy, Business and Finance"
    ],
    "topics": [
        "Politics->civil rights",
        "Politics->government",
        "Politics->political process",
        "Economy, Business and Finance->economy",
        "Economy, Business and Finance->business governance",
        "Economy, Business and Finance->financial service"
    ],
    "ai_allow": true,
    "has_canonical": false,
    "breaking": false,
    "webz_reporter": false,
    "external_links": [
        "https://www.whitehouse.gov/presidential-actions/2025/01/reevaluating-and-realigning-united-states-foreign-aid/",
        "https://whitehouse.gov/presidential-actions/2025/01/reevaluating-and-realigning-united-states-foreign-aid/",
        "https://www.whitehouse.gov/presidential-actions/2025/01/reevaluating-and-realigning-united-states-foreign-aid"
    ],
    "external_images": [],
    "entities": {
        "persons": [],
        "organizations": [],
        "locations": []
    },
    "syndication": {
        "syndicated": false,
        "syndicate_id": null,
        "first_syndicated": false
    },
    "trust": null,
    "rating": null,
    "crawled": "2025-02-28T00:29:49.282+02:00",
    "updated": "2025-02-28T00:29:49.282+02:00"
}