{
    "thread": {
        "uuid": "e00c3a947288e14f14ff9f2b17ad003ecb02fefc",
        "url": "https://www.marketbeat.com/instant-alerts/red-robin-gourmet-burgers-nasdaqrrgb-announces-earnings-results-misses-expectations-by-044-eps-2025-02-26",
        "site_full": "www.marketbeat.com",
        "site": "marketbeat.com",
        "site_section": "https://www.marketbeat.com/rss.ashx?type=headlines",
        "site_categories": [
            "investing",
            "financial_news",
            "finance",
            "stocks"
        ],
        "section_title": "MarketBeat News Feed",
        "site_title": null,
        "title": "Red Robin Gourmet Burgers (NASDAQ:RRGB) Announces Earnings Results, Misses Expectations By $0.44 EPS",
        "title_full": "Red Robin Gourmet Burgers (NASDAQ:RRGB) Announces Earnings Results, Misses Expectations By $0.44 EPS",
        "published": "2025-02-28T00:16:00.000+02:00",
        "replies_count": 0,
        "participants_count": 1,
        "site_type": "news",
        "country": "US",
        "main_image": "https://www.marketbeat.com/logos/red-robin-gourmet-burgers-inc-logo-1200x675.jpg?v=20221223065934",
        "performance_score": 0,
        "domain_rank": 7907,
        "domain_rank_updated": "2025-02-24T23:00:00.000+02:00",
        "social": {
            "facebook": {
                "likes": 0,
                "comments": 0,
                "shares": 0
            },
            "vk": {
                "shares": 0
            }
        }
    },
    "uuid": "e00c3a947288e14f14ff9f2b17ad003ecb02fefc",
    "url": "https://www.marketbeat.com/instant-alerts/red-robin-gourmet-burgers-nasdaqrrgb-announces-earnings-results-misses-expectations-by-044-eps-2025-02-26",
    "ord_in_thread": 0,
    "parent_url": null,
    "author": "MarketBeat",
    "published": "2025-02-28T00:16:00.000+02:00",
    "title": "Red Robin Gourmet Burgers (NASDAQ:RRGB) Announces Earnings Results, Misses Expectations By $0.44 EPS",
    "text": "Red Robin Gourmet Burgers (NASDAQ:RRGB) Announces Earnings Results, Misses Expectations By $0.44 EPS Written by MarketBeat February 27, 2025 Share Link copied to clipboard. Red Robin Gourmet Burgers ( NASDAQ:RRGB - Get Free Report ) released its quarterly earnings data on Wednesday. The restaurant operator reported ($0.94) earnings per share (EPS) for the quarter, missing the consensus estimate of ($0.50) by ($0.44), Zacks reports. Red Robin Gourmet Burgers updated its FY 2025 guidance to EPS. Get RRGB alerts: Sign Up Red Robin Gourmet Burgers Stock Down 1.1 % Can CAVA, Red Robin, and Cracker Barrel Match Chipotle's Q1 Win?\nNASDAQ:RRGB traded down $0.05 during mid-day trading on Wednesday, reaching $4.52. 509,674 shares of the stock were exchanged, compared to its average volume of 297,520. The stock has a market capitalization of $78.61 million, a P/E ratio of -1.37 and a beta of 2.65. Red Robin Gourmet Burgers has a 1 year low of $2.97 and a 1 year high of $9.20. The company has a 50 day simple moving average of $5.48 and a 200-day simple moving average of $5.09. Insider Buying and Selling at Red Robin Gourmet Burgers\nIn other Red Robin Gourmet Burgers news, insider Jumana Capital Investments Llc acquired 800,454 shares of the company's stock in a transaction on Tuesday, December 3rd. The shares were bought at an average cost of $5.19 per share, for a total transaction of $4,154,356.26. Following the completion of the purchase, the insider now owns 1,614,906 shares in the company, valued at $8,381,362.14. This trade represents a 98.28 % increase in their position. The purchase was disclosed in a filing with the SEC, which is accessible through this hyperlink . 3.19% of the stock is owned by company insiders. About Red Robin Gourmet Burgers ( Get Free Report ) Toast Sets New Standard in Restaurant Management Platforms\nRed Robin Gourmet Burgers, Inc, together with its subsidiaries, develops, operates, and franchises casual-dining restaurants, in North America and one Canadian province. Its restaurants primarily offer burgers and pizza, appetizers, salads, soups, other entrees, desserts, wings, milkshakes, alcoholic and non-alcoholic specialty drinks, cocktails, wine, and beers. See Also\nThis instant news alert was generated by narrative science technology and financial data from MarketBeat in order to provide readers with the fastest and most accurate reporting. This story was reviewed by MarketBeat's editorial team prior to publication. Please send any questions or comments about this story to contact@marketbeat.com.\nCould BurgerFi Be the Next Shake Shack Arising? Should You Invest $1,000 in Red Robin Gourmet Burgers Right Now? Before you consider Red Robin Gourmet Burgers, you'll want to hear this.\nMarketBeat keeps track of Wall Street's top-rated and best performing research analysts and the stocks they recommend to their clients on a daily basis. MarketBeat has identified the five stocks that top analysts are quietly whispering to their clients to buy now before the broader market catches on... and Red Robin Gourmet Burgers wasn't on the list.\nWhile Red Robin Gourmet Burgers currently has a Buy rating among analysts, top-rated analysts believe these five stocks are better buys.\nView The Five Stocks Here\n(Almost) Everything You Need To Know About The EV Market Looking to profit from the electric vehicle mega-trend? Enter your email address and we'll send you our list of which EV stocks show the most long-term potential.\nGet This Free Report Like this article? Share it with a colleague. Link copied to clipboard.",
    "highlightText": "",
    "highlightTitle": "",
    "highlightThreadTitle": "",
    "language": "english",
    "sentiment": "negative",
    "categories": [
        "Economy, Business and Finance"
    ],
    "topics": [
        "Economy, Business and Finance->business reporting and performance"
    ],
    "ai_allow": true,
    "has_canonical": false,
    "breaking": false,
    "webz_reporter": false,
    "external_links": [
        "http://www.zacks.com/",
        "http://www.sec.gov/Archives/edgar/data/1171759/000092189524002884/xslF345X05/form413432005_12042024.xml",
        "https://www.facebook.com/sharer/sharer.php?u=https://www.marketbeat.com/instant-alerts/red-robin-gourmet-burgers-nasdaqrrgb-announces-earnings-results-misses-expectations-by-044-eps-2025-02-26/",
        "https://twitter.com/intent/tweet?text=Red+Robin+Gourmet+Burgers+(NASDAQ%3aRRGB)+Announces++Earnings+Results%2c+Misses+Expectations+By+%240.44+EPS%20%24RRGB%20%23RRGB%20https://www.marketbeat.com/instant-alerts/red-robin-gourmet-burgers-nasdaqrrgb-announces-earnings-results-misses-expectations-by-044-eps-2025-02-26/",
        "https://www.american",
        "https://api.stocktwits.com/widgets/share?via=MarketBeat&body=Red+Robin+Gourmet+Burgers+(NASDAQ%3aRRGB)+Announces++Earnings+Results%2c+Misses+Expectations+By+%240.44+EPS%20https://www.marketbeat.com/instant-alerts/red-robin-gourmet-burgers-nasdaqrrgb-announces-earnings-results-misses-expectations-by-044-eps-2025-02-26/",
        "https://www.americanconsumernews.net/scripts/standalone/viewcount.ashx?type=e&id=747843&domain=marketbeat.com&referrer=",
        "https://www.linkedin.com/cws/share?mini=true&url=https://www.marketbeat.com/instant-alerts/red-robin-gourmet-burgers-nasdaqrrgb-announces-earnings-results-misses-expectations-by-044-eps-2025-02-26/",
        "https://twitter.com/intent/tweet?text=Red+Robin+Gourmet+Burgers+(NASDAQ%3aRRGB)+Announces++Earnings+Results%2c+Misses+Expectations+By+%240.44+EPS%20https://www.marketbeat.com/instant-alerts/red-robin-gourmet-burgers-nasdaqrrgb-announces-earnings-results-misses-expectations-by-044-eps-2025-02-26/",
        "https://api.stocktwits.com/widgets/share",
        "https://americanconsumernews.net/scripts/standalone/viewcount.ashx?type=e&id=747843&domain=marketbeat.com&referrer=",
        "https://twitter.com/intent/tweet?text=Red+Robin+Gourmet+Burgers+(NASDAQ%3aRRGB)+Announces++Earnings+Results%2c+Misses+Expectations+By+%240.44+EPS%20%24RRGB%20%23RRGB%20https://www.marketbeat.com/instant-alerts/red-robin-gourmet-burgers-nasdaqrrgb-announces-earnings-results-misses-expectations-by-044-eps-2025-02-26",
        "https://american",
        "https://twitter.com/intent/tweet?text=Red+Robin+Gourmet+Burgers+(NASDAQ%3aRRGB)+Announces++Earnings+Results%2c+Misses+Expectations+By+%240.44+EPS%20https://marketbeat.com/instant-alerts/red-robin-gourmet-burgers-nasdaqrrgb-announces-earnings-results-misses-expectations-by-044-eps-2025-02-26/",
        "http://www.zacks.com",
        "https://api.stocktwits.com/widgets/share?via=MarketBeat&body=Red+Robin+Gourmet+Burgers+(NASDAQ%3aRRGB)+Announces++Earnings+Results%2c+Misses+Expectations+By+%240.44+EPS%20https://marketbeat.com/instant-alerts/red-robin-gourmet-burgers-nasdaqrrgb-announces-earnings-results-misses-expectations-by-044-eps-2025-02-26/",
        "https://twitter.com/intent/tweet?text=Red+Robin+Gourmet+Burgers+(NASDAQ%3aRRGB)+Announces++Earnings+Results%2c+Misses+Expectations+By+%240.44+EPS%20%24RRGB%20%23RRGB%20https://marketbeat.com/instant-alerts/red-robin-gourmet-burgers-nasdaqrrgb-announces-earnings-results-misses-expectations-by-044-eps-2025-02-26/",
        "https://linkedin.com/cws/share?mini=true&url=https://marketbeat.com/instant-alerts/red-robin-gourmet-burgers-nasdaqrrgb-announces-earnings-results-misses-expectations-by-044-eps-2025-02-26/",
        "https://www.facebook.com/sharer/sharer.php",
        "https://api.stocktwits.com/widgets/share?via=MarketBeat&body=Red+Robin+Gourmet+Burgers+(NASDAQ%3aRRGB)+Announces++Earnings+Results%2c+Misses+Expectations+By+%240.44+EPS%20https://www.marketbeat.com/instant-alerts/red-robin-gourmet-burgers-nasdaqrrgb-announces-earnings-results-misses-expectations-by-044-eps-2025-02-26",
        "https://www.linkedin.com/cws/share?mini=true&url=https://www.marketbeat.com/instant-alerts/red-robin-gourmet-burgers-nasdaqrrgb-announces-earnings-results-misses-expectations-by-044-eps-2025-02-26",
        "https://twitter.com/intent/tweet",
        "https://www.facebook.com/sharer/sharer.php?u=https://www.marketbeat.com/instant-alerts/red-robin-gourmet-burgers-nasdaqrrgb-announces-earnings-results-misses-expectations-by-044-eps-2025-02-26",
        "http://sec.gov/Archives/edgar/data/1171759/000092189524002884/xslF345X05/form413432005_12042024.xml",
        "https://www.americanconsumernews.net/scripts/standalone/viewcount.ashx",
        "http://zacks.com/",
        "https://twitter.com/intent/tweet?text=Red+Robin+Gourmet+Burgers+(NASDAQ%3aRRGB)+Announces++Earnings+Results%2c+Misses+Expectations+By+%240.44+EPS%20https://www.marketbeat.com/instant-alerts/red-robin-gourmet-burgers-nasdaqrrgb-announces-earnings-results-misses-expectations-by-044-eps-2025-02-26",
        "https://facebook.com/sharer/sharer.php?u=https://marketbeat.com/instant-alerts/red-robin-gourmet-burgers-nasdaqrrgb-announces-earnings-results-misses-expectations-by-044-eps-2025-02-26/",
        "https://www.linkedin.com/cws/share"
    ],
    "external_images": [],
    "entities": {
        "persons": [],
        "organizations": [
            {
                "name": "Red Robin Gourmet Burgers",
                "sentiment": "none"
            }
        ],
        "locations": []
    },
    "syndication": {
        "syndicated": false,
        "syndicate_id": null,
        "first_syndicated": false
    },
    "trust": null,
    "rating": null,
    "crawled": "2025-02-28T00:31:22.556+02:00",
    "updated": "2025-02-28T00:31:22.556+02:00"
}