{
    "thread": {
        "uuid": "00d0190cbc1bef5ac638fa7f633615c388d3f127",
        "url": "https://www.defenseone.com/business/2025/02/trump-administration-asks-agencies-cull-consultants/403351/?oref=d1-featured-river-top",
        "site_full": "www.defenseone.com",
        "site": "defenseone.com",
        "site_section": "https://www.defenseone.com",
        "site_categories": [
            "media"
        ],
        "section_title": "Defense One",
        "site_title": null,
        "title": "Trump administration asks agencies to cull consultants",
        "title_full": "Trump administration asks agencies to cull consultants",
        "published": "2025-02-27T18:40:00.000+02:00",
        "replies_count": 0,
        "participants_count": 1,
        "site_type": "news",
        "country": "US",
        "main_image": "https://cdn.defenseone.com/media/img/cd/2025/02/27/GettyImages_2034032777/open-graph.jpg",
        "performance_score": 0,
        "domain_rank": 6065,
        "domain_rank_updated": "2025-02-24T23:00:00.000+02:00",
        "social": {
            "facebook": {
                "likes": 0,
                "comments": 0,
                "shares": 0
            },
            "vk": {
                "shares": 0
            }
        }
    },
    "uuid": "00d0190cbc1bef5ac638fa7f633615c388d3f127",
    "url": "https://www.defenseone.com/business/2025/02/trump-administration-asks-agencies-cull-consultants/403351/?oref=d1-featured-river-top",
    "ord_in_thread": 0,
    "parent_url": null,
    "author": "Frank Konkel, Natalie Alms, and Ross Wilkers",
    "published": "2025-02-27T18:40:00.000+02:00",
    "title": "Trump administration asks agencies to cull consultants",
    "text": "Trump administration asks agencies to cull consultants\nA memo dated Wednesday asks agencies to review their contracts with 10 of the “highest paid” companies.\nThe Trump administration is asking agencies to review their consulting contracts with at least 10 large companies, including some global firms, as part of an effort to cut “non-essential consulting contracts.”\nThe acting head of the General Services Administration, Stephen Ehikian, asked “agency senior procurement executive[s]” to review their consulting contracts with the 10 companies the administration deemed the highest paid using procurement data—Deloitte, Accenture Federal Services, Booz Allen Hamilton, General Dynamics, Leidos, Guidehouse, Hill Mission Technologies Corp., Science Applications International Corporation, CGI Federal and International Business Machines Corporation—in a memo dated Feb. 26 obtained by Nextgov/FCW.\nThose 10 companies “are set to receive over $65 billion in fees in 2025 and future years,” Ehikian wrote.\n“This needs to, and must, change,” he added in bold.\nGSA had already asked agencies to review all contracts with the firms in question, as well as affiliates, and terminate all except those deemed mission critical and as giving “substantive, imperative technical support,” Ehikian wrote.\n“Not enough action has been taken,” he continued. “We request each agency review these consulting contracts again given the size and scope.”\nHe gave agency procurement executives until March 7 to give a list of contracts with the firms in question that their agencies are keeping and those they’re terminating, along with a “signed statement from a senior official” verifying the criticality of any the agency is maintaining.\nAll 10 companies listed in the memo hold prime positions on OASIS, a government-wide contract vehicle run by GSA that other federal agencies use to acquire professional services that are not tech-centric in nature.\nOASIS opened for business in 2014 and agencies have since collectively obligated approximately $46.7 billion in spending against the vehicle, according to data from GovExec's market intelligence division GovTribe.\nSix of OASIS' 10 largest spending recipients to-date are cited in the memo: Booz Allen, SAIC, Leidos, General Dynamics IT, Hill Mission Technologies Corp. and Deloitte.\nMany of the listed companies are also included on Alliant 2 and CIO-SP3 contracts, and the GSA schedule.\nIt’s unclear if all procurement employees at all agencies received the notice or only those at larger federal agencies. A GSA spokesperson didn’t clarify what agencies received the memo, referring Nextgov/FCW to specific agencies for information about specific agency contracts, but did say in a statement that “GSA has taken immediate action to fully implement all current executive orders and is committed to taking action to implement any new executive orders.”\nThe notice comes alongside a new executive order directing agencies to build centralized tech to record all payments issued through contracts and grants, along with justification for those payments. Agency leaders were also told to review all grants and contracts within 30 days and terminate or modify them to reduce spending under that executive order.\nElon Musk’s Department of Government Efficiency has been touting contract cancellations across agencies already, although the DOGE’s savings calculations are riddled with errors, the New York Times reported. Four contracts on the DOGE’s “Wall of Receipts,” for example, were found to have zero savings, as Washington Technology reported Tuesday.\n“For decades, IBM has been advocating the use of technology to help U.S. federal agencies streamline operations, increase efficiency and deliver better return on taxpayer dollars,” an IBM spokesperson told Nextgov/FCW in a statement. “Today, IBM supports the modernization and delivery of mission critical federal services and systems, from processing veteran health claims more quickly, to enabling a more efficient digital taxpayer experience. We are proud of this and our additional work across the U.S. government and are committed to helping agencies become more efficient and deliver better results for the American public.”\nGDIT, CGI and Leidos declined to comment, and Nextgov/FCW has reached out to other companies named on the memo.\nIf you have a tip you'd like to share, Natalie Alms can be securely contacted at nalms.41 on Signal.\nNEXT STORY:\nMusk is helping remove ‘constraints’ to speed up Air Force One delivery: Boeing CEO",
    "highlightText": "",
    "highlightTitle": "",
    "highlightThreadTitle": "",
    "language": "english",
    "sentiment": "negative",
    "categories": [
        "Politics",
        "Economy, Business and Finance"
    ],
    "topics": [
        "Politics->government",
        "Politics->political process",
        "Politics->government department",
        "Economy, Business and Finance->business governance",
        "Economy, Business and Finance->corporate news and profiles"
    ],
    "ai_allow": true,
    "has_canonical": true,
    "breaking": false,
    "webz_reporter": false,
    "external_links": [
        "https://govtribe.com/",
        "https://www.washingtontechnology.com/contracts/2025/02/veteran-owned-small-firms-hit-first-vas-push-2b-contract-cuts/403271/?oref=wt-homepage-top-story",
        "https://washingtontechnology.com/2014/05/74-large-businesses-win-oasis-awards/355918/",
        "https://www.nytimes.com/2025/02/21/upshot/doge-musk-trump-errors.html",
        "https://doge.gov/savings",
        "https://www.nextgov.com/digital-government/2025/02/trump-orders-agencies-build-tech-tackle-cost-efficiency-initiative/403313/?oref=ng-home-top-story",
        "https://nytimes.com/2025/02/21/upshot/doge-musk-trump-errors.html",
        "https://www.govtribe.com/",
        "https://nextgov.com/digital-government/2025/02/trump-orders-agencies-build-tech-tackle-cost-efficiency-initiative/403313/?oref=ng-home-top-story",
        "https://www.washingtontechnology.com/contracts/2025/02/veteran-owned-small-firms-hit-first-vas-push-2b-contract-cuts/403271/",
        "https://washingtontechnology.com/contracts/2025/02/veteran-owned-small-firms-hit-first-vas-push-2b-contract-cuts/403271/?oref=wt-homepage-top-story",
        "https://www.doge.gov/savings",
        "https://washingtontechnology.com/2014/05/74-large-businesses-win-oasis-awards/355918",
        "https://www.nextgov.com/digital-government/2025/02/trump-orders-agencies-build-tech-tackle-cost-efficiency-initiative/403313/",
        "https://govtribe.com",
        "https://www.washingtontechnology.com/2014/05/74-large-businesses-win-oasis-awards/355918/"
    ],
    "external_images": [],
    "entities": {
        "persons": [],
        "organizations": [],
        "locations": []
    },
    "syndication": {
        "syndicated": false,
        "syndicate_id": null,
        "first_syndicated": false
    },
    "trust": null,
    "rating": null,
    "crawled": "2025-02-28T00:12:09.925+02:00",
    "updated": "2025-02-28T00:12:09.925+02:00"
}