{
    "thread": {
        "uuid": "37d4f5f9b3336744c021457910b8d824f6dbabb1",
        "url": "https://www.marketscreener.com/news/avanza-fund-investors-shift-away-from-us-amid-ai-frenzy-ce7d5ed3dc8cf72c",
        "site_full": "www.marketscreener.com",
        "site": "marketscreener.com",
        "site_section": "https://www.marketscreener.com/news/companies/",
        "site_categories": [
            "photography",
            "hobbies_and_interests"
        ],
        "section_title": "Stock Market Listed Companies News - MarketScreener",
        "site_title": "Stock Market Today : Reports, Quotes and News - MarketScreener",
        "title": "Avanza Fund Investors Shift Away from US Amid AI Frenzy | MarketScreener",
        "title_full": "Avanza Fund Investors Shift Away from US Amid AI Frenzy | MarketScreener",
        "published": "2025-11-27T07:25:00.000+02:00",
        "replies_count": 0,
        "participants_count": 1,
        "site_type": "news",
        "country": "DE",
        "main_image": "https://www.marketscreener.com/images/twitter_MS_fdnoir.png",
        "performance_score": 0,
        "domain_rank": 11487,
        "domain_rank_updated": "2025-11-23T23:00:00.000+02:00",
        "licensing_agency": [],
        "social": {
            "facebook": {
                "likes": 0,
                "comments": 0,
                "shares": 0
            },
            "vk": {
                "shares": 0
            }
        }
    },
    "uuid": "37d4f5f9b3336744c021457910b8d824f6dbabb1",
    "url": "https://www.marketscreener.com/news/avanza-fund-investors-shift-away-from-us-amid-ai-frenzy-ce7d5ed3dc8cf72c",
    "ord_in_thread": 0,
    "author": "Finwire",
    "published": "2025-11-27T07:25:00.000+02:00",
    "title": "Avanza Fund Investors Shift Away from US Amid AI Frenzy | MarketScreener",
    "text": "Online broker Avanza Bank reports that its fund investors sold off technology funds and tech-heavy US funds in November, following a setback triggered by speculation over a potential AI bubble. Instead, savers have turned to safer alternatives, including funds with a Swedish focus.\n\"We're seeing a cautious approach to fund trading in November. Purchases are lower than usual, but at the same time, there are no large volumes on the selling side either. This careful behavior is also evident in the fact that a majority of fund investments are going into Swedish-focused funds, such as large-cap Swedish equity funds and various types of Swedish fixed income funds -- the home market is often seen as a safe haven when there's fear of a storm,\" says Felicia Schön, savings economist at Avanza.\nNet purchases in November were highest in Swedish equity funds, global funds, and emerging market funds, with the latter category being a newcomer to the top list.\n\"I also see this as a sign that many are now choosing to increase their diversification into more markets beyond the United States,\" Schön adds.\nOn the selling side, small-cap funds, precious metals funds, and North American funds dominated.\nMost Bought Most Sold Swedish Equity Funds Small-Cap Funds Global Funds Precious Metals Funds Emerging Markets Funds North American Funds Corporate Bond Funds Defense Funds SEK Fixed Income Funds Technology Funds © Finwire - 2025",
    "highlightText": "",
    "highlightTitle": "",
    "highlightThreadTitle": "",
    "language": "english",
    "sentiment": "negative",
    "categories": [
        "Economy, Business and Finance",
        "Science and Technology"
    ],
    "topics": [
        "Economy, Business and Finance->market and exchange",
        "Economy, Business and Finance->investment and opinion pieces",
        "Science and Technology->information technology and computer science"
    ],
    "ai_allow": true,
    "has_canonical": false,
    "breaking": false,
    "webz_reporter": false,
    "external_links": [
        "https://telegram.me/share/url?url=https%3A%2F%2Fwww.marketscreener.com%2Fnews%2Favanza-fund-investors-shift-away-from-us-amid-ai-frenzy-ce7d5ed3dc8cf72c%3Futm_source%3Dtelegram%26utm_medium%3Dsocial%26utm_campaign%3Dshare",
        "https://www.linkedin.com/shareArticle?mini=true&url=https%3A%2F%2Fwww.marketscreener.com%2Fnews%2Favanza-fund-investors-shift-away-from-us-amid-ai-frenzy-ce7d5ed3dc8cf72c%3Futm_source%3Dlinkedin%26utm_medium%3Dsocial%26utm_campaign%3Dshare&title=Avanza",
        "https://x.com/intent/tweet?text=Avanza",
        "https://www.facebook.com/sharer/sharer.php?u=https%3A%2F%2Fwww.marketscreener.com%2Fnews%2Favanza-fund-investors-shift-away-from-us-amid-ai-frenzy-ce7d5ed3dc8cf72c%3Futm_source%3Dfacebook%26utm_medium%3Dsocial%26utm_campaign%3Dshare",
        "https://wa.me/?text=https%3A%2F%2Fwww.marketscreener.com%2Fnews%2Favanza-fund-investors-shift-away-from-us-amid-ai-frenzy-ce7d5ed3dc8cf72c%3Futm_source%3Dwhatsapp%26utm_medium%3Dsocial%26utm_campaign%3Dshare",
        "https://wa.me/",
        "https://x.com/intent/tweet",
        "https://telegram.me/share/url",
        "https://www.telegram.me/share/url?url=https%3A%2F%2Fwww.marketscreener.com%2Fnews%2Favanza-fund-investors-shift-away-from-us-amid-ai-frenzy-ce7d5ed3dc8cf72c%3Futm_source%3Dtelegram%26utm_medium%3Dsocial%26utm_campaign%3Dshare",
        "https://linkedin.com/shareArticle?mini=true&url=https%3A%2F%2Fwww.marketscreener.com%2Fnews%2Favanza-fund-investors-shift-away-from-us-amid-ai-frenzy-ce7d5ed3dc8cf72c%3Futm_source%3Dlinkedin%26utm_medium%3Dsocial%26utm_campaign%3Dshare&title=Avanza",
        "https://facebook.com/sharer/sharer.php?u=https%3A%2F%2Fwww.marketscreener.com%2Fnews%2Favanza-fund-investors-shift-away-from-us-amid-ai-frenzy-ce7d5ed3dc8cf72c%3Futm_source%3Dfacebook%26utm_medium%3Dsocial%26utm_campaign%3Dshare",
        "https://www.facebook.com/sharer/sharer.php",
        "https://www.linkedin.com/shareArticle",
        "https://www.wa.me/?text=https%3A%2F%2Fwww.marketscreener.com%2Fnews%2Favanza-fund-investors-shift-away-from-us-amid-ai-frenzy-ce7d5ed3dc8cf72c%3Futm_source%3Dwhatsapp%26utm_medium%3Dsocial%26utm_campaign%3Dshare",
        "https://www.x.com/intent/tweet?text=Avanza"
    ],
    "external_images": [],
    "internal_images": [],
    "entities": {
        "persons": [
            {
                "name": "Felicia Schön",
                "sentiment": "none"
            }
        ],
        "locations": [],
        "organizations": [
            {
                "name": "Avanza Bank",
                "sentiment": "negative",
                "tickers": []
            }
        ]
    },
    "syndication": {
        "syndicated": false,
        "syndicate_id": null,
        "first_syndicated": false
    },
    "trust": {
        "categories": [],
        "top_news": [],
        "bias": null,
        "source": {
            "type": null,
            "city": null,
            "state": null,
            "country": null,
            "domain_type": null,
            "agency": null,
            "organization_name": null
        }
    },
    "rating": null,
    "crawled": "2025-11-27T07:37:12.668+02:00",
    "updated": "2025-11-27T07:39:13.000+02:00"
}