{
    "thread": {
        "uuid": "329f03b35249de6e1faf93bae283f8b705348780",
        "url": "https://www.tribuneindia.com/news/haryana/gang-threatens-liquor-contractor-demands-rs-50l-ransom",
        "site_full": "www.tribuneindia.com",
        "site": "tribuneindia.com",
        "site_section": "https://www.tribuneindia.com/news/haryana",
        "site_categories": [
            "media",
            "top_news_in",
            "top_news"
        ],
        "section_title": "Haryana News Today | Tribune India: Latest Updates & Headlines",
        "site_title": "The Tribune: Today's Latest News, Breaking News, Top Headlines from India & World",
        "title": "Gang threatens liquor contractor, demands Rs 50L ransom - The Tribune",
        "title_full": "Gang threatens liquor contractor, demands Rs 50L ransom - The Tribune",
        "published": "2025-04-10T00:15:00.000+03:00",
        "replies_count": 0,
        "participants_count": 1,
        "site_type": "news",
        "country": "IN",
        "main_image": "https://www.tribuneindia.com/sortd-service/imaginary/v22-01/jpg/large/high?url=dGhldHJpYnVuZS1zb3J0ZC1wcm8tcHJvZC1zb3J0ZC9tZWRpYWQ3MjY4NzAwLTE1ODctMTFmMC05YzRkLWExYjFjMjMzZTcyMi5qcGc=",
        "performance_score": 0,
        "domain_rank": 4210,
        "domain_rank_updated": "2025-04-08T00:00:00.000+03:00",
        "licensing_agency": [],
        "social": {
            "facebook": {
                "likes": 0,
                "comments": 0,
                "shares": 0
            },
            "vk": {
                "shares": 0
            }
        }
    },
    "uuid": "329f03b35249de6e1faf93bae283f8b705348780",
    "url": "https://www.tribuneindia.com/news/haryana/gang-threatens-liquor-contractor-demands-rs-50l-ransom",
    "ord_in_thread": 0,
    "author": "Tribune News Service",
    "published": "2025-04-10T00:15:00.000+03:00",
    "title": "Gang threatens liquor contractor, demands Rs 50L ransom - The Tribune",
    "text": "Gang threatens liquor contractor, demands Rs 50L ransom\nA gang has reportedly demanded a ransom of Rs 50 lakh from a liquor contractor in Yamunanagar district. It has also threatened the contractor with dire consequences if he failed to fulfil the demand.\nOn the complaint of the contractor, Rinku Rana of Golni village of the district, a case has been registered against the gang members at Chhappar police station.\nThe complainant told the police that he had been working as a liquor contractor in the district for the past four-five years.\nHe alleged that gangster Virender Pratap, alias Kala Rana of Yamunanagar, had demanded a ransom of Rs 20 lakh from him in lieu of running liquor vends about three years ago, but he had refused to pay the amount.\nKala Rana's brother Surya Pratap, alias Noni Rana, and Sunny, active members of the gang, had fled abroad illegally and were operating the gang from there, he said.\n“On April 6, 2025, I received two WhatsApp calls on my phone at 10.35 pm from a foreign number, which I did not pick up. After that, I received five consecutive messages, threatening to kill me and my family if I did not pick up the phone,” he told the police.\nAt 10.52 pm, he received a WhatsApp call from the same number, which he picked up. “The caller identified himself as Noni Rana and said, 'You have escaped twice before. You have neither contributed your share in liquor contracts nor have you paid the money we demanded. Your three companions have already been killed. Now, it is your turn and that of your family. If you want to be safe, give Rs 50 lakh to Tarun Singari and Manish Singari within three days',” the complainant told the police.\nHe further said, “The caller also told me that if I told anyone, there would be consequences.”\nShots were fired at Rinku Rana's liquor vend in Harnaul village of Yamunanagar district on Tuesday. The vend was closed and seven-eight bullets hit the shutter. Rajesh Kumar, incharge of police post, Khera Lakkha Singh village, said the incident took place around 11.30 pm.",
    "highlightText": "",
    "highlightTitle": "",
    "highlightThreadTitle": "",
    "language": "english",
    "sentiment": "negative",
    "categories": [
        "Crime, Law and Justice",
        "Economy, Business and Finance",
        "Social Issue"
    ],
    "topics": [
        "Crime, Law and Justice->kidnapping",
        "Crime, Law and Justice->organised crime",
        "Economy, Business and Finance->financial service",
        "Economy, Business and Finance->business governance",
        "Social Issue->discrimination",
        "Social Issue->social problem",
        "Social Issue->abusive behaviour"
    ],
    "ai_allow": true,
    "has_canonical": false,
    "breaking": true,
    "webz_reporter": false,
    "external_links": [],
    "entities": {
        "persons": [
            {
                "name": "Virender Pratap",
                "sentiment": "none"
            },
            {
                "name": "Surya Pratap",
                "sentiment": "none"
            },
            {
                "name": "Noni Rana",
                "sentiment": "none"
            },
            {
                "name": "Kala Rana",
                "sentiment": "none"
            }
        ],
        "locations": [
            {
                "name": "Chhappar",
                "sentiment": "none"
            },
            {
                "name": "Golni",
                "sentiment": "none"
            }
        ],
        "organizations": [
            {
                "name": "Tribune Gang",
                "sentiment": "negative",
                "tickers": []
            }
        ]
    },
    "syndication": {
        "syndicated": false,
        "syndicate_id": null,
        "first_syndicated": false
    },
    "trust": {
        "categories": [],
        "bias": null,
        "source": {
            "type": null,
            "city": null,
            "state": null,
            "country": null,
            "domain_type": null,
            "agency": null,
            "organization_name": null
        }
    },
    "rating": null,
    "crawled": "2025-04-10T00:21:07.602+03:00",
    "updated": "2025-04-10T00:21:07.602+03:00"
}