{
    "thread": {
        "uuid": "be8c3c498151b3df683a52ee4164c19005f41a34",
        "url": "https://news.bgov.com/litigation/micro-captive-insurance-reporting-rules-challenged-as-arbitrary",
        "site_full": "news.bgov.com",
        "site": "bgov.com",
        "site_section": "https://news.bgov.com/litigation",
        "site_categories": [],
        "section_title": "Litigation",
        "site_title": null,
        "title": "Micro-Captive Insurance Reporting Rules Challenged as Arbitrary",
        "title_full": "Micro-Captive Insurance Reporting Rules Challenged as Arbitrary",
        "published": "2025-04-10T00:39:00.000+03:00",
        "replies_count": 0,
        "participants_count": 1,
        "site_type": "news",
        "country": "US",
        "main_image": "https://db0ip7zd23b50.cloudfront.net/dims4/default/9488698/2147483647/crop/5877x2265+0+0/resize/960x370%3E/quality/90/?url=http%3A%2F%2Fbloomberg-bna-brightspot.s3.amazonaws.com%2F98%2F5c%2F6ccfafe34537897b225ba28bcaab%2F384547368.jpg",
        "performance_score": 0,
        "domain_rank": 22855,
        "domain_rank_updated": "2025-04-08T00:00:00.000+03:00",
        "licensing_agency": [],
        "social": {
            "facebook": {
                "likes": 0,
                "comments": 0,
                "shares": 0
            },
            "vk": {
                "shares": 0
            }
        }
    },
    "uuid": "be8c3c498151b3df683a52ee4164c19005f41a34",
    "url": "https://news.bgov.com/litigation/micro-captive-insurance-reporting-rules-challenged-as-arbitrary",
    "ord_in_thread": 0,
    "author": "John Woolley",
    "published": "2025-04-10T00:39:00.000+03:00",
    "title": "Micro-Captive Insurance Reporting Rules Challenged as Arbitrary",
    "text": "The IRS’s final rule identifying some micro-captive insurance arrangements as tax abusive violated the statutory rulemaking process, a key player in the captive industry said Wednesday.\nCIC Services LLC, which consults on small captives insurance arrangements, asked the US District Court for the Eastern District of Tennessee to set aside new regulations released in January that require taxpayers to disclose micro-captive transactions of interest or face penalties.\nThe firm successfully challenged a previous iteration of agency guidance in 2022, which the court said had skirted notice-and-comment procedures.\n“None of this deterred the IRS from pursuing its war on small captives,” ...",
    "highlightText": "",
    "highlightTitle": "",
    "highlightThreadTitle": "",
    "language": "english",
    "sentiment": "negative",
    "categories": [
        "Politics",
        "Economy, Business and Finance",
        "Social Issue"
    ],
    "topics": [
        "Politics->regulatory authority",
        "Politics->government policy",
        "Politics->taxation",
        "Economy, Business and Finance->financial and economic news",
        "Economy, Business and Finance->business governance",
        "Social Issue->social services",
        "Social Issue->demographics",
        "Social Issue->communities"
    ],
    "ai_allow": true,
    "has_canonical": true,
    "breaking": false,
    "webz_reporter": false,
    "external_links": [
        "https://news.bloombergtax.com/daily-tax-report/irs-releases-final-rules-on-micro-captive-listed-transactions",
        "https://news.bloombergtax.com/daily-tax-report/irs-notice-found-invalid-in-penalty-backed-rule-dispute",
        "https://www.news.bloombergtax.com/daily-tax-report/irs-releases-final-rules-on-micro-captive-listed-transactions",
        "https://www.news.bloombergtax.com/daily-tax-report/irs-notice-found-invalid-in-penalty-backed-rule-dispute"
    ],
    "entities": {
        "persons": [],
        "locations": [],
        "organizations": [
            {
                "name": "IRS",
                "sentiment": "negative",
                "tickers": []
            },
            {
                "name": "CIC Services LLC",
                "sentiment": "none",
                "tickers": []
            }
        ]
    },
    "syndication": {
        "syndicated": false,
        "syndicate_id": null,
        "first_syndicated": false
    },
    "trust": {
        "categories": [],
        "bias": null,
        "source": {
            "type": null,
            "city": null,
            "state": null,
            "country": null,
            "domain_type": null,
            "agency": null,
            "organization_name": null
        }
    },
    "rating": null,
    "crawled": "2025-04-10T00:44:03.036+03:00",
    "updated": "2025-04-10T00:44:03.036+03:00"
}