{
    "thread": {
        "uuid": "ec44b5a0f323e4cdf9cfb08fff9c162f89d66a2c",
        "url": "https://www.world-today-news.com/delta-recession-warning-economic-uncertainty-stalled-growth",
        "site_full": "www.world-today-news.com",
        "site": "world-today-news.com",
        "site_section": "https://www.world-today-news.com",
        "site_categories": [
            "media"
        ],
        "section_title": "World Today News - www.world-today-news.com/",
        "site_title": "World Today News - www.world-today-news.com/",
        "title": "Delta Recession Warning: Economic Uncertainty & Stalled Growth",
        "title_full": "Delta Recession Warning: Economic Uncertainty & Stalled Growth",
        "published": "2025-04-10T00:14:00.000+03:00",
        "replies_count": 0,
        "participants_count": 1,
        "site_type": "news",
        "country": "US",
        "main_image": "https://example.com/delta-planes.jpg",
        "performance_score": 0,
        "domain_rank": 32548,
        "domain_rank_updated": "2025-04-08T00:00:00.000+03:00",
        "licensing_agency": [],
        "social": {
            "facebook": {
                "likes": 0,
                "comments": 0,
                "shares": 0
            },
            "vk": {
                "shares": 0
            }
        }
    },
    "uuid": "ec44b5a0f323e4cdf9cfb08fff9c162f89d66a2c",
    "url": "https://www.world-today-news.com/delta-recession-warning-economic-uncertainty-stalled-growth",
    "ord_in_thread": 0,
    "author": "world today news",
    "published": "2025-04-10T00:14:00.000+03:00",
    "title": "Delta Recession Warning: Economic Uncertainty & Stalled Growth",
    "text": "Facing economic headwinds, Delta Air Lines has revised its financial outlook, signaling concerns about the airline’s future. This article dives into the factors behind Delta’s revised guidance, including the impact of global trade uncertainty and shifting travel patterns. Learn more about what these developments mean for Delta Air Lines’ performance and the broader economic landscape.\nDelta Air Lines Signals Economic Concerns, Revises Outlook Published: 2025-04-09\nHartsfield-Jackson Atlanta International Airport“> Delta Airlines planes sit parked at Hartsfield-Jackson Atlanta International Airport. – Andrew Harnik/Getty Images/FILE Key Takeaways Delta Air Lines anticipates a potential revenue decline in the current quarter. The airline cites broad economic uncertainty around global trade as the primary factor. Previous projections of record profits in 2025 are no longer considered attainable. Plans to increase seat availability have been suspended. Concerns are mounting about a possible economic recession. CEO’s Perspective: recession Worries Delta Air Lines CEO Ed Bastian expressed apprehension about the U.S.economy’s trajectory during a recent interview.\nI don’t know. I think we’re acting as if we’re going into a recession. I think everyone is going into a defensive posture. As an inevitable result of that, if that continues, and we don’t get resolution soon, we’ll probably end up in a recession.\nEd Bastian,CEO,Delta Air Lines\nMr. Bastian’s remarks suggest a shift in sentiment, prompting the airline to adopt a more cautious approach.\nRipple Effects: Tariffs and Uncertainty Delta’s revised outlook underscores the broader impact of trade-related uncertainty on the U.S. economy. Even companies not directly affected by tariffs are experiencing indirect consequences.\nRelated Developments Walmart, the nation’s largest retailer, pulled its guidance for the current fiscal quarter, signaling similar concerns.\nShifting Travel Patterns Delta is observing a decline in bookings for lower-fare seats. While premium seating demand remains relatively stable, business travel is showing signs of stagnation.\nBusiness travel growth, previously at 10% annually, is now flat year-over-year. Companies are reportedly curtailing travel plans due to economic uncertainty. Corporate Travel Cuts: A Historical Perspective mr. Bastian addressed the trend of corporate travel reductions during a conference call with investors.\nIn a period of maximum or potentially maximum uncertainty, all companies do what they can to make sure they protect their future.\nEd Bastian, CEO, Delta Air Lines\nHe further elaborated on the historical precedence of corporate travel cuts during economic downturns.\nHistorically, corporate travel has been the frist thing, one of the easiest things, to minimize if you’re a company. If we continue on in this elongated sense of uncertainty,no question: you’ll see continued reductions in corporate travel.\nEd Bastian,CEO,delta Air Lines\nAdjusting Capacity: Available Seat Miles Delta is scaling back its plans to expand capacity. The airline now anticipates its “available seat miles” to remain flat year-over-year.\nAvailable seat miles is an industry term that refers to the number of seats it sells,adjusted for the miles those seats are flown.\nEmployment Levels: Attrition Strategy Delta expects its employment levels to decrease from 2024 figures. Though, the airline intends to manage this reduction through natural attrition, such as retirements and voluntary departures, rather than layoffs.\nLooking Ahead: Navigating Uncertainty Mr. Bastian concluded his remarks with a note of cautious optimism.\nRight now, it’s hard to know how this is going to play out, given that this is somewhat self-imposed. I’m hopeful that sanity will prevail and we’ll move through this period of time on the global trade front relatively quickly.\nEd Bastian, CEO, Delta Air Lines\nDelta reported a 3.3% revenue increase for the recently concluded quarter, aligning with revised guidance. The airline projects second-quarter revenue to fluctuate between a 2% gain and a 2% decline. Profit margin expectations have also been adjusted downward,despite anticipated benefits from lower fuel costs.",
    "highlightText": "",
    "highlightTitle": "",
    "highlightThreadTitle": "",
    "language": "english",
    "sentiment": "negative",
    "categories": [
        "Economy, Business and Finance",
        "Politics",
        "Social Issue"
    ],
    "topics": [
        "Economy, Business and Finance->financial and economic news",
        "Economy, Business and Finance->business reporting and performance",
        "Politics->economic policy",
        "Social Issue->demographics",
        "Social Issue->social problem",
        "Social Issue->social condition"
    ],
    "ai_allow": true,
    "has_canonical": false,
    "breaking": false,
    "webz_reporter": false,
    "external_links": [
        "https://www.cnn.com/2025/04/09/business/walmart-tariffs-stock/index.html?cid=external-feeds_iluminar_yahoo",
        "https://www.youtube.com/embed/1ts5wJ6OfzA",
        "https://www.cnn.com/2025/04/09/business/walmart-tariffs-stock/index.html",
        "https://cnn.com/2025/04/09/business/walmart-tariffs-stock/index.html?cid=external-feeds_iluminar_yahoo",
        "https://youtube.com/embed/1ts5wJ6OfzA"
    ],
    "entities": {
        "persons": [
            {
                "name": "Andrew Harnik",
                "sentiment": "none"
            },
            {
                "name": "Ed Bastian",
                "sentiment": "none"
            }
        ],
        "locations": [
            {
                "name": "International Airport",
                "sentiment": "none"
            },
            {
                "name": "Hartsfield-Jackson",
                "sentiment": "none"
            }
        ],
        "organizations": [
            {
                "name": "Worries Delta Air Lines",
                "sentiment": "neutral",
                "tickers": []
            },
            {
                "name": "Getty Images/FILE Key Takeaways Delta Air Lines",
                "sentiment": "none",
                "tickers": []
            },
            {
                "name": "Delta Air Lines Signals Economic Concerns",
                "sentiment": "none",
                "tickers": []
            }
        ]
    },
    "syndication": {
        "syndicated": false,
        "syndicate_id": null,
        "first_syndicated": false
    },
    "trust": {
        "categories": [
            "fake_news"
        ],
        "bias": null,
        "source": {
            "type": null,
            "city": null,
            "state": null,
            "country": null,
            "domain_type": null,
            "agency": null,
            "organization_name": null
        }
    },
    "rating": null,
    "crawled": "2025-04-10T00:34:51.940+03:00",
    "updated": "2025-04-10T00:34:51.940+03:00"
}