{
    "thread": {
        "uuid": "747e80baf66f6a604d7800c0c60e0c1eeeac48cc",
        "url": "https://www.helpnetsecurity.com/2025/08/07/create-ai-code-security-risks/",
        "site_full": "www.helpnetsecurity.com",
        "site": "helpnetsecurity.com",
        "site_section": "https://news.google.com/search?q=not%20when%3A1h&hl=en-US&gl=US&ceid=US%3Aen",
        "site_categories": [
            "hacking",
            "tech"
        ],
        "section_title": "Google News - Search",
        "site_title": "Cybersecurity News and Expert Analysis - Help Net Security",
        "title": "AI can write your code, but nearly half of it may be insecure - Help Net Security",
        "title_full": "AI can write your code, but nearly half of it may be insecure - Help Net Security",
        "published": "2025-08-07T07:30:00.000+03:00",
        "replies_count": 0,
        "participants_count": 1,
        "site_type": "news",
        "country": "US",
        "main_image": "https://img.helpnetsecurity.com/wp-content/uploads/2025/08/03132001/ai_code-1500.webp",
        "performance_score": 0,
        "domain_rank": 5943,
        "domain_rank_updated": "2025-06-03T00:00:00.000+03:00",
        "licensing_agency": [],
        "social": {
            "facebook": {
                "likes": 0,
                "comments": 0,
                "shares": 0
            },
            "vk": {
                "shares": 0
            }
        }
    },
    "uuid": "747e80baf66f6a604d7800c0c60e0c1eeeac48cc",
    "url": "https://www.helpnetsecurity.com/2025/08/07/create-ai-code-security-risks/",
    "ord_in_thread": 0,
    "author": "Help Net Security",
    "published": "2025-08-07T07:30:00.000+03:00",
    "title": "AI can write your code, but nearly half of it may be insecure - Help Net Security",
    "text": "While GenAI excels at producing functional code, it introduces security vulnerabilities in 45 percent of cases, according to Veracode’s 2025 GenAI Code Security Report , which analyzed code produced by over 100 LLMs across 80 real-world coding tasks.\nVibe coding “The rise of vibe coding, where developers rely on AI to generate code, typically without explicitly defining security requirements, represents a fundamental shift in how software is built,” said Jens Wessling , CTO at Veracode. “The main concern with this trend is that they do not need to specify security constraints to get the code they want, effectively leaving secure coding decisions to LLMs. Our research reveals GenAI models make the wrong choices nearly half the time, and it’s not improving.”\nAI is enabling attackers to identify and exploit security vulnerabilities quicker. Tools powered by AI can scan systems at scale, identify weaknesses, and even generate exploit code with minimal human input. This lowers the barrier to entry for less-skilled attackers and increases the speed and sophistication of attacks, posing a threat to traditional security defenses. Not only are vulnerabilities increasing, but the ability to exploit them is becoming easier.\nLLMs introduce widespread security vulnerabilities in code To assess the security of AI-generated code, Veracode created 80 coding tasks designed to expose common software weaknesses as defined by the MITRE Common Weakness Enumeration (CWE) system. Each task prompted more than 100 LLMs to complete code snippets, offering the opportunity to choose a secure or insecure implementation.\nThe findings were stark: in 45 percent of all test cases, LLMs produced code containing vulnerabilities aligned with the OWASP Top 10 , a list of the most serious web application security risks.\nSome languages proved especially problematic. Java had the highest failure rate, with LLM-generated code introducing security flaws more than 70 percent of the time. Python, C# and JavaScript were not far behind, with failure rates between 38 and 45 percent.\nLLMs also struggled with specific vulnerability types. Eighty-six percent of code samples failed to defend against cross-site scripting (CWE-80), and 88 percent were vulnerable to log injection attacks (CWE-117).\n“Our research shows models are getting better at coding accurately but are not improving at security. We also found larger models do not perform significantly better than smaller models, suggesting this is a systemic issue rather than an LLM scaling problem,” Wessling said.\nSecuring the AI-driven software pipeline While GenAI development practices like vibe coding accelerate productivity, they also amplify risks. Researchers emphasize that organizations need a risk management program that prevents vulnerabilities before they reach production—by integrating code quality checks and automated fixes directly into the development workflow.\nAs organizations increasingly leverage AI-powered development , Veracode recommends taking the following proactive measures to ensure security:\nIntegrate AI-powered tools into developer workflows to remediate security risks in real time. Leverage static analysis to detect flaws early and automatically, preventing vulnerable code from advancing through development pipelines. Embed security in agentic workflows to automate policy compliance and ensure AI agents enforce secure coding standards. Use Software Composition Analysis (SCA) to ensure AI-generated code does not introduce vulnerabilities from third-party dependencies and open-source components. Adopt AI-driven remediation guidance to empower developers with fix instructions and train them to use the recommendations. Deploy a firewall to automatically detect and block malicious packages, vulnerabilities, and policy violations.",
    "highlightText": "",
    "highlightTitle": "",
    "highlightThreadTitle": "",
    "language": "english",
    "sentiment": "negative",
    "categories": [
        "Science and Technology",
        "Economy, Business and Finance",
        "Social Issue"
    ],
    "topics": [
        "Science and Technology->scientific innovation",
        "Science and Technology->information technology and computer science",
        "Science and Technology->technology and engineering",
        "Economy, Business and Finance->financial and economic news",
        "Economy, Business and Finance->computing and information technology",
        "Economy, Business and Finance->business governance",
        "Social Issue->social networking",
        "Social Issue->social problem"
    ],
    "ai_allow": true,
    "has_canonical": false,
    "breaking": true,
    "webz_reporter": false,
    "external_links": [
        "https://www.linkedin.com/in/jenswessling/",
        "https://owasp.org/www-project-top-ten/",
        "https://owasp.org/www-project-top-ten",
        "https://www.linkedin.com/in/jenswessling",
        "https://www.owasp.org/www-project-top-ten/",
        "https://linkedin.com/in/jenswessling/"
    ],
    "external_images": [],
    "internal_images": [],
    "entities": {
        "persons": [
            {
                "name": "Jens Wessling",
                "sentiment": "none"
            }
        ],
        "locations": [],
        "organizations": [
            {
                "name": "CTO",
                "sentiment": "none",
                "tickers": [
                    {
                        "ticker": null,
                        "exchange": null
                    }
                ]
            }
        ]
    },
    "syndication": {
        "syndicated": false,
        "syndicate_id": null,
        "first_syndicated": false
    },
    "trust": {
        "categories": [],
        "top_news": [],
        "bias": null,
        "source": {
            "type": null,
            "city": null,
            "state": null,
            "country": null,
            "domain_type": null,
            "agency": null,
            "organization_name": null
        }
    },
    "rating": null,
    "crawled": "2025-08-07T07:33:03.895+03:00",
    "updated": "2025-08-07T07:50:32.450+03:00"
}