{
    "thread": {
        "uuid": "1aebb2d1612aba99042ef959e5ab962acbe77111",
        "url": "https://www.lokmattimes.com/business/gold-silver-prices-ease-on-mcx-amid-profit-booking-at-record-highs/",
        "site_full": "www.lokmattimes.com",
        "site": "lokmattimes.com",
        "site_section": "https://lokmattimes.com/latest-news",
        "site_categories": [],
        "section_title": "Latest News Headlines - Get Today's Breaking News Updates & Information related to India, World, Politics, Sports, Cricket, Business, Entertainment & Technology at Lokmat Times",
        "site_title": "Latest News, Today's Breaking News, Top Headlines related to India, World, Maharashtra, Business, Sports, & Entertainment at Lokmat Times",
        "title": "Gold, Silver prices ease on MCX amid profit booking at record highs",
        "title_full": "Gold, Silver prices ease on MCX amid profit booking at record highs",
        "published": "2025-10-09T08:01:10.190+03:00",
        "replies_count": 0,
        "participants_count": 1,
        "site_type": "news",
        "country": "IN",
        "main_image": "https://d3pc1xvrcw35tl.cloudfront.net/ln/feedImages/1200x900/202510093534616_202510.jpg",
        "performance_score": 0,
        "domain_rank": 98936,
        "domain_rank_updated": "2025-10-06T00:00:00.000+03:00",
        "licensing_agency": [],
        "social": {
            "facebook": {
                "likes": 0,
                "comments": 0,
                "shares": 0
            },
            "vk": {
                "shares": 0
            }
        }
    },
    "uuid": "1aebb2d1612aba99042ef959e5ab962acbe77111",
    "url": "https://www.lokmattimes.com/business/gold-silver-prices-ease-on-mcx-amid-profit-booking-at-record-highs/",
    "ord_in_thread": 0,
    "author": "/author/ians/",
    "published": "2025-10-09T08:01:10.190+03:00",
    "title": "Gold, Silver prices ease on MCX amid profit booking at record highs",
    "text": "Gold, Silver prices ease on MCX amid profit booking at record highs\nBy IANS | Updated: October 9, 2025 10:00 IST2025-10-09T09:56:53+5:302025-10-09T10:00:11+5:30\nMumbai, Oct 9 Gold and silver prices fell in early trade on Thursday, on the Multi Commodity Exchange ...\nMumbai, Oct 9 Gold and silver prices fell in early trade on Thursday, on the Multi Commodity Exchange (MCX), as investors booked profits after both metals hit record highs in the previous session.\nAt around 9:15 am, MCX Gold December futures were down 0.34 per cent at Rs 1,22,789 per 10 grams, while MCX Silver December futures slipped 0.75 per cent to Rs 1,48,738 per kg.\nIn Wednesday’s session, gold futures for December delivery had touched an all-time high of Rs 1,23,450 per 10 grams, and silver had hit a fresh peak of Rs 1,50,282 per kg.\nGold prices have seen a sharp rally this year, with domestic spot prices jumping more than 50 per cent so far.\nThe surge has been driven by global political and economic uncertainties, expectations of interest rate cuts by the US Federal Reserve, a weaker US dollar, strong central bank buying, and robust inflows into gold exchange-traded funds (ETFs).\nExperts believe that despite some short-term volatility and profit booking, gold prices will continue to rise in the coming months.\nThey expect gold to surpass Rs 1,25,000 per 10 grams by the end of 2025, supported by rate cut hopes and concerns related to US trade tariffs.\n“\n“Gold broke above $4,000 per ounce -- up 53 per cent year-over-year -- as investors sought safe havens amid the government shutdown and policy uncertainty,” analysts added.\nThe Dollar Index rallied to 98.90 due to political instability in France and Japan, which pressured commodities.\nOil fell 0.67 per cent to $62.13 per barrel as Trump announced progress on the ceasefire and inventories exceeded expectations, easing geopolitical risk premiums, as per the experts.\nDisclaimer: This post has been auto-published from an agency feed without any modifications to the text and has not been reviewed by an editor\nOpen in app",
    "highlightText": "",
    "highlightTitle": "",
    "highlightThreadTitle": "",
    "language": "english",
    "sentiment": "negative",
    "categories": [
        "Economy, Business and Finance"
    ],
    "topics": [
        "Economy, Business and Finance->commodity market",
        "Economy, Business and Finance->market and exchange"
    ],
    "ai_allow": true,
    "has_canonical": false,
    "breaking": false,
    "webz_reporter": false,
    "external_links": [],
    "external_images": [],
    "internal_images": [],
    "entities": {
        "persons": [],
        "locations": [],
        "organizations": []
    },
    "syndication": {
        "syndicated": false,
        "syndicate_id": "1aebb2d1612aba99042ef959e5ab962acbe77111",
        "first_syndicated": true
    },
    "trust": {
        "categories": [],
        "top_news": [],
        "bias": null,
        "source": {
            "type": null,
            "city": null,
            "state": null,
            "country": null,
            "domain_type": null,
            "agency": null,
            "organization_name": null
        }
    },
    "rating": null,
    "crawled": "2025-10-09T08:01:10.190+03:00",
    "updated": "2025-10-09T08:10:07.000+03:00"
}