{
    "thread": {
        "uuid": "5efa4db9347138070a41bc605591c23088831716",
        "url": "https://www.marketsmojo.com/news/stock-recommendation/spenta-international-stock-downgraded-to-strong-sell-amid-declining-performance-3606266",
        "site_full": "www.marketsmojo.com",
        "site": "marketsmojo.com",
        "site_section": "https://www.marketsmojo.com/news",
        "site_categories": [],
        "section_title": "Stay Informed with MarketsMojo News: Stock Market Insights, Portfolio Tracking, Alerts, and Expert Analyses  ",
        "site_title": "MarketsMojo Research, Handpicked Mojo Stocks &amp; Portfolio Tracking",
        "title": "Spenta International Faces Evaluation Shift Amid Declining Sales and Debt Concerns",
        "title_full": "Spenta International Faces Evaluation Shift Amid Declining Sales and Debt Concerns",
        "published": "2025-10-09T07:49:27.075+03:00",
        "replies_count": 0,
        "participants_count": 1,
        "site_type": "news",
        "country": "IN",
        "main_image": "https://i.marketsmojo.com/newsarticle/not-loggedin-user3.png",
        "performance_score": 0,
        "domain_rank": 66172,
        "domain_rank_updated": "2025-10-06T00:00:00.000+03:00",
        "licensing_agency": [],
        "social": {
            "facebook": {
                "likes": 0,
                "comments": 0,
                "shares": 0
            },
            "vk": {
                "shares": 0
            }
        }
    },
    "uuid": "5efa4db9347138070a41bc605591c23088831716",
    "url": "https://www.marketsmojo.com/news/stock-recommendation/spenta-international-stock-downgraded-to-strong-sell-amid-declining-performance-3606266",
    "ord_in_thread": 0,
    "author": "@Marketsmojo",
    "published": "2025-10-09T07:49:27.075+03:00",
    "title": "Spenta International Faces Evaluation Shift Amid Declining Sales and Debt Concerns",
    "text": "Spenta International Faces Evaluation Shift Amid Declining Sales and Debt Concerns\nSpenta International, a microcap in the Garments & Apparels sector, has recently adjusted its evaluation due to changing technical trends. The company reported net sales of Rs 10.02 crore for the quarter, reflecting a decline, while its long-term growth rates in sales and operating profit remain modest.\nSpenta International, a microcap player in the Garments & Apparels industry, has recently undergone an adjustment in evaluation, reflecting a revision in its score. This change is attributed to a shift in technical trends, which have transitioned from a mildly bearish stance to a bearish outlook. In terms of key financial metrics,\nSpenta Internationalreported a net sales figure of Rs 10.02 crore for the quarter, indicating a decline of 15.9% compared to the previous four-quarter average. Over the last five years, the company has experienced a modest annual growth rate in net sales of 12.36%, while operating profit has grown at a rate of 19.33%. However, the company's ability to service its debt appears to be constrained, as evidenced by an average EBIT to interest ratio of 1.21.\nDespite a challenging performance landscape, Spenta International's valuation remains attractive, with a return on capital employed (ROCE) of 5.03%. The stock is currently trading at a discount relative to its peers' historical valuations.\nFor those interested in further insights, you can\nDiscover the Latest Mojo Score and Financial Trend Performance - SignUp in less than 2 Minutes and get FREE Premium Access.\n{{stockdata.stock.price.value}} {{stockdata.stock.price_difference.value}} ({{stockdata.stock.price_percentage.value}}%)\n{{stockdata.stock.date.value}} | BSE+NSE Vol: {{stockdata.index_name}} Vol: {{stockdata.stock.bse_nse_vol.value}} ({{stockdata.stock.bse_nse_vol_per.value}}%)\nRelated Stock Links\n{{stockdata.stock.stock_name.value}} Analysis}}){{stockdata.stock.stock_name.value}} Technicals}}){{stockdata.stock.stock_name.value}} Quality}}){{stockdata.stock.stock_name.value}} Valuation}}){{stockdata.stock.stock_name.value}} Financial Trend}}){{stockdata.stock.stock_name.value}} Return Analysis}}){{stockdata.stock.stock_name.value}} Price Analysis}}){{stockdata.stock.stock_name.value}} Quarterly Result Analysis}}){{stockdata.stock.stock_name.value}} Half-Yearly Result Analysis}}){{stockdata.stock.stock_name.value}} Nine Monthly Result Analysis}}){{stockdata.stock.stock_name.value}} Annual Results}}){{stockdata.stock.stock_name.value}} Balance Sheet}}){{stockdata.stock.stock_name.value}} Profit & Loss}}){{stockdata.stock.stock_name.value}} Cash Flow}}){{stockdata.stock.stock_name.value}} News}}){{stockdata.stock.stock_name.value}} Announcements}}){{stockdata.stock.stock_name.value}} Share Holding}}){{stockdata.stock.stock_name.value}} Peer Comparison}})\nOur weekly and monthly stock recommendations are here\nLoading...\nIndustry\n{{sm.old_ind_name }}\nMarket Cap\n{{sm.mcapsizerank }}\nDate of Entry\n{{sm.date }}\nTarget Price\n{{sm.target_price }}\n({{sm.performance_target }}%)\nHolding Duration\n{{sm.target_duration }}\nLast 1 Year Return\n{{sm.performance_1y}}%\n{{sm.comp_name}} price as on {{sm.todays_date}}\n₹{{sm.price_as_on}} ({{sm.performance}}%)\nIndustry\n{{sm.old_ind_name}}\nMarket Cap\n{{sm.mcapsizerank}}\nDate of Entry\n{{sm.date}}\nEntry Price\n{{sm.opening_price}}\nLast 1 Year Return\n{{sm.performance_1y}}%\nRelated News\nMost Read",
    "highlightText": "",
    "highlightTitle": "",
    "highlightThreadTitle": "",
    "language": "english",
    "sentiment": "negative",
    "categories": [
        "Economy, Business and Finance",
        "Social Issue"
    ],
    "topics": [
        "Economy, Business and Finance->business and market analysis",
        "Economy, Business and Finance->business restructuring",
        "Social Issue->social condition"
    ],
    "ai_allow": true,
    "has_canonical": false,
    "breaking": false,
    "webz_reporter": false,
    "external_links": [],
    "external_images": [],
    "internal_images": [],
    "entities": {
        "persons": [],
        "locations": [],
        "organizations": [
            {
                "name": "Spenta International",
                "sentiment": "none",
                "tickers": []
            }
        ]
    },
    "syndication": {
        "syndicated": false,
        "syndicate_id": null,
        "first_syndicated": false
    },
    "trust": {
        "categories": [],
        "top_news": [],
        "bias": null,
        "source": {
            "type": null,
            "city": null,
            "state": null,
            "country": null,
            "domain_type": null,
            "agency": null,
            "organization_name": null
        }
    },
    "rating": null,
    "crawled": "2025-10-09T07:49:27.075+03:00",
    "updated": "2025-10-09T07:52:33.000+03:00"
}