{
    "thread": {
        "uuid": "54ad4751d7a4bbd1e4994265b80ef9f04f042da7",
        "url": "https://simplywall.st/stocks/za/telecom/jse-vod/vodacom-group-shares/news/an-insider-at-vodacom-group-lowered-their-holding-recently",
        "site_full": "simplywall.st",
        "site": "simplywall.st",
        "site_section": "https://news.google.com/search?q=their%20when%3A1h&hl=en-US&gl=US&ceid=US%3Aen",
        "site_categories": [
            "investing",
            "financial_news",
            "finance"
        ],
        "section_title": "Google News - Search",
        "site_title": "Free Portfolio Tracker, Stock Insights and Community - Simply Wall St",
        "title": "An Insider At Vodacom Group Lowered Their Holding Recently",
        "title_full": "An Insider At Vodacom Group Lowered Their Holding Recently",
        "published": "2025-10-09T07:15:00.000+03:00",
        "replies_count": 0,
        "participants_count": 1,
        "site_type": "news",
        "country": "US",
        "main_image": "https://images.simplywall.st/asset/industry/9031000-choice1-main-header/1585186715767",
        "performance_score": 0,
        "domain_rank": 33449,
        "domain_rank_updated": "2025-10-06T00:00:00.000+03:00",
        "licensing_agency": [],
        "social": {
            "facebook": {
                "likes": 0,
                "comments": 0,
                "shares": 0
            },
            "vk": {
                "shares": 0
            }
        }
    },
    "uuid": "54ad4751d7a4bbd1e4994265b80ef9f04f042da7",
    "url": "https://simplywall.st/stocks/za/telecom/jse-vod/vodacom-group-shares/news/an-insider-at-vodacom-group-lowered-their-holding-recently",
    "ord_in_thread": 0,
    "author": "Simply Wall St",
    "published": "2025-10-09T07:15:00.000+03:00",
    "title": "An Insider At Vodacom Group Lowered Their Holding Recently",
    "text": "Insiders were net sellers of Vodacom Group Limited's (JSE:VOD ) stock during the past year. That is, insiders sold more stock than they bought.\nAlthough we don't think shareholders should simply follow insider transactions, we do think it is perfectly logical to keep tabs on what insiders are doing.\nThe Last 12 Months Of Insider Transactions At Vodacom Group\nOver the last year, we can see that the biggest insider sale was by the CEO & Executive Director, Mohamed Shameel Joosub, for R20m worth of shares, at about R121 per share. So it's clear an insider wanted to take some cash off the table, even below the current price of R136. When an insider sells below the current price, it suggests that they considered that lower price to be fair. That makes us wonder what they think of the (higher) recent valuation. However, while insider selling is sometimes discouraging, it's only a weak signal. This single sale was just 9.3% of Mohamed Shameel Joosub's stake. The only individual insider seller over the last year was Mohamed Shameel Joosub.\nMohamed Shameel Joosub sold a total of 232.58k shares over the year at an average price of R125. You can see a visual depiction of insider transactions (by companies and individuals) over the last 12 months, below. By clicking on the graph below, you can see the precise details of each insider transaction!\n Check out our latest analysis for Vodacom Group\nIf you are like me, then you will not want to miss this free list of small cap stocks that are not only being bought by insiders but also have attractive valuations.\nDoes Vodacom Group Boast High Insider Ownership?\nFor a common shareholder, it is worth checking how many shares are held by company insiders. Usually, the higher the insider ownership, the more likely it is that insiders will be incentivised to build the company for the long term. Vodacom Group insiders own about R211m worth of shares. That equates to 0.08% of the company. We've certainly seen higher levels of insider ownership elsewhere, but these holdings are enough to suggest alignment between insiders and the other shareholders.\nWhat Might The Insider Transactions At Vodacom Group Tell Us?\nThe fact that there have been no Vodacom Group insider transactions recently certainly doesn't bother us. It's great to see high levels of insider ownership, but looking back over the last year, we don't gain confidence from the Vodacom Group insiders selling. In addition to knowing about insider transactions going on, it's beneficial to identify the risks facing Vodacom Group. Every company has risks, and we've spotted 1 warning sign for Vodacom Group you should know about.\nBut note: Vodacom Group may not be the best stock to buy. So take a peek at this free list of interesting companies with high ROE and low debt.\nFor the purposes of this article, insiders are those individuals who report their transactions to the relevant regulatory body. We currently account for open market transactions and private dispositions of direct interests only, but not derivative transactions or indirect interests.\nNew: Manage All Your Stock Portfolios in One Place\nWe've created the ultimate portfolio companion for stock investors, and it's free.\n• Connect an unlimited number of Portfolios and see your total in one currency\n• Be alerted to new Warning Signs or Risks via email or mobile\n• Track the Fair Value of your stocks\nTry a Demo Portfolio for Free\nHave feedback on this article? Concerned about the content? Get in touch with us directly. Alternatively, email editorial-team (at) simplywallst.com.\nThis article by Simply Wall St is general in nature. We provide commentary based on historical data and analyst forecasts only using an unbiased methodology and our articles are not intended to be financial advice. It does not constitute a recommendation to buy or sell any stock, and does not take account of your objectives, or your financial situation. We aim to bring you long-term focused analysis driven by fundamental data. Note that our analysis may not factor in the latest price-sensitive company announcements or qualitative material. Simply Wall St has no position in any stocks mentioned.\nAbout JSE:VOD\nUndervalued with adequate balance sheet.\nSimilar Companies\nCommunity Narratives\nA formidable player in AI and enterprise computing.\nCOCommunity Contributor\nIREN's Bold Moves in Sustainable Bitcoin Mining & AI Data Centers\nBLCommunity Contributor\nCooling the Champions: The Aussie Tech Behind F1's Victories\nTRCommunity Contributor",
    "highlightText": "",
    "highlightTitle": "",
    "highlightThreadTitle": "",
    "language": "english",
    "sentiment": "negative",
    "categories": [
        "Economy, Business and Finance"
    ],
    "topics": [
        "Economy, Business and Finance->corporate news and profiles",
        "Economy, Business and Finance->business and market analysis"
    ],
    "ai_allow": true,
    "has_canonical": false,
    "breaking": true,
    "webz_reporter": false,
    "external_links": [
        "https://investor-research.typeform.com/to/wvg6MFri#feedback_token=NDExMzk0Mjo5YTRmMWJkZDQ1ZjMzZWU1&company=Vodacom Group&blueprintid=4113942",
        "https://www.investor-research.typeform.com/to/wvg6MFri#feedback_token=NDExMzk0Mjo5YTRmMWJkZDQ1ZjMzZWU1&company=Vodacom Group&blueprintid=4113942"
    ],
    "external_images": [],
    "internal_images": [],
    "entities": {
        "persons": [
            {
                "name": "Mohamed Shameel Joosub",
                "sentiment": "none"
            }
        ],
        "locations": [],
        "organizations": [
            {
                "name": "Vodacom Group Limited",
                "sentiment": "negative",
                "tickers": []
            }
        ]
    },
    "syndication": {
        "syndicated": false,
        "syndicate_id": null,
        "first_syndicated": false
    },
    "trust": {
        "categories": [],
        "top_news": [],
        "bias": null,
        "source": {
            "type": null,
            "city": null,
            "state": null,
            "country": null,
            "domain_type": null,
            "agency": null,
            "organization_name": null
        }
    },
    "rating": null,
    "crawled": "2025-10-09T07:51:25.507+03:00",
    "updated": "2025-10-09T08:05:31.000+03:00"
}