{
    "thread": {
        "uuid": "a020836d7112d19574eb67f33b1c538ee2ecdf19",
        "url": "https://www.fox10phoenix.com/video/1721297",
        "site_full": "www.fox10phoenix.com",
        "site": "fox10phoenix.com",
        "site_section": "https://www.fox10phoenix.com/tag/us/az/coconino-county/flagstaff",
        "site_categories": [
            "media",
            "health",
            "cold_and_flu"
        ],
        "section_title": "Flagstaff | FOX 10 Phoenix",
        "site_title": "FOX 10 Phoenix | Local News, Weather, and Live Streams | KSAZ-TV",
        "title": "Tolleson superintendent addresses allegations of financial mismanagement, student safety issues | FOX 10 Phoenix",
        "title_full": "Tolleson superintendent addresses allegations of financial mismanagement, student safety issues | FOX 10 Phoenix",
        "published": "2025-10-09T00:20:00.000+03:00",
        "replies_count": 0,
        "participants_count": 1,
        "site_type": "news",
        "country": "US",
        "main_image": "https://images.foxtv.com/c107833-mcdn.mp.lura.live/expiretime=2082787200/073efe6d49a70d31e16bf0ae0c2e93fe9a0cce192602aa3698a9318a6f3859c0/iupl/10C/900/1280/720/10C90032E98A0A682DAD8F4B9F5C646D.jpg?ve=1&amp;tl=1",
        "performance_score": 0,
        "domain_rank": 29368,
        "domain_rank_updated": "2025-10-06T00:00:00.000+03:00",
        "licensing_agency": [],
        "social": {
            "facebook": {
                "likes": 0,
                "comments": 0,
                "shares": 0
            },
            "vk": {
                "shares": 0
            }
        }
    },
    "uuid": "a020836d7112d19574eb67f33b1c538ee2ecdf19",
    "url": "https://www.fox10phoenix.com/video/1721297",
    "ord_in_thread": 0,
    "author": "@FOX10Phoenix",
    "published": "2025-10-09T00:20:00.000+03:00",
    "title": "Tolleson superintendent addresses allegations of financial mismanagement, student safety issues | FOX 10 Phoenix",
    "text": "Tolleson superintendent addresses allegations of financial mismanagement, student safety issues\nSuperintendent Jeremy Calles addressed the allegations made by a former principal, including an alleged failure to report a teacher's inappropriate conduct and questionable decisions about student safety. FOX 10's Nicole Krasean reports.",
    "highlightText": "",
    "highlightTitle": "",
    "highlightThreadTitle": "",
    "language": "english",
    "sentiment": "negative",
    "categories": [
        "Economy, Business and Finance",
        "Social Issue",
        "Politics"
    ],
    "topics": [
        "Economy, Business and Finance->business reporting and performance",
        "Economy, Business and Finance->business governance",
        "Social Issue->social problem",
        "Politics->education policy",
        "Politics->safety of citizens",
        "Politics->government policy"
    ],
    "ai_allow": true,
    "has_canonical": false,
    "breaking": null,
    "webz_reporter": false,
    "external_links": [],
    "external_images": [],
    "internal_images": [],
    "entities": {
        "persons": [
            {
                "name": "Nicole Krasean",
                "sentiment": "none"
            },
            {
                "name": "Jeremy Calles",
                "sentiment": "none"
            }
        ],
        "locations": [],
        "organizations": []
    },
    "syndication": {
        "syndicated": false,
        "syndicate_id": null,
        "first_syndicated": false
    },
    "trust": {
        "categories": [
            "trusted_news"
        ],
        "top_news": [],
        "bias": "center",
        "source": {
            "type": "local_news",
            "city": [
                "Flagstaff",
                "Fort Valley",
                "Mountainaire"
            ],
            "state": [
                "Arizona"
            ],
            "country": [
                "US"
            ],
            "domain_type": null,
            "agency": null,
            "organization_name": null
        }
    },
    "rating": null,
    "crawled": "2025-10-09T08:01:53.760+03:00",
    "updated": "2025-10-09T08:05:35.000+03:00"
}