{
    "thread": {
        "uuid": "a3c8963e91b60c50b3de5a4059375278c24a0d80",
        "url": "https://www.bbc.com/news/articles/c62nyrqq71qo",
        "site_full": "www.bbc.com",
        "site": "bbc.com",
        "site_section": "https://news.google.com/search?q=in%20when%3A1h&hl=en-US&gl=US&ceid=US%3Aen",
        "site_categories": [
            "media",
            "top_news_ar",
            "top_news_cz",
            "top_news_nz",
            "top_news_au",
            "top_news_jp",
            "top_news_ae",
            "top_news_ua",
            "top_news_tr",
            "top_news_us",
            "top_news_at",
            "top_news_tw",
            "top_news_pt",
            "top_news_pl",
            "top_news_gb",
            "top_news_th",
            "top_news_kr",
            "top_news_sa",
            "top_news_co",
            "top_news_vn",
            "top_news_hu",
            "top_news_sg",
            "top_news_ph",
            "top_news_rs",
            "top_news_bg",
            "top_news_br",
            "top_news_hk",
            "top_news_nl",
            "top_news_qa",
            "top_news_hr",
            "top_news_ie",
            "top_news_ro",
            "top_news_pk",
            "top_news_se",
            "top_news_id",
            "top_news_dk",
            "top_news_de",
            "top_news_eg",
            "top_news_it",
            "top_news_pe",
            "top_news_sk",
            "top_news_ch",
            "top_news_za",
            "top_news_ma",
            "top_news_my",
            "top_news_il",
            "top_news_kw",
            "top_news_in",
            "top_news_fr",
            "top_news_ve",
            "top_news_fi",
            "top_news_be",
            "top_news_mx",
            "top_news_no",
            "top_news_ca",
            "top_news_cl",
            "top_news_iq",
            "top_news_gr",
            "top_news_es",
            "top_news"
        ],
        "section_title": "Google News - Search",
        "site_title": "BBC Home - Breaking News, World News, US News, Sports, Business, Innovation, Climate, Culture, Travel, Video &amp; Audio",
        "title": "Cumbria bridge repair costs rise as hundreds in poor condition",
        "title_full": "Cumbria bridge repair costs rise as hundreds in poor condition",
        "published": "2025-10-09T08:08:00.000+03:00",
        "replies_count": 0,
        "participants_count": 1,
        "site_type": "news",
        "country": "US",
        "main_image": "https://ichef.bbci.co.uk/news/1024/branded_news/f3b3/live/c0ba4390-a465-11f0-8c79-29eeaf2ea52d.jpg",
        "performance_score": 0,
        "domain_rank": 213,
        "domain_rank_updated": "2025-10-06T00:00:00.000+03:00",
        "licensing_agency": [
            "NLA"
        ],
        "social": {
            "facebook": {
                "likes": 0,
                "comments": 0,
                "shares": 0
            },
            "vk": {
                "shares": 0
            }
        }
    },
    "uuid": "a3c8963e91b60c50b3de5a4059375278c24a0d80",
    "url": "https://www.bbc.com/news/articles/c62nyrqq71qo",
    "ord_in_thread": 0,
    "author": "Bob Cooper",
    "published": "2025-10-09T08:08:00.000+03:00",
    "title": "Cumbria bridge repair costs rise as hundreds in poor condition",
    "text": "Bridge repair costs rise as hundreds in poor state\nThe cost of repairing council-maintained bridges in Cumbria is expected to exceed £6m this financial year, compared to less than £4m in each of the two previous years.\nKarl Melville, assistant director for highways and transport at Cumberland Council, said inflation and the changing climate were factors.\nHe said the Labour-led council was investing more money because hundreds of bridges were in poor condition.\nLiberal Democrat-led Westmorland and Furness Council said its figure for the current financial year was still a forecast and could turn out to be lower, as it had in previous years.\nIn Freedom of Information data, Cumberland said it expected to spend £4.2m in 2025-26, while Westmorland and Furness had a forecast spend of £1.8m.\nCumberland Council said 326 of its bridges were in poor condition, while a further 38 were very poor - adding up to nearly half of the bridges it maintains.\nOnly 46 of Westmorland and Furness Council's bridges were rated poor.\nMr Melville said the climate was a factor in the state of many bridges.\n\"Bridges are sitting in water for longer, because of the long, wet spells that we have,\" he said.\nHe said the cost of materials and labour had risen and that the increase in budget was \"in recognition of the feedback we've had from our inspections\".\nWestmorland and Furness Council also said costs had risen, but added the budget for the current year was just a prediction and represented the work the council \"aspired\" to do.\nA spokesperson said: \"This figure may change due to the complex nature of many of the projects. Just as in previous years, the final figure may end up being lower.\"",
    "highlightText": "",
    "highlightTitle": "",
    "highlightThreadTitle": "",
    "language": "english",
    "sentiment": "negative",
    "categories": [
        "Economy, Business and Finance"
    ],
    "topics": [
        "Economy, Business and Finance->construction and property"
    ],
    "ai_allow": false,
    "has_canonical": false,
    "breaking": true,
    "webz_reporter": false,
    "external_links": [],
    "external_images": [],
    "internal_images": [],
    "entities": {
        "persons": [
            {
                "name": "Karl Melville",
                "sentiment": "none"
            },
            {
                "name": "Furness",
                "sentiment": "none"
            }
        ],
        "locations": [],
        "organizations": [
            {
                "name": "Cumberland Council",
                "sentiment": "none",
                "tickers": [
                    {
                        "ticker": null,
                        "exchange": null
                    }
                ]
            },
            {
                "name": "Furness Council",
                "sentiment": "none",
                "tickers": [
                    {
                        "ticker": null,
                        "exchange": null
                    }
                ]
            }
        ]
    },
    "syndication": {
        "syndicated": false,
        "syndicate_id": "a3c8963e91b60c50b3de5a4059375278c24a0d80",
        "first_syndicated": true
    },
    "trust": {
        "categories": [
            "trusted_news"
        ],
        "top_news": [
            "top_news_ar",
            "top_news_cz",
            "top_news_nz",
            "top_news_au",
            "top_news_jp",
            "top_news_ae",
            "top_news_ua",
            "top_news_tr",
            "top_news_us",
            "top_news_at",
            "top_news_tw",
            "top_news_pt",
            "top_news_pl",
            "top_news_gb",
            "top_news_th",
            "top_news_kr",
            "top_news_sa",
            "top_news_co",
            "top_news_vn",
            "top_news_hu",
            "top_news_sg",
            "top_news_ph",
            "top_news_rs",
            "top_news_bg",
            "top_news_br",
            "top_news_hk",
            "top_news_nl",
            "top_news_qa",
            "top_news_hr",
            "top_news_ie",
            "top_news_ro",
            "top_news_pk",
            "top_news_se",
            "top_news_id",
            "top_news_dk",
            "top_news_de",
            "top_news_eg",
            "top_news_it",
            "top_news_pe",
            "top_news_sk",
            "top_news_ch",
            "top_news_za",
            "top_news_ma",
            "top_news_my",
            "top_news_il",
            "top_news_kw",
            "top_news_in",
            "top_news_fr",
            "top_news_ve",
            "top_news_fi",
            "top_news_be",
            "top_news_mx",
            "top_news_no",
            "top_news_ca",
            "top_news_cl",
            "top_news_iq",
            "top_news_gr",
            "top_news_es",
            "top_news"
        ],
        "bias": "center",
        "source": {
            "type": null,
            "city": null,
            "state": null,
            "country": null,
            "domain_type": null,
            "agency": null,
            "organization_name": null
        }
    },
    "rating": null,
    "crawled": "2025-10-09T08:39:57.753+03:00",
    "updated": "2025-10-09T08:44:40.000+03:00"
}