{
    "thread": {
        "uuid": "17b35afd01111fa70662fc60fcc5d03b2636e780",
        "url": "https://www.macon.com/e-edition/livefeed-news/article312402507.html",
        "site_full": "www.macon.com",
        "site": "macon.com",
        "site_section": "https://feeds.mcclatchy.com/macon/stories",
        "site_categories": [
            "media"
        ],
        "section_title": "Homepage",
        "site_title": "Macon Breaking News &amp; Crime | Macon Telegraph",
        "title": "How gov shutdown affects $531 million in Helene agriculture relief for GA farmers",
        "title_full": "How gov shutdown affects $531 million in Helene agriculture relief for GA farmers",
        "published": "2025-10-07T12:00:00.000+03:00",
        "replies_count": 0,
        "participants_count": 1,
        "site_type": "news",
        "country": "US",
        "main_image": "https://www.ledger-enquirer.com/public/latest-news/a258hz/picture293726269/alternates/LANDSCAPE_1140/Barren%20Trees",
        "performance_score": 0,
        "domain_rank": 56703,
        "domain_rank_updated": "2025-10-06T00:00:00.000+03:00",
        "licensing_agency": [],
        "social": {
            "facebook": {
                "likes": 0,
                "comments": 0,
                "shares": 0
            },
            "vk": {
                "shares": 0
            }
        }
    },
    "uuid": "17b35afd01111fa70662fc60fcc5d03b2636e780",
    "url": "https://www.macon.com/e-edition/livefeed-news/article312402507.html",
    "ord_in_thread": 0,
    "author": "Kala Hunter",
    "published": "2025-10-07T12:00:00.000+03:00",
    "title": "How gov shutdown affects $531 million in Helene agriculture relief for GA farmers",
    "text": "Edition: Daily\nHow gov shutdown affects $531 million in Helene agriculture relief for GA farmers\n[Key Takeaways]\nAI-generated summary reviewed by our newsroom.\n- USDA approved $531,236,000 in Helene relief for Georgia farmers; disbursement paused.\n- Block grant ties to American Relief Act allocate funds after four months of talks.\n- Shutdown halts USDA operations; GDA readies reviews to approve farmer claims.\nGeorgia farmers lost generations’ worth of crops and timber in a matter of hours last year from Hurricane Helene. Last Tuesday, they got the news the U.S. Department of Agriculture and Georgia agreed on a $531 million grant of federal relief. But the next day, momentum on a signed agreement that would eventually put money in farmers’ bank accounts was paused by the federal government’s shutdown.\n“(The $531 million) will provide some much-needed assistance,” Buck Paulk, owner of Shiloh Pecan Farms just north of Valdosta, told the Ledger-Enquirer.\nHurricane Helene’s eye passed through Paulk’s 4,000-acre pecan farm with wind speeds over 111 mph, ripping 20-30-year-old pecan trees from the ground. He lost 60% of his pecan crop. He said his immediate loss totaled $4.8 million from the cost of cleanup, replanting, field and irrigation repairs, as well as income for years to come.\nThe funding announcement is meant to help farmers like Paulk, but it comes four months after Secretary of Agriculture Brooke Rollins told the U.S. Senate Appropriations Subcommittee on Agriculture and Sen. Jon Ossoff (D-Ga.) that funds would come “soon … by the end of the month.”\nThe federal funds come in the form of a block grant authorized by the American Relief Act and initiated 82 days after the storm swept through in 2024. The funds total $30 billion, with $10 billion allocated for agriculture. Some of that has been distributed in tranches throughout the year to other states affected by extreme weather events.\nHow the feds and state decide on funding amounts per farmer\nAfter applying for the grant, and if they are approved, farmers will get a percentage of the total loss and damage they sustained, according to Matthew Agvent, communications director for Georgia Department of Agriculture.\nThe University of Georgia Extension estimated damage to agriculture and timber is $5.5 billion for the state of Georgia from Hurricane Helene.\nAgvent said the $531 million took four months of negotiation between Georgia Department of Agriculture and the USDA because they had to build multiple “brand-new disaster aid programs” to cover commodity crops that are not “traditionally covered by the USDA.”\nThat means someone like TJ Moore of the 4,000-acre Moore Farms near Waycross, who grows a variety of crops like squash, cucumber, bell pepper, eggplants, tomatoes and watermelons, should be reimbursed.\nMoore told the Ledger-Enquirer via text last week he hasn’t received any of the funding since the storm a year ago and is living on borrowed money.\n“I hope I actually get something,” he wrote.\nThe block grant negotiations started the last week of May, according to Agvent, shortly after Rollins talked with the Senate.\nAgvent said his team had to “justify every dollar they asked for . . . invest(ing) hundreds and hundreds of hours into this process.”\nUGA Extension helps quantify Georgia farm losses from Helene\nHe added that the GDA had to work with the UGA Extension and USDA to identify farms and quantify multiple loss types across dozens of commodities.\nGeorgia Agriculture Commissioner Tyler Harper said he was proud to provide the “essential” funding of $531,236,000 across Georgia and thanked Rollins for her urgency.\nMany have vented on Facebook about how long this has taken.\nAgvent noted the USDA averaged 13 months in agriculture distribution during the Biden Administration. Hurricane Michael took 18 months to reach a block grant agreement and to begin disbursing funds.\nWhat happens to Helene relief for Georgia farmers after shutdown ends\nThe final agreement has technically not been signed yet. But after it is signed and the shutdown ends, Agvent said, GDA has a team of professionals on standby, ready to begin reviewing and approving applications to make the process as “efficient and effective as possible.”\nThe USDA is unavailable during the government shutdown and could not answer questions about why they started negotiations in May rather than earlier in the year, after the new administration came into office, 120 days after Hurricane Helene tore through the Peach State.\n“I’m concerned this agreement has taken so long and is still not finalized,” Sen. Raphael Warnock (D-Ga.) said in a news release. “Georgia farmers and foresters can’t wait any longer for relief.”\nThe USDA blames the “Radical Left Democrat” shutdown atop the press release page on its website for the news about the funding agreement.\nThis story was originally published October 7, 2025 at 5:00 AM.",
    "highlightText": "",
    "highlightTitle": "",
    "highlightThreadTitle": "",
    "language": "english",
    "sentiment": "negative",
    "categories": [
        "Economy, Business and Finance",
        "Politics",
        "Social Issue"
    ],
    "topics": [
        "Economy, Business and Finance->agriculture",
        "Economy, Business and Finance->financial and economic news",
        "Politics->government budget",
        "Politics->economic policy",
        "Politics->government",
        "Social Issue->mankind"
    ],
    "ai_allow": true,
    "has_canonical": true,
    "breaking": null,
    "webz_reporter": false,
    "external_links": [
        "https://moorefarmsmanor.com/about/",
        "https://www.usda.gov/about-usda/news/press-releases/2025/04/22/usda-delivers-immediate-relief-farmers-ranchers-and-rural-communities-impacted-recent-disasters",
        "https://amp.ledger-enquirer.com/news/environment/article305893966.html",
        "https://www.shilohfarms.com/pecan-halves/",
        "https://extension.uga.edu/topic-areas/timely-topics/helene-report.html",
        "https://www.usda.gov/about-usda/news/press-releases",
        "https://www.agr.georgia.gov/pr/state-georgia-and-usda-agree-531236000-federal-relief-hurricane-helene-block-grant-program",
        "https://www.ossoff.senate.gov/press-releases/sen-ossoff-passes-agricultural-disaster-relief-for-georgia-farmers-after-hurricane-helene/",
        "https://www.facebook.com/share/p/19omFcraGV/",
        "https://usda.gov/about-usda/news/press-releases/2025/04/22/usda-delivers-immediate-relief-farmers-ranchers-and-rural-communities-impacted-recent-disasters",
        "https://moorefarmsmanor.com/about",
        "https://usda.gov/about-usda/news/press-releases",
        "https://agr.georgia.gov/pr/state-georgia-and-usda-agree-531236000-federal-relief-hurricane-helene-block-grant-program",
        "https://www.shilohfarms.com/pecan-halves",
        "https://shilohfarms.com/pecan-halves/",
        "https://www.moorefarmsmanor.com/about/",
        "https://ossoff.senate.gov/press-releases/sen-ossoff-passes-agricultural-disaster-relief-for-georgia-farmers-after-hurricane-helene/",
        "https://www.extension.uga.edu/topic-areas/timely-topics/helene-report.html",
        "https://www.ossoff.senate.gov/press-releases/sen-ossoff-passes-agricultural-disaster-relief-for-georgia-farmers-after-hurricane-helene",
        "https://www.facebook.com/share/p/19omFcraGV",
        "https://facebook.com/share/p/19omFcraGV/",
        "https://www.amp.ledger-enquirer.com/news/environment/article305893966.html"
    ],
    "external_images": [],
    "internal_images": [],
    "entities": {
        "persons": [
            {
                "name": "Paulk",
                "sentiment": "none"
            }
        ],
        "locations": [],
        "organizations": [
            {
                "name": "Shiloh Pecan Farms",
                "sentiment": "none",
                "tickers": []
            },
            {
                "name": "USDA",
                "sentiment": "none",
                "tickers": [
                    {
                        "ticker": null,
                        "exchange": null
                    }
                ]
            }
        ]
    },
    "syndication": {
        "syndicated": false,
        "syndicate_id": null,
        "first_syndicated": false
    },
    "trust": {
        "categories": [
            "trusted_news"
        ],
        "top_news": [],
        "bias": "center",
        "source": {
            "type": "local_news",
            "city": [
                "Macon"
            ],
            "state": [
                "Georgia"
            ],
            "country": [
                "US"
            ],
            "domain_type": null,
            "agency": null,
            "organization_name": null
        }
    },
    "rating": null,
    "crawled": "2025-10-09T07:44:14.693+03:00",
    "updated": "2025-10-09T07:47:54.000+03:00"
}