{
    "thread": {
        "uuid": "c0351afed7111002a8f069df18a28847b66f0382",
        "url": "https://economictimes.indiatimes.com/news/international/us/gold-price-vs-us-dollar-6000-to-9000-where-will-gold-rate-go-is-donald-trump-responsible-for-gold-rush-over-slipping-usd/articleshow/124404865.cms",
        "site_full": "economictimes.indiatimes.com",
        "site": "indiatimes.com",
        "site_section": "https://economictimes.indiatimes.com/news",
        "site_categories": [
            "media",
            "top_news_nz",
            "top_news_au",
            "top_news_ae",
            "top_news_us",
            "top_news_gb",
            "top_news_th",
            "top_news_sa",
            "top_news_sg",
            "top_news_ph",
            "top_news_hk",
            "top_news_nl",
            "top_news_qa",
            "top_news_ie",
            "top_news_pk",
            "top_news_id",
            "top_news_dk",
            "top_news_eg",
            "top_news_za",
            "top_news_my",
            "top_news_kw",
            "top_news_be",
            "top_news_in",
            "top_news_ca",
            "top_news_iq",
            "top_news"
        ],
        "section_title": "News Live: Read Latest News, Headlines, Top News today, Breaking News Online | The Economic Times",
        "site_title": "Business News Live, Share Market News - Read Latest Finance News, IPO, Mutual Funds News",
        "title": "Gold price vs US Dollar: $6,000 to $9,000 - where will gold rate go up? Is Donald Trump responsible for gold rush over slipping USD? - The Economic Times",
        "title_full": "Gold price vs US Dollar: $6,000 to $9,000 - where will gold rate go up? Is Donald Trump responsible for gold rush over slipping USD? - The Economic Times",
        "published": "2025-10-09T07:43:00.000+03:00",
        "replies_count": 0,
        "participants_count": 1,
        "site_type": "news",
        "country": "IN",
        "main_image": "https://img.etimg.com/thumb/msid-124404929,width-1200,height-630,imgsize-202484,overlay-economictimes/articleshow.jpg",
        "performance_score": 0,
        "domain_rank": 498,
        "domain_rank_updated": "2025-10-06T00:00:00.000+03:00",
        "licensing_agency": [],
        "social": {
            "facebook": {
                "likes": 0,
                "comments": 0,
                "shares": 0
            },
            "vk": {
                "shares": 0
            }
        }
    },
    "uuid": "c0351afed7111002a8f069df18a28847b66f0382",
    "url": "https://economictimes.indiatimes.com/news/international/us/gold-price-vs-us-dollar-6000-to-9000-where-will-gold-rate-go-is-donald-trump-responsible-for-gold-rush-over-slipping-usd/articleshow/124404865.cms",
    "ord_in_thread": 0,
    "author": "-",
    "published": "2025-10-09T07:43:00.000+03:00",
    "title": "Gold price vs US Dollar: $6,000 to $9,000 - where will gold rate go up? Is Donald Trump responsible for gold rush over slipping USD? - The Economic Times",
    "text": "U.S. President Donald Trump's policies have eroded the dollar, fuelling a gold rush which has pushed prices to a record high above $4,000 an ounce this week, the president and CEO of Canada's Franco-Nevada said on Thursday. If gold prices have appreciated 9 per cent a year over the dollar, the rational target is to say that over five years, at the same rate, gold prices will hit $6,000 an ounce and over 10 years they will hit $9,000, bullion experts said. Gold surged past $4,000 per troy ounce for the first time on Wednesday and is up 54 per cent year-to-date.Tariffs, a growing structural deficit in the U.S. trade balance and the break down of trust in U.S. institutions have combined to speed de-dollarisation, Paul Brink told a business lunch in Melbourne.De-dollarisation refers to when countries reduce reliance on the dollar as a reserve currency and in financial transactions. A weaker dollar makes gold more affordable for buyers using other currencies. You couldn't have written a more perfect script if you wanted to, on how to undermine the U.S. dollar, said Brink, who runs the $41.3 billion dollar company that invests in gold mines in exchange for a share of revenue from production.Tariffs are shrinking the U.S.'s share of international trade and eroding the use of the U.S. currency, while its structural deficit, the worst among the Group of Seven nations, has lost the U.S. its 'AAA' investment ratings, he noted. The third thing you need to be the reserve currency is unbreakable trust in the independence of your institutions, he said. And Mr. Trump has undermined the banks. He is pivotal in that. That I would say is certainly what is driving this leg of the of the gold cycle, he said.Longer term, a more enduring rally in gold prices would come from how central banks think about monetary policy and how central banks think about their own reserves, he said.Central banks have come to realize that their populations do not want to tolerate austerity, so the way out of an economic downturn must be to boost liquidity, which will also lift the relative value of assets like real estate and gold, he said.FAQsQ1. How has gold performed this year?A1. Gold price surged past $4,000 per troy ounce for the first time on Wednesday and is up 54 per cent year-to-date.Q2. What is causing erosion of US Dollar?A2. US Tariffs, a growing structural deficit in the U.S. trade balance and the break down of trust in U.S. institutions have combined to speed de-dollarization .",
    "highlightText": "",
    "highlightTitle": "",
    "highlightThreadTitle": "",
    "language": "english",
    "sentiment": "negative",
    "categories": [
        "Economy, Business and Finance",
        "Politics",
        "Social Issue"
    ],
    "topics": [
        "Economy, Business and Finance->financial and economic news",
        "Economy, Business and Finance->commodity market",
        "Politics->government",
        "Politics->economic policy",
        "Social Issue->social condition"
    ],
    "ai_allow": true,
    "has_canonical": true,
    "breaking": true,
    "webz_reporter": false,
    "external_links": [],
    "external_images": [],
    "internal_images": [],
    "entities": {
        "persons": [
            {
                "name": "Donald Trump",
                "sentiment": "negative"
            },
            {
                "name": "Paul Brink",
                "sentiment": "none"
            }
        ],
        "locations": [],
        "organizations": [
            {
                "name": "Economic Times",
                "sentiment": "neutral",
                "tickers": [
                    {
                        "ticker": null,
                        "exchange": null
                    }
                ]
            },
            {
                "name": "Franco-Nevada",
                "sentiment": "none",
                "tickers": [
                    {
                        "ticker": "FNV",
                        "exchange": "NYSE"
                    }
                ]
            }
        ]
    },
    "syndication": {
        "syndicated": false,
        "syndicate_id": null,
        "first_syndicated": false
    },
    "trust": {
        "categories": null,
        "top_news": [
            "top_news_nz",
            "top_news_au",
            "top_news_ae",
            "top_news_us",
            "top_news_gb",
            "top_news_th",
            "top_news_sa",
            "top_news_sg",
            "top_news_ph",
            "top_news_hk",
            "top_news_nl",
            "top_news_qa",
            "top_news_ie",
            "top_news_pk",
            "top_news_id",
            "top_news_dk",
            "top_news_eg",
            "top_news_za",
            "top_news_my",
            "top_news_kw",
            "top_news_be",
            "top_news_in",
            "top_news_ca",
            "top_news_iq",
            "top_news"
        ],
        "bias": "center",
        "source": {
            "type": null,
            "city": null,
            "state": null,
            "country": null,
            "domain_type": null,
            "agency": null,
            "organization_name": null
        }
    },
    "rating": null,
    "crawled": "2025-10-09T08:06:57.293+03:00",
    "updated": "2025-10-10T09:06:50.000+03:00"
}