{
    "thread": {
        "uuid": "a3f45da729e973703237ce5eb2b26a19d9d2d525",
        "url": "https://www.fox10phoenix.com/video/1713579",
        "site_full": "www.fox10phoenix.com",
        "site": "fox10phoenix.com",
        "site_section": "https://www.fox10phoenix.com/tag/us/az/maricopa-county/el-mirage",
        "site_categories": [
            "media",
            "health",
            "cold_and_flu"
        ],
        "section_title": "El Mirage | FOX 10 Phoenix",
        "site_title": "FOX 10 Phoenix | Local News, Weather, and Live Streams | KSAZ-TV",
        "title": "Arizona city ranked one of the most expensive college towns | FOX 10 Phoenix",
        "title_full": "Arizona city ranked one of the most expensive college towns | FOX 10 Phoenix",
        "published": "2025-09-25T00:55:00.000+03:00",
        "replies_count": 0,
        "participants_count": 1,
        "site_type": "news",
        "country": "US",
        "main_image": "https://images.foxtv.com/c107833-mcdn.mp.lura.live/expiretime=2082787200/edd029047fd216f5dc129e99e918fdc94d76050d61f7b38182d21fbf05684e51/iupl/836/24A/1280/720/83624A09ED38EEBCEF560C37C7DA21E1.jpg?ve=1&amp;tl=1",
        "performance_score": 0,
        "domain_rank": 29368,
        "domain_rank_updated": "2025-09-22T00:00:00.000+03:00",
        "licensing_agency": [],
        "social": {
            "facebook": {
                "likes": 0,
                "comments": 0,
                "shares": 0
            },
            "vk": {
                "shares": 0
            }
        }
    },
    "uuid": "a3f45da729e973703237ce5eb2b26a19d9d2d525",
    "url": "https://www.fox10phoenix.com/video/1713579",
    "ord_in_thread": 0,
    "author": "@FOX10Phoenix",
    "published": "2025-09-25T00:55:00.000+03:00",
    "title": "Arizona city ranked one of the most expensive college towns | FOX 10 Phoenix",
    "text": "Arizona city ranked one of the most expensive college towns\nFlagstaff is one of the most expensive college towns in the U.S., according to a new study from Redfin. The city ranked no.33 on the list, behind Boca Raton, Florida and Santa Barbara, California.",
    "highlightText": "",
    "highlightTitle": "",
    "highlightThreadTitle": "",
    "language": "english",
    "sentiment": "negative",
    "categories": [
        "Economy, Business and Finance",
        "Education",
        "Social Issue"
    ],
    "topics": [
        "Economy, Business and Finance->consumer goods",
        "Economy, Business and Finance->business and market analysis",
        "Economy, Business and Finance->economy",
        "Education->college and university",
        "Social Issue->demographics",
        "Social Issue->social services",
        "Social Issue->social condition"
    ],
    "ai_allow": true,
    "has_canonical": false,
    "breaking": null,
    "webz_reporter": false,
    "external_links": [],
    "external_images": [],
    "internal_images": [],
    "entities": {
        "persons": [],
        "locations": [],
        "organizations": []
    },
    "syndication": {
        "syndicated": false,
        "syndicate_id": null,
        "first_syndicated": false
    },
    "trust": {
        "categories": [
            "trusted_news"
        ],
        "top_news": [],
        "bias": "center",
        "source": {
            "type": "local_news",
            "city": [
                "El Mirage"
            ],
            "state": [
                "Arizona"
            ],
            "country": [
                "US"
            ],
            "domain_type": null,
            "agency": null,
            "organization_name": null
        }
    },
    "rating": null,
    "crawled": "2025-09-25T08:02:17.578+03:00",
    "updated": "2025-09-25T09:51:21.491+03:00"
}