{
    "thread": {
        "uuid": "66a6acff05baa063acff69c4b51bfe4184da617a",
        "url": "https://www.marketsmojo.com/news/stocks-in-action/jeevan-scientific-technology-hits-new-52-week-low-at-rs-35-3570294",
        "site_full": "www.marketsmojo.com",
        "site": "marketsmojo.com",
        "site_section": "https://www.marketsmojo.com/news",
        "site_categories": [],
        "section_title": "Stay Informed with MarketsMojo News: Stock Market Insights, Portfolio Tracking, Alerts, and Expert Analyses  ",
        "site_title": "MarketsMojo Research, Handpicked Mojo Stocks &amp; Portfolio Tracking",
        "title": "Jeevan Scientific Technology Hits New 52-Week Low at Rs. 35",
        "title_full": "Jeevan Scientific Technology Hits New 52-Week Low at Rs. 35",
        "published": "2025-09-25T08:32:04.677+03:00",
        "replies_count": 0,
        "participants_count": 1,
        "site_type": "news",
        "country": "IN",
        "main_image": "https://i.marketsmojo.com/newsimg/2025/9/JeevanScientifi_priceRelatedfactors_3570294.png",
        "performance_score": 0,
        "domain_rank": 66172,
        "domain_rank_updated": "2025-09-22T00:00:00.000+03:00",
        "licensing_agency": [],
        "social": {
            "facebook": {
                "likes": 0,
                "comments": 0,
                "shares": 0
            },
            "vk": {
                "shares": 0
            }
        }
    },
    "uuid": "66a6acff05baa063acff69c4b51bfe4184da617a",
    "url": "https://www.marketsmojo.com/news/stocks-in-action/jeevan-scientific-technology-hits-new-52-week-low-at-rs-35-3570294",
    "ord_in_thread": 0,
    "author": "@Marketsmojo",
    "published": "2025-09-25T08:32:04.677+03:00",
    "title": "Jeevan Scientific Technology Hits New 52-Week Low at Rs. 35",
    "text": "Jeevan Scientific Technology Hits New 52-Week Low at Rs. 35\nJeevan Scientific Technologyhas reached a new 52-week low, reflecting ongoing challenges in its market position. The company has seen a consistent decline in stock price, underperforming its sector and reporting negative results over the last two quarters, including a significant drop in net sales.\nJeevan Scientific Technologyhas reached a new 52-week low, hitting Rs. 35 on September 25, 2025. This marks a significant decline for the microcap company, which has seen its stock price fall consistently over the past five days, resulting in a total drop of 10.26%. The stock has underperformed its sector by 1.19% today, reflecting ongoing challenges in its market position.\nIn terms of moving averages,\nJeevan Scientific Technologyis currently trading below its 5-day, 20-day, 50-day, 100-day, and 200-day moving averages, indicating a prolonged period of weakness. Over the past year, the stock has experienced a substantial decline of 36.46%, contrasting sharply with the Sensex's performance, which has only decreased by 4.24%.\nThe company has reported negative results for the last two consecutive quarters, with a notable drop in net sales of 31.68%. Additionally, its operating losses and weak long-term fundamental strength contribute to its current market challenges. As the healthcare services sector navigates a complex landscape, Jeevan Scientific Technology's recent performance underscores the difficulties it faces in regaining stability.\n{{stockdata.stock.price.value}} {{stockdata.stock.price_difference.value}} ({{stockdata.stock.price_percentage.value}}%)\n{{stockdata.stock.date.value}} | BSE+NSE Vol: {{stockdata.index_name}} Vol: {{stockdata.stock.bse_nse_vol.value}} ({{stockdata.stock.bse_nse_vol_per.value}}%)\nRelated Stock Links\n{{stockdata.stock.stock_name.value}} Analysis}}){{stockdata.stock.stock_name.value}} Technicals}}){{stockdata.stock.stock_name.value}} Quality}}){{stockdata.stock.stock_name.value}} Valuation}}){{stockdata.stock.stock_name.value}} Financial Trend}}){{stockdata.stock.stock_name.value}} Return Analysis}}){{stockdata.stock.stock_name.value}} Price Analysis}}){{stockdata.stock.stock_name.value}} Quarterly Result Analysis}}){{stockdata.stock.stock_name.value}} Half-Yearly Result Analysis}}){{stockdata.stock.stock_name.value}} Nine Monthly Result Analysis}}){{stockdata.stock.stock_name.value}} Annual Results}}){{stockdata.stock.stock_name.value}} Balance Sheet}}){{stockdata.stock.stock_name.value}} Profit & Loss}}){{stockdata.stock.stock_name.value}} Cash Flow}}){{stockdata.stock.stock_name.value}} News}}){{stockdata.stock.stock_name.value}} Announcements}}){{stockdata.stock.stock_name.value}} Share Holding}}){{stockdata.stock.stock_name.value}} Peer Comparison}})\nOur weekly and monthly stock recommendations are here\nLoading...\nIndustry\n{{sm.old_ind_name }}\nMarket Cap\n{{sm.mcapsizerank }}\nDate of Entry\n{{sm.date }}\nTarget Price\n{{sm.target_price }}\n({{sm.performance_target }}%)\nHolding Duration\n{{sm.target_duration }}\nLast 1 Year Return\n{{sm.performance_1y}}%\n{{sm.comp_name}} price as on {{sm.todays_date}}\n₹{{sm.price_as_on}} ({{sm.performance}}%)\nIndustry\n{{sm.old_ind_name}}\nMarket Cap\n{{sm.mcapsizerank}}\nDate of Entry\n{{sm.date}}\nEntry Price\n{{sm.opening_price}}\nLast 1 Year Return\n{{sm.performance_1y}}%\nRelated News\nMost Read",
    "highlightText": "",
    "highlightTitle": "",
    "highlightThreadTitle": "",
    "language": "english",
    "sentiment": "negative",
    "categories": [
        "Economy, Business and Finance",
        "Social Issue",
        "Crime, Law and Justice"
    ],
    "topics": [
        "Economy, Business and Finance->financial service",
        "Economy, Business and Finance->business reporting and performance",
        "Economy, Business and Finance->investment and opinion pieces",
        "Social Issue->social problem",
        "Crime, Law and Justice->corporate crime"
    ],
    "ai_allow": true,
    "has_canonical": false,
    "breaking": false,
    "webz_reporter": false,
    "external_links": [],
    "external_images": [],
    "internal_images": [],
    "entities": {
        "persons": [],
        "locations": [],
        "organizations": []
    },
    "syndication": {
        "syndicated": false,
        "syndicate_id": null,
        "first_syndicated": false
    },
    "trust": {
        "categories": [],
        "top_news": [],
        "bias": null,
        "source": {
            "type": null,
            "city": null,
            "state": null,
            "country": null,
            "domain_type": null,
            "agency": null,
            "organization_name": null
        }
    },
    "rating": null,
    "crawled": "2025-09-25T08:32:04.677+03:00",
    "updated": "2025-09-25T08:35:40.000+03:00"
}