{
    "thread": {
        "uuid": "a85a5008677949483b270f9a2841a4bb8f20e5aa",
        "url": "https://www.thesun.co.uk/money/36641003/sun-savers-online-shopping-returns/",
        "site_full": "www.thesun.co.uk",
        "site": "thesun.co.uk",
        "site_section": "https://www.thesun.co.uk/topic/sun-savers/",
        "site_categories": [
            "media",
            "top_news_se",
            "top_news_gb",
            "top_news_dk",
            "top_news_th",
            "top_news_my",
            "top_news_cz",
            "top_news_nz",
            "top_news_au",
            "top_news_sg",
            "top_news_za",
            "top_news_ph",
            "top_news_rs",
            "top_news_ca",
            "top_news_nl",
            "top_news_ie",
            "top_news_pt",
            "top_news"
        ],
        "section_title": "Sun Savers - Codes, rewards and app details - The Sun | The Sun",
        "site_title": "News, sport, celebrities and gossip | The Sun",
        "title": "Three things you need to know to avoid losing out when returning online purchases | The Sun",
        "title_full": "Three things you need to know to avoid losing out when returning online purchases | The Sun",
        "published": "2025-09-10T00:08:00.000+03:00",
        "replies_count": 0,
        "participants_count": 1,
        "site_type": "news",
        "country": "GB",
        "main_image": "https://www.thesun.co.uk/wp-content/uploads/2025/09/broken-yellow-ceramic-plate-damaged-1021808308.jpg?strip=all&amp;quality=100&amp;w=1920&amp;h=1080&amp;crop=1",
        "performance_score": 0,
        "domain_rank": 755,
        "domain_rank_updated": "2025-09-22T00:00:00.000+03:00",
        "licensing_agency": [
            "NLA"
        ],
        "social": {
            "facebook": {
                "likes": 0,
                "comments": 0,
                "shares": 0
            },
            "vk": {
                "shares": 0
            }
        }
    },
    "uuid": "a85a5008677949483b270f9a2841a4bb8f20e5aa",
    "url": "https://www.thesun.co.uk/money/36641003/sun-savers-online-shopping-returns/",
    "ord_in_thread": 0,
    "author": "Lana Clements",
    "published": "2025-09-10T00:08:00.000+03:00",
    "title": "Three things you need to know to avoid losing out when returning online purchases | The Sun",
    "text": "RETAILERS have been cracking down on online returns, making it more costly to change your mind when shopping with your phone or tablet. But what are your consumer rights when buying and sending back items? Here is an overview . . . FAULTY RETURN : If you buy an item that is faulty or doesn’t work, retailers are obliged to offer you a full refund. This applies even with clothing that’s been worn. But you should return an item within 30 days to get all of your money back. Within six months of purchase, you’ll be entitled to an exchange or repair. Keep receipts as proof of purchase, but if an item is faulty you could also use a bank statement as proof of purchase if you’ve lost the receipt. CHANGE OF HEART : Shops don’t have to refund you if you simply change your mind when buying in store. For example, if you bought the wrong size or style. But if a store has offered a returns policy, then it does have to stick to it. If you buy online, you do have the right to change your mind. Usually, you have 14 days to tell the retailer you want to return, and then another 14 days to send the item back. Many high street stores offer policies that give 28 days or more to return items and get your money back. But always check before you buy particularly if any item was bought in the sale. FEES : Some stores have introduced fees for customers returning an online order. You have to pay the delivery cost for sending back products bought from a website unless a retailer is offering free returns. You may also have to pay a return charge if this in the shop’s terms and conditions — but not if the item is unsatisfactory or faulty. This means that you could be left out of pocket when ordering over the internet, so look carefully at the returns policies. If you are not sure about a product, try to look in-store where possible. TUCK in for a good night’s sleep with this Slumberdown duvet, down from £28 to £13.97 for a king-size at Asda. SAVE : £14.03 ENJOY your favourite hot drink on the move with this insulated mug, £5.99 from Lidl , in stores tomorrow. THE Monopoly game is back at McDonald’s today with some new menu items too, such as the loaded caramel McFlurry, £2.49. The promotion features several food prizes to be won until October 21. NOURISH your skin with Laneige Water Bank moisturiser, £33.50 from spacenk.com. Or plump your skin with PS… Water Cream, £6 from Primark SAVE : £27.50 ALDI now has more than 500 supermarkets with InPost lockers helping shoppers to collect and return online orders from their local store. PAIR this pretty blouse with jeans for a stylish autumn outfit. The top is down from £29.99 to £17 at New Look . SAVE : £12.99 POT Noodle has teamed up with B&M to launch a new 12-pack, priced £8.75, that’s perfect for stocking up on the snack. JOIN thousands of readers taking part in The Sun Raffle. Every month we’re giving away £100 to 250 lucky readers - whether you’re saving up or just in need of some extra cash, The Sun could have you covered. Every Sun Savers code entered equals one Raffle ticket. The more codes you enter, the more tickets you'll earn and the more chance you will have of winning!",
    "highlightText": "",
    "highlightTitle": "",
    "highlightThreadTitle": "",
    "language": "english",
    "sentiment": "negative",
    "categories": [
        "Economy, Business and Finance",
        "Social Issue",
        "Human Interest"
    ],
    "topics": [
        "Economy, Business and Finance->consumer goods",
        "Economy, Business and Finance->business strategy and marketing",
        "Economy, Business and Finance->customer insights and reviews",
        "Social Issue->social condition",
        "Social Issue->values"
    ],
    "ai_allow": false,
    "has_canonical": false,
    "breaking": null,
    "webz_reporter": false,
    "external_links": [],
    "external_images": [],
    "internal_images": [],
    "entities": {
        "persons": [],
        "locations": [],
        "organizations": []
    },
    "syndication": {
        "syndicated": false,
        "syndicate_id": null,
        "first_syndicated": false
    },
    "trust": {
        "categories": null,
        "top_news": [
            "top_news_se",
            "top_news_gb",
            "top_news_dk",
            "top_news_th",
            "top_news_my",
            "top_news_cz",
            "top_news_nz",
            "top_news_au",
            "top_news_sg",
            "top_news_za",
            "top_news_ph",
            "top_news_rs",
            "top_news_ca",
            "top_news_nl",
            "top_news_ie",
            "top_news_pt",
            "top_news"
        ],
        "bias": "right",
        "source": {
            "type": null,
            "city": null,
            "state": null,
            "country": null,
            "domain_type": null,
            "agency": null,
            "organization_name": null
        }
    },
    "rating": null,
    "crawled": "2025-09-25T08:26:33.951+03:00",
    "updated": "2025-09-26T09:07:27.000+03:00"
}