{
    "thread": {
        "uuid": "6351d104ee248467862a6906854149a5a0df7176",
        "url": "https://www.world-today-news.com/dollars-safe-haven-status-threatened-by-rising-tariffs/",
        "site_full": "www.world-today-news.com",
        "site": "world-today-news.com",
        "site_section": "https://world-today-news.com",
        "site_categories": [
            "media"
        ],
        "section_title": "World Today News - www.world-today-news.com",
        "site_title": "World Today News - www.world-today-news.com/",
        "title": "Dollar's Safe Haven Status Threatened by Rising Tariffs",
        "title_full": "Dollar's Safe Haven Status Threatened by Rising Tariffs",
        "published": "2025-09-25T06:48:00.000+03:00",
        "replies_count": 0,
        "participants_count": 1,
        "site_type": "news",
        "country": "US",
        "main_image": "https://www.brookings.edu/wp-content/uploads/2025/09/dollars_Euros_SergeyP.jpg?quality=75",
        "performance_score": 0,
        "domain_rank": 127314,
        "domain_rank_updated": "2025-09-22T00:00:00.000+03:00",
        "licensing_agency": [],
        "social": {
            "facebook": {
                "likes": 0,
                "comments": 0,
                "shares": 0
            },
            "vk": {
                "shares": 0
            }
        }
    },
    "uuid": "6351d104ee248467862a6906854149a5a0df7176",
    "url": "https://www.world-today-news.com/dollars-safe-haven-status-threatened-by-rising-tariffs/",
    "ord_in_thread": 0,
    "author": "Priya Shah - Business Editor",
    "published": "2025-09-25T06:48:00.000+03:00",
    "title": "Dollar's Safe Haven Status Threatened by Rising Tariffs",
    "text": "Trade Tensions and the ⁢Future of the Dollar ‘s Global Role A new study presented at the Brookings ⁤Papers on Economic Activity ‌( BPEA ) conference suggests ⁢that escalating tariffs ‌and a retreat from international trade by ⁢the United States could‍ jeopardize the dollar’s long-held position ⁣as the world’s primary safe ‍haven currency. this status, the authors argue, underpins key benefits for the U.S. ⁣economy, including‌ lower interest rates and substantial foreign investment.\nThe research,conducted by Tarek A. Hassan of ​Boston University, Thomas M.⁣ Mertens ​of the Federal Reserve Bank of San Francisco, Jingye Wang of​ Renmin University of china, and Tony Zhang of⁢ Arizona State University, highlights‌ the⁣ link between the dollar’s “safe-haven property” – its tendency to appreciate during global economic uncertainty – and⁢ favorable conditions for‍ U.S. businesses and investors. This safe-haven status allows U.S. companies to secure lower borrowing rates internationally and invest⁢ more, ultimately contributing to ⁤higher wages.\nthe ⁤paper introduces a‌ novel quantitative model to‌ assess the ⁤potential impact of rising tariffs on​ the international⁣ monetary ‌system. Since World War II, ⁣the dollar has dominated ⁣international transactions, with many smaller economies pegging their currencies to it as a safeguard against financial ⁣instability.However, the authors contend that restricting trade flows through tariffs weakens the foundations ⁤of this special‍ role.\n“Inhibiting trade ‌flows to and from the United‍ States through tariffs or ⁤other means, ​weakens the force underpinning ‍the dollar’s special role,” the authors ‌write.They predict that a loss of‍ safe-haven status could lead to increased U.S. interest rates, a decline in the global value of U.S.firms, ‌capital outflows, and reduced U.S. wages. Ultimately,they warn ⁣that the U.S. dollar-centric system could collapse or transition to a different anchor currency.\nAccording to Hassan, tariffs announced by the ⁤U.S. on April 2nd, and subsequent retaliatory measures from other nations, currently equate to roughly 17% symmetric​ tariffs. The model identifies⁤ a tipping point of 26% tariffs ⁢that⁣ could trigger either the ⁤breakdown of exchange-rate management or ​a shift⁣ to an alternative anchor currency,​ most likely the euro.\nWhile acknowledging the U.S. has not yet‌ reached this‌ critical threshold, Hassan emphasized the ⁢basic ‌connection​ between U.S. engagement ​with ​the global economy and the dollar’s standing. “We’re probably⁣ still a bit away from‌ the tipping point‌ but the fundamental insight stands,” Hassan said. “The dollar’s​ status depends on the⁣ degree that the ​U.S. engages with the rest of the world.”\nThe authors note that their model’s predictions ‌have largely aligned with market reactions following President trump’s April 2nd tariff announcement.‌ Stock prices and the dollar’s value both experienced a sharp decline, while long-term interest rates‌ rose. Although U.S. ​stock prices have as recovered in dollar terms, they have underperformed relative to stocks in other ⁣countries, especially when considering “the dollar has massively​ depreciated,” Hassan stated.\nCITATION:\nHassan, Tarek A., Thomas M. Mertens, Jingye⁣ Wang, and Tony Zhang. 2025. “Trade War and the Dollar anchor.” BPEA Conference Draft, Fall.",
    "highlightText": "",
    "highlightTitle": "",
    "highlightThreadTitle": "",
    "language": "english",
    "sentiment": "negative",
    "categories": [
        "Economy, Business and Finance",
        "Politics",
        "Social Issue"
    ],
    "topics": [
        "Economy, Business and Finance->economy",
        "Economy, Business and Finance->financial and economic news",
        "Economy, Business and Finance->foreign exchange market",
        "Politics->economic policy",
        "Politics->international relations",
        "Social Issue->social condition",
        "Social Issue->communities"
    ],
    "ai_allow": true,
    "has_canonical": false,
    "breaking": null,
    "webz_reporter": false,
    "external_links": [
        "https://tradingeconomics.com/united-states/indicators",
        "https://www.usmagazine.com/entertainment/news/katy-perry-tells-fans-shes-continuing-to-move-forward/",
        "https://usmagazine.com/entertainment/news/katy-perry-tells-fans-shes-continuing-to-move-forward/",
        "https://www.usmagazine.com/entertainment/news/katy-perry-tells-fans-shes-continuing-to-move-forward",
        "https://www.tradingeconomics.com/united-states/indicators"
    ],
    "external_images": [],
    "internal_images": [],
    "entities": {
        "persons": [
            {
                "name": "Thomas M.⁣ Mertens",
                "sentiment": "none"
            },
            {
                "name": "Tarek A. Hassan",
                "sentiment": "none"
            },
            {
                "name": "Tony Zhang",
                "sentiment": "none"
            }
        ],
        "locations": [],
        "organizations": [
            {
                "name": "Renmin University of china",
                "sentiment": "none",
                "tickers": []
            },
            {
                "name": "Arizona State University",
                "sentiment": "none",
                "tickers": [
                    {
                        "ticker": null,
                        "exchange": null
                    }
                ]
            },
            {
                "name": "Boston University",
                "sentiment": "none",
                "tickers": [
                    {
                        "ticker": null,
                        "exchange": null
                    }
                ]
            }
        ]
    },
    "syndication": {
        "syndicated": false,
        "syndicate_id": null,
        "first_syndicated": false
    },
    "trust": {
        "categories": [
            "fake_news"
        ],
        "top_news": [],
        "bias": null,
        "source": {
            "type": null,
            "city": null,
            "state": null,
            "country": null,
            "domain_type": null,
            "agency": null,
            "organization_name": null
        }
    },
    "rating": null,
    "crawled": "2025-09-25T07:53:17.737+03:00",
    "updated": "2025-09-25T08:01:41.000+03:00"
}