{
    "thread": {
        "uuid": "ca76cdb3f19237b0195d03a7c7dc3316af71c1be",
        "url": "https://analyticsindiamag.com/ai-features/most-ai-investments-will-fail-unless",
        "site_full": "analyticsindiamag.com",
        "site": "analyticsindiamag.com",
        "site_section": "https://news.google.com/search?q=most%20when%3a1h&hl=en-us&gl=us&ceid=us%3aen",
        "site_categories": [
            "non_standard_content"
        ],
        "section_title": "Google News - Search",
        "site_title": "Analytics India Magazine | AIM",
        "title": "Most AI Investments Will Fail, Unless…",
        "title_full": "Most AI Investments Will Fail, Unless…",
        "published": "2025-06-12T10:04:00.000+03:00",
        "replies_count": 0,
        "participants_count": 1,
        "site_type": "news",
        "country": "IN",
        "main_image": "https://analyticsindiamag.com/wp-content/uploads/2025/06/aim-interview-24.jpg",
        "performance_score": 0,
        "domain_rank": 10448,
        "domain_rank_updated": "2025-06-03T00:00:00.000+03:00",
        "licensing_agency": [],
        "social": {
            "facebook": {
                "likes": 0,
                "comments": 0,
                "shares": 0
            },
            "vk": {
                "shares": 0
            }
        }
    },
    "uuid": "ca76cdb3f19237b0195d03a7c7dc3316af71c1be",
    "url": "https://analyticsindiamag.com/ai-features/most-ai-investments-will-fail-unless",
    "ord_in_thread": 0,
    "author": "Shalini Mondal",
    "published": "2025-06-12T10:04:00.000+03:00",
    "title": "Most AI Investments Will Fail, Unless…",
    "text": "With companies racing to cash in on AI, CEOs are hitting a brick wall, and messy data is the main culprit. With data all over the map, AI’s true potential might get strangled at the source, thereby yielding not-so-desirable return on investment (ROI) on all AI investments.\nAn IBM study , which surveyed 2,000 CEOs worldwide, found that AI investments are poised for rapid acceleration. Executives expect the growth rate to more than double over the next two years. Currently, 61% of CEOs report they are actively adopting AI agents and are preparing to scale their implementation.\nHowever, the study also highlights the growing importance of data in realising AI’s full potential. A significant 68% of CEOs consider an integrated, enterprise-wide data architecture essential for effective cross-functional collaboration, while 72% believe their organisation’s proprietary data is key to unlocking the true value of generative AI.\nDespite this recognition, many organisations appear to be grappling with fragmented data environments. Half of the participating CEOs admitted that the recent surge in technology investments has resulted in disconnected, piecemeal systems, which hinders their ability to build a cohesive and effective data foundation.\nWhat is the Problem? In a recent interview with AIM , Alexander Rinke , co-founder and co-CEO of Celonis, highlighted the growing capabilities of AI models. “The problem is not the models (LLMs). The models are wicked smart already, and they’re getting smarter every day.”\nHowever, he pointed out that the real challenge lies in the unique process context of each organisation. Every company operates with distinct processes and data, which are often fragmented across multiple systems.\nCarsten Thoma , president of Celonis, explained the company’s approach to this issue. “We are enabling agentic AI with the input that we have. And we are not sitting at the consumption end.”\nOrganisations are increasingly using agentic frameworks to reduce workloads and boost productivity. These frameworks leverage intelligent agents to handle tasks, but each workload is triggered by a process.\nTherefore, if organisations can gain deeper insight and intelligence about the ideal version of a process, they can prevent the workload from rising in the first place. “We can provide the most important worker instruction detail for those agentic frameworks—for example, where to tackle the problem,” Rinke added.\nCelonis has made significant strides in enabling this vision. They use AI to help ingest data from various systems into a unified model known as the process intelligence graph (PI graph). This graph represents connected processes across systems, offering a comprehensive view.\n“The idea behind agency is that any agent framework can be used—whether it’s Amazon Bedrock, Microsoft Copilot Studio, or any other platform,” Rinke explained.\nBy exposing process context and intelligence through a single API, Celonis ensures that AI agents can access the precise information needed for execution.\nIn addition to these foundational tools, Celonis offers other AI-driven products, such as Copilot and the machine learning workbench. The main advantage, as Thomas pointed out, is Celonis’ ability to fuel any type of agent with highly relevant intelligence about the processes of the company that’s unique to that company.\nThis perspective on process intelligence aligns with the views of Nitin Chandel , group VP and India country manager at UKG, who shared his thoughts with AIM . “As organisations increasingly embrace AI agents to drive efficiency and agility, process intelligence has become essential.”\nAccording to Chandel, PI offers the contextual understanding that AI agents need to execute tasks effectively and understand how work flows across systems, teams, and processes. He compared agents without this context to interns without training—fast but clueless. “With it, they become informed, proactive, and far more valuable.”\nFurthermore, Leslie Joseph , principal analyst at Forrester, told AIM that process intelligence is the basis for operational governance. It enables organisations to monitor, audit and course correct agent behaviour—all essential elements of trust.\nWho Needs It? Global capability centres (GCCs) have evolved from operational support units into strategic hubs driving transformation, analytics, innovation, and value across global enterprises. However, this shift brings a new set of expectations: to deliver faster, leaner, and smarter operations, often powered by AI, across global functions, all while keeping costs and complexity in check.\nMalhar Kamdar , chief customer officer at Celonis India, told AIM that “PI is the ‘connective tissue’ within an enterprise, integrating data from disparate systems—from ERPs and CRMs to other operational tools—to create a digital twin of the entire business operation.”\nHe further emphasised that while enterprise AI may be smart, it isn’t intelligent enough to understand the complete picture yet. “This is especially critical for India’s GCCs. They are running complex global processes across functions and time zones. And to optimise those workflows, companies need AI that truly understands how their business runs—not just what the data says, but why it matters.”\nIndia has established itself as the epicentre of process excellence, largely due to the strength of its GCCs. These centres now serve over 150 global customers, including leading names such as Wells Fargo, Hitachi Energy, Reckitt, Alstom, Dell, Saint-Gobain, and Robert Bosch GmbH, among others.\nCelonis’ innovation hub in Bengaluru, known as Celonis Garage, is at the forefront of supporting these GCCs. This hub is dedicated to accelerating AI-driven process optimisation for GCCs. By integrating Celonis’ process intelligence platform with AI, GCCs can swiftly identify inefficiencies, automate complex workflows, and optimise end-to-end business processes, enabling companies to stay competitive globally.\nThe synergy between AI and PI is rapidly gaining traction across industries within the GCC landscape.\n“India is our future. And we think Celonis and India are like a match made in heaven,” Rinke concluded, hinting at significant investments planned in India in the upcoming months.",
    "highlightText": "",
    "highlightTitle": "",
    "highlightThreadTitle": "",
    "language": "english",
    "sentiment": "negative",
    "categories": [
        "Economy, Business and Finance"
    ],
    "topics": [
        "Economy, Business and Finance->investment and opinion pieces",
        "Economy, Business and Finance->business strategy and marketing",
        "Economy, Business and Finance->financial and economic news"
    ],
    "ai_allow": true,
    "has_canonical": false,
    "breaking": false,
    "webz_reporter": false,
    "external_links": [
        "https://newsroom.ibm.com/2025-05-06-ibm-study-ceos-double-down-on-ai-while-navigating-enterprise-hurdles",
        "https://www.linkedin.com/in/carstenthoma/?originalSubdomain=ch",
        "https://www.forrester.com/analyst-bio/leslie-joseph/BIO13104",
        "https://www.linkedin.com/in/nitin-chandel-6b175a1/?originalSubdomain=in",
        "https://www.celonis.com/author/alexander-rinke/#:~:text=Alex%20Rinke%20is%20co%2Dfounder,their%20first%20client%20within%20weeks.",
        "https://www.linkedin.com/in/malhar-kamdar/?originalSubdomain=ch",
        "https://linkedin.com/in/nitin-chandel-6b175a1/?originalSubdomain=in",
        "https://linkedin.com/in/malhar-kamdar/?originalSubdomain=ch",
        "https://forrester.com/analyst-bio/leslie-joseph/BIO13104",
        "https://linkedin.com/in/carstenthoma/?originalSubdomain=ch",
        "https://www.linkedin.com/in/malhar-kamdar/",
        "https://www.linkedin.com/in/nitin-chandel-6b175a1/",
        "https://www.newsroom.ibm.com/2025-05-06-ibm-study-ceos-double-down-on-ai-while-navigating-enterprise-hurdles",
        "https://www.linkedin.com/in/carstenthoma/",
        "https://celonis.com/author/alexander-rinke/#:~:text=Alex%20Rinke%20is%20co%2Dfounder,their%20first%20client%20within%20weeks."
    ],
    "entities": {
        "persons": [],
        "locations": [],
        "organizations": [
            {
                "name": "IBM",
                "sentiment": "none",
                "tickers": []
            }
        ]
    },
    "syndication": {
        "syndicated": false,
        "syndicate_id": null,
        "first_syndicated": false
    },
    "trust": {
        "categories": [],
        "top_news": [],
        "bias": null
    },
    "rating": null,
    "crawled": "2025-06-12T10:23:54.664+03:00",
    "updated": "2025-06-12T11:34:22.661+03:00"
}