{
    "thread": {
        "uuid": "bb9d8569384fd6100d39d47212c2b45c37f731ec",
        "url": "https://www.newindianexpress.com/cities/kochi/2025/Jun/12/another-co-op-bank-faces-vigilance-inquiry-over-financial-irregularities-in-kochi",
        "site_full": "www.newindianexpress.com",
        "site": "newindianexpress.com",
        "site_section": "https://www.newindianexpress.com/news_sitemap.xml",
        "site_categories": [
            "media",
            "top_news_in",
            "top_news_qa",
            "top_news"
        ],
        "section_title": "",
        "site_title": "India News,Latest News,Today&#x27;s News Headlines,World,Live Updates,Politics,Business,Sports,Entertainment: The New Indian Express",
        "title": "Another co-op bank faces vigilance inquiry over financial irregularities in Kochi",
        "title_full": "Another co-op bank faces vigilance inquiry over financial irregularities in Kochi",
        "published": "2025-06-12T09:56:00.000+03:00",
        "replies_count": 0,
        "participants_count": 1,
        "site_type": "news",
        "country": "IN",
        "main_image": "https://media.assettype.com/newindianexpress%2F2025-06-12%2Fcknhsz2k%2FScreenshot-2025-06-12-122515.png?w=1200&amp;ar=40%3A21&amp;auto=format%2Ccompress&amp;ogImage=true&amp;mode=crop&amp;enlarge=true&amp;overlay=false&amp;overlay_position=bottom&amp;overlay_width=100",
        "performance_score": 0,
        "domain_rank": 3422,
        "domain_rank_updated": "2025-06-03T00:00:00.000+03:00",
        "licensing_agency": [],
        "social": {
            "facebook": {
                "likes": 0,
                "comments": 0,
                "shares": 0
            },
            "vk": {
                "shares": 0
            }
        }
    },
    "uuid": "bb9d8569384fd6100d39d47212c2b45c37f731ec",
    "url": "https://www.newindianexpress.com/cities/kochi/2025/Jun/12/another-co-op-bank-faces-vigilance-inquiry-over-financial-irregularities-in-kochi",
    "ord_in_thread": 0,
    "author": "Toby Antony",
    "published": "2025-06-12T09:56:00.000+03:00",
    "title": "Another co-op bank faces vigilance inquiry over financial irregularities in Kochi",
    "text": "The case pertains to a loan sanctioned against agricultural land to individuals outside the bank’s territorial jurisdiction. According to the FIR, a loan amounting to Rs 2 crore was sanctioned between 2020 and 2022 against agricultural land, with its value allegedly exaggerated. Photo | Express Illustration Toby Antony Updated on: 12 Jun 2025, 6:56 am 2 min read\nCopied\nFollow Us\nKOCHI: Another cooperative bank in Ernakulam district has come under the scanner of the Vigilance and Anti-Corruption Bureau (VACB) for illegal disbursal of loans. The agency has registered a case into alleged loan manipulation at the Chendamangalam Service Cooperative Bank.\nThe case pertains to a loan sanctioned against agricultural land to individuals outside the bank’s territorial jurisdiction.\nThe accused include former president of the bank K Sivasankaran, former vice-president K G Rafale, 11 former board members, the secretary, assistant secretary, and 10 others. The bank was governed by a UDF-backed board during the period under scrutiny.\n“Following a complaint, we carried out a preliminary probe into several loans sanctioned during the previous governing board’s tenure. It was found that some loans were granted to people residing outside the jurisdiction of the bank in Chendamangalam and nearby areas. Based on our findings, we decided to proceed with a detailed investigation. An FIR has now been registered against 25 individuals,” said a VACB officer.\nAccording to the FIR, a loan amounting to Rs 2 crore was sanctioned between 2020 and 2022 against agricultural land, with its value allegedly exaggerated.\nThe loan was granted to a self-help group, which included 10 of the accused individuals, most of whom resided outside the bank’s permitted operational area. Later, the repayment stopped, raising red flags.\n“As part of the investigation, we are scrutinising documents related to the loans issued during the tenure of the previous governing body. We have also recorded the preliminary statement of the complainant. The accused will be summoned for interrogation shortly,” the officer added.\nVACB and Crime Branch have already registered multiple cases against cooperative banks and societies in the district over allegations of financial irregularities.\nInvestigations are already under way against the Perumbavoor Urban Cooperative Bank, Angamaly Service Cooperative Bank, and North Paravoor Service Cooperative Bank. Earlier in February, the VACB registered a case against Marampilly Service Cooperative Bank for alleged backdoor recruitment and examination malpractice.",
    "highlightText": "",
    "highlightTitle": "",
    "highlightThreadTitle": "",
    "language": "english",
    "sentiment": "negative",
    "categories": [
        "Economy, Business and Finance"
    ],
    "topics": [
        "Economy, Business and Finance->business governance",
        "Economy, Business and Finance->economy",
        "Economy, Business and Finance->financial service"
    ],
    "ai_allow": true,
    "has_canonical": false,
    "breaking": true,
    "webz_reporter": false,
    "external_links": [
        "https://www.linkedin.com/shareArticle?url=https%3A%2F%2Fwww.newindianexpress.com%2Fcities%2Fkochi%2F2025%2FJun%2F12%2Fanother-co-op-bank-faces-vigilance-inquiry-over-financial-irregularities-in-kochi&title=Another%20co-op%20bank%20faces%20vigilance%20inquiry%20over%20financial%20irregularities%20in%20Kochi%20",
        "https://api.whatsapp.com/send?text=https%3A%2F%2Fwww.newindianexpress.com%2Fcities%2Fkochi%2F2025%2FJun%2F12%2Fanother-co-op-bank-faces-vigilance-inquiry-over-financial-irregularities-in-kochi",
        "https://news.google.com/publications/CAAqBwgKMKKdpQEw4-Ea?hl=en-IN&gl=IN&ceid=IN%3Aen",
        "https://twitter.com/intent/tweet?url=https%3A%2F%2Fwww.newindianexpress.com%2Fcities%2Fkochi%2F2025%2FJun%2F12%2Fanother-co-op-bank-faces-vigilance-inquiry-over-financial-irregularities-in-kochi&text=Another%20co-op%20bank%20faces%20vigilance%20inquiry%20over%20financial%20irregularities%20in%20Kochi%20&hashtags=",
        "https://www.facebook.com/sharer.php?u=https%3A%2F%2Fwww.newindianexpress.com%2Fcities%2Fkochi%2F2025%2FJun%2F12%2Fanother-co-op-bank-faces-vigilance-inquiry-over-financial-irregularities-in-kochi",
        "https://news.google.com/publications/CAAqBwgKMKKdpQEw4-Ea",
        "https://www.twitter.com/intent/tweet?url=https%3A%2F%2Fwww.newindianexpress.com%2Fcities%2Fkochi%2F2025%2FJun%2F12%2Fanother-co-op-bank-faces-vigilance-inquiry-over-financial-irregularities-in-kochi&text=Another%20co-op%20bank%20faces%20vigilance%20inquiry%20over%20financial%20irregularities%20in%20Kochi%20&hashtags=",
        "https://facebook.com/sharer.php?u=https%3A%2F%2Fwww.newindianexpress.com%2Fcities%2Fkochi%2F2025%2FJun%2F12%2Fanother-co-op-bank-faces-vigilance-inquiry-over-financial-irregularities-in-kochi",
        "https://www.news.google.com/publications/CAAqBwgKMKKdpQEw4-Ea?hl=en-IN&gl=IN&ceid=IN%3Aen",
        "https://www.linkedin.com/shareArticle",
        "https://www.facebook.com/sharer.php",
        "https://www.api.whatsapp.com/send?text=https%3A%2F%2Fwww.newindianexpress.com%2Fcities%2Fkochi%2F2025%2FJun%2F12%2Fanother-co-op-bank-faces-vigilance-inquiry-over-financial-irregularities-in-kochi",
        "https://linkedin.com/shareArticle?url=https%3A%2F%2Fwww.newindianexpress.com%2Fcities%2Fkochi%2F2025%2FJun%2F12%2Fanother-co-op-bank-faces-vigilance-inquiry-over-financial-irregularities-in-kochi&title=Another%20co-op%20bank%20faces%20vigilance%20inquiry%20over%20financial%20irregularities%20in%20Kochi%20",
        "https://api.whatsapp.com/send",
        "https://twitter.com/intent/tweet"
    ],
    "entities": {
        "persons": [
            {
                "name": "Toby Antony",
                "sentiment": "none"
            }
        ],
        "locations": [
            {
                "name": "Ernakulam",
                "sentiment": "none"
            }
        ],
        "organizations": [
            {
                "name": "Chendamangalam Service Cooperative Bank",
                "sentiment": "none",
                "tickers": []
            },
            {
                "name": "Anti-Corruption Bureau",
                "sentiment": "none",
                "tickers": []
            }
        ]
    },
    "syndication": {
        "syndicated": false,
        "syndicate_id": null,
        "first_syndicated": false
    },
    "trust": {
        "categories": [],
        "top_news": [
            "top_news_in",
            "top_news_qa",
            "top_news"
        ],
        "bias": "center"
    },
    "rating": null,
    "crawled": "2025-06-12T10:08:53.386+03:00",
    "updated": "2025-06-13T08:06:17.000+00:00"
}