{
    "thread": {
        "uuid": "23ec78411e72b2a322d7ac67581b37ac739dc996",
        "url": "https://www.enerdata.net/publications/daily-energy-news/ghana-doubles-levies-gasoline-and-diesel.html",
        "site_full": "www.enerdata.net",
        "site": "enerdata.net",
        "site_section": "https://www.enerdata.net/publications/daily-energy-news",
        "site_categories": [
            "business",
            "green_solutions"
        ],
        "section_title": "Energy News | Top Global Energy News Headlines | Enerdata",
        "site_title": "Research on energy efficiency, CO2 emissions, energy consumption, forecast",
        "title": "Ghana doubles levies on gasoline and diesel | Enerdata",
        "title_full": "Ghana doubles levies on gasoline and diesel | Enerdata",
        "published": "2025-06-12T03:00:00.000+03:00",
        "replies_count": 0,
        "participants_count": 1,
        "site_type": "news",
        "country": "US",
        "main_image": "https://d1owejb4br3l12.cloudfront.net/sites/default/files/imagesNews/fuel_pump.jpg",
        "performance_score": 0,
        "domain_rank": 35416,
        "domain_rank_updated": "2025-06-03T00:00:00.000+03:00",
        "licensing_agency": [],
        "social": {
            "facebook": {
                "likes": 0,
                "comments": 0,
                "shares": 0
            },
            "vk": {
                "shares": 0
            }
        }
    },
    "uuid": "23ec78411e72b2a322d7ac67581b37ac739dc996",
    "url": "https://www.enerdata.net/publications/daily-energy-news/ghana-doubles-levies-gasoline-and-diesel.html",
    "ord_in_thread": 0,
    "author": "@Enerdata",
    "published": "2025-06-12T03:00:00.000+03:00",
    "title": "Ghana doubles levies on gasoline and diesel | Enerdata",
    "text": "The Ghana Revenue Authority (GRA) has introduced a new GHS1/l (US$10c/l) levy on fuel prices, the Energy Sector Shortfall and Debt Repayment Levy. Consequently, levies on gasoline will double from GHS0.95/l (US$9c/l) to GHS1.95/l (US$19c/l), while those on diesel will rise from GHS0.93/l (US$9c/l) to GHS1.93/l (US$19c/l).\nPrice of motor gasoline in Ghana reached US$1.1/l in 2023, which is around 50% higher than in Nigeria, but 30% lower than in Côte d’Ivoire. Diesel prices are 14% lower than in Nigeria and 7% higher than in Côte d’Ivoire. They tend to follow international oil prices.",
    "highlightText": "",
    "highlightTitle": "",
    "highlightThreadTitle": "",
    "language": "english",
    "sentiment": "negative",
    "categories": [
        "Economy, Business and Finance",
        "Social Issue"
    ],
    "topics": [
        "Economy, Business and Finance->economy",
        "Economy, Business and Finance->business governance",
        "Economy, Business and Finance->financial and economic news",
        "Social Issue->social problem",
        "Social Issue->welfare",
        "Social Issue->poverty"
    ],
    "ai_allow": true,
    "has_canonical": false,
    "breaking": null,
    "webz_reporter": false,
    "external_links": [],
    "entities": {
        "persons": [],
        "locations": [],
        "organizations": [
            {
                "name": "Ghana Revenue Authority",
                "sentiment": "negative",
                "tickers": []
            }
        ]
    },
    "syndication": {
        "syndicated": false,
        "syndicate_id": null,
        "first_syndicated": false
    },
    "trust": {
        "categories": [],
        "top_news": [],
        "bias": null
    },
    "rating": null,
    "crawled": "2025-06-12T10:28:57.353+03:00",
    "updated": "2025-06-12T07:32:53.000+00:00"
}