{
    "thread": {
        "uuid": "e1cd3ab0ee8ce5b461923469e3c6a0bc0a39fd6d",
        "url": "https://article.wn.com/view/2025/06/12/Shipping_risks_intensify_as_ICS_calls_for_unified_global_res",
        "site_full": "article.wn.com",
        "site": "wn.com",
        "site_section": "https://wn.com/business",
        "site_categories": [
            "media"
        ],
        "section_title": "World News - Business",
        "site_title": "World News",
        "title": "Shipping risks intensify as ICS calls for unified global response - Worldnews.com",
        "title_full": "Shipping risks intensify as ICS calls for unified global response - Worldnews.com",
        "published": "2025-06-12T03:00:00.000+03:00",
        "replies_count": 0,
        "participants_count": 0,
        "site_type": "news",
        "country": "US",
        "main_image": "",
        "performance_score": 0,
        "domain_rank": 3835,
        "domain_rank_updated": "2025-06-03T00:00:00.000+03:00",
        "licensing_agency": [],
        "social": {
            "facebook": {
                "likes": 0,
                "comments": 0,
                "shares": 0
            },
            "vk": {
                "shares": 0
            }
        }
    },
    "uuid": "e1cd3ab0ee8ce5b461923469e3c6a0bc0a39fd6d",
    "url": "https://article.wn.com/view/2025/06/12/Shipping_risks_intensify_as_ICS_calls_for_unified_global_res",
    "ord_in_thread": 0,
    "author": null,
    "published": "2025-06-12T03:00:00.000+03:00",
    "title": "Shipping risks intensify as ICS calls for unified global response - Worldnews.com",
    "text": "The latest ICS Maritime Barometer highlights continued pressure on the global shipping industry, as maritime leaders face a combination of geopolitical instability, rising regulatory demands and growing cyber-security risks. Based on responses from 133 senior executives, the third annual edition of the report",
    "highlightText": "",
    "highlightTitle": "",
    "highlightThreadTitle": "",
    "language": "english",
    "sentiment": "negative",
    "categories": [
        "Economy, Business and Finance",
        "Social Issue"
    ],
    "topics": [
        "Economy, Business and Finance->business governance",
        "Social Issue->demographics",
        "Social Issue->population and census",
        "Social Issue->social problem"
    ],
    "ai_allow": true,
    "has_canonical": false,
    "breaking": null,
    "webz_reporter": false,
    "external_links": [],
    "entities": {
        "persons": [],
        "locations": [],
        "organizations": []
    },
    "syndication": {
        "syndicated": false,
        "syndicate_id": null,
        "first_syndicated": false
    },
    "trust": {
        "categories": [],
        "top_news": [],
        "bias": "center"
    },
    "rating": null,
    "crawled": "2025-06-12T10:21:29.774+03:00",
    "updated": "2025-06-12T07:24:44.000+00:00"
}