{
    "thread": {
        "uuid": "c6db503e1de7f6d357b5efabd08cedbc6735b88a",
        "url": "https://kalkinemedia.com/uk/news/market-updates/kalkine-ftse-100-faces-lower-open-as-uk-gdp-contracts-and-key-stocks-react",
        "site_full": "kalkinemedia.com",
        "site": "kalkinemedia.com",
        "site_section": "https://kalkinemedia.com/uk/news/feed",
        "site_categories": [
            "financial_news",
            "finance"
        ],
        "section_title": "Kalkine Media",
        "site_title": "ASX Stocks News - Australian Stocks & News Updates on ASX Shares | Kalkine Media",
        "title": "Kalkine: FTSE 100 Faces Lower Open as UK GDP Contracts and Key Stocks React",
        "title_full": "Kalkine: FTSE 100 Faces Lower Open as UK GDP Contracts and Key Stocks React",
        "published": "2025-06-12T10:17:00.000+03:00",
        "replies_count": 0,
        "participants_count": 1,
        "site_type": "news",
        "country": "IN",
        "main_image": "https://kalkinemedia.com/storage/uploads/original/informationn_05_28_2025_19_02_55_152850.jpg",
        "performance_score": 0,
        "domain_rank": 87769,
        "domain_rank_updated": "2025-06-03T00:00:00.000+03:00",
        "licensing_agency": [],
        "social": {
            "facebook": {
                "likes": 0,
                "comments": 0,
                "shares": 0
            },
            "vk": {
                "shares": 0
            }
        }
    },
    "uuid": "c6db503e1de7f6d357b5efabd08cedbc6735b88a",
    "url": "https://kalkinemedia.com/uk/news/market-updates/kalkine-ftse-100-faces-lower-open-as-uk-gdp-contracts-and-key-stocks-react",
    "ord_in_thread": 0,
    "author": "info@kalkinemedia.com (Team Kalkine Media)",
    "published": "2025-06-12T10:17:00.000+03:00",
    "title": "Kalkine: FTSE 100 Faces Lower Open as UK GDP Contracts and Key Stocks React",
    "text": "Highlights\nThe FTSE 100 was on course for a weaker start as markets reacted to fresh economic figures showing a sharper-than-expected decline in UK gross domestic product. The FTSE 350 and broader FTSE indices were also poised for muted sentiment following a mixed session in US markets.\nNew data from the Office for National Statistics revealed a contraction in economic activity in April, reversing gains posted in the previous month. Services and manufacturing sectors both posted declines, driven in part by reduced activity in legal and real estate services. A notable drop in goods exports to the United States contributed to the overall slowdown.\nCrest Nicholson Adjusts Focus Amid Market Conditions\nHousebuilder ([LON:CRST)] reiterated its annual guidance following a rise in adjusted earnings during the first half. While completions fell, the company shifted its focus toward higher-margin open market homes in the mid-premium segment. This strategic realignment comes amid easing mortgage costs and a backdrop of gradually falling interest rates.\nCrest Nicholson continues to assess its positioning within the UK housing sector, which has experienced fluctuations due to regulatory changes and borrowing cost variations. The company previously saw a surge in housing activity in March, as accelerated transactions ahead of changes to stamp duty. April’s figures, however, reflected a pullback in demand.\nSegro Announces CFO Transition\nFTSE 100-listed real estate investment trust ([LON:SGRO)] confirmed the appointment of Susanne Schroeter-Crossan as its incoming Chief Financial Officer. She will succeed Soumen Das, who is set to retire later this year after a long tenure with the company.\nSchroeter-Crossan brings experience from her role as CFO at Berlin-based freight technology company Sennder Technologies. Her background also includes board positions at major European firms such as Zalando and senior roles at global financial institutions including Deutsche Bank and Morgan Stanley.\nHer appointment is expected to support Segro’s long-term growth strategy in logistics and industrial property segments across the UK and continental Europe.\nBroader Market Outlook Clouded by Economic Slowdown\nThe unexpected drop in GDP raised concerns over the underlying momentum of the UK economy. The decline in goods exports, particularly to the US, marks a shift after months of export growth. Tariff changes appear to have weighed on trade performance, with multiple categories of goods affected.\nMeanwhile, sectors such as real estate and legal services have faced headwinds after a strong first quarter. Industry watchers note that part of the decline may reflect a front-loading of activity ahead of tax-related deadlines, affecting output in April.\nManufacturing, too, saw a reversal from its previous expansion, with areas such as car production seeing a dip after gains earlier in the year.\nWith economic indicators showing mixed signals, market participants remain focused on corporate updates and evolving macroeconomic trends for further insight into the health of UK plc.",
    "highlightText": "",
    "highlightTitle": "",
    "highlightThreadTitle": "",
    "language": "english",
    "sentiment": "negative",
    "categories": [
        "Economy, Business and Finance"
    ],
    "topics": [
        "Economy, Business and Finance->financial and economic news",
        "Economy, Business and Finance->economy"
    ],
    "ai_allow": true,
    "has_canonical": false,
    "breaking": false,
    "webz_reporter": false,
    "external_links": [],
    "entities": {
        "persons": [],
        "locations": [],
        "organizations": []
    },
    "syndication": {
        "syndicated": false,
        "syndicate_id": null,
        "first_syndicated": false
    },
    "trust": {
        "categories": [],
        "top_news": [],
        "bias": null
    },
    "rating": null,
    "crawled": "2025-06-12T10:45:58.605+03:00",
    "updated": "2025-06-12T07:54:51.000+00:00"
}