{
    "thread": {
        "uuid": "52e5d4e88f09c83fb69bc62e1e9b83198c54b7b5",
        "url": "https://www.livemint.com/companies/news/tatas-trent-trims-stake-in-zara-massimo-dutti-jvs-with-inditex-11749709478692.html",
        "site_full": "www.livemint.com",
        "site": "livemint.com",
        "site_section": "https://www.livemint.com/education/board-exam-results",
        "site_categories": [
            "media",
            "financial_news",
            "finance",
            "top_news_in",
            "top_news_iq",
            "top_news_pk",
            "top_news_ae",
            "top_news_za",
            "top_news_qa",
            "top_news_sg",
            "top_news_sa",
            "top_news_kw",
            "top_news"
        ],
        "section_title": "Board Exam Results 2025 - State Board Results, Date Sheets, CBSE, ICSE &amp; Bihar Board Results",
        "site_title": "Business News Today: Read Latest Business News, Live India Share Market News, Finance &amp; Economy News | Mint",
        "title": "Tata's Trent trims stake in Zara, Massimo Dutti JVs with Inditex",
        "title_full": "Tata's Trent trims stake in Zara, Massimo Dutti JVs with Inditex",
        "published": "2025-06-12T10:11:00.000+03:00",
        "replies_count": 0,
        "participants_count": 1,
        "site_type": "news",
        "country": "IN",
        "main_image": "https://www.livemint.com/lm-img/img/2025/06/12/1600x900/TRENT-STOCKS--1_1749711887712_1749711902594.JPG",
        "performance_score": 0,
        "domain_rank": 1367,
        "domain_rank_updated": "2025-06-03T00:00:00.000+03:00",
        "licensing_agency": [],
        "social": {
            "facebook": {
                "likes": 1,
                "comments": 0,
                "shares": 1
            },
            "vk": {
                "shares": 0
            }
        }
    },
    "uuid": "52e5d4e88f09c83fb69bc62e1e9b83198c54b7b5",
    "url": "https://www.livemint.com/companies/news/tatas-trent-trims-stake-in-zara-massimo-dutti-jvs-with-inditex-11749709478692.html",
    "ord_in_thread": 0,
    "author": "Suneera Tandon",
    "published": "2025-06-12T10:11:00.000+03:00",
    "title": "Tata's Trent trims stake in Zara, Massimo Dutti JVs with Inditex",
    "text": "New Delhi: Tata Group’s retail arm Trent Ltd has pared its stake in its joint ventures with Spanish fashion giant Inditex, which operate the Zara and Massimo Dutti brands in India, according to its latest annual filings.\nTrent has two separate JVs with the Inditex Group. The first, Inditex Trent Retail India Private Limited (ITRIPL), runs Zara stores; the second, Massimo Dutti India Private Limited (MDIPL), operates the Massimo Dutti brand.\nIn its FY25 annual report, Trent said it reduced its holding in ITRIPL from 49% to 34.94% by selling 1,40,000 equity shares through a buyback offer made by ITRIPL. Similarly, it cut its stake in MDIPL from 49% to 20% by selling 1,75,450 equity shares to Grupo Massimo Dutti, Spain, effective 25 March 2025.\n“ITRIPL, an associate of the company, is engaged in operation of Zara stores in India… the company holds 34.94% of the equity shareholding (earlier 49%) in ITRIPL with effect from 30 August 2024,” Trent’s annual report dated 11 June noted.\nZara currently operates 22 stores in 13 cities across India, while Massimo Dutti has just three.\nIn FY25, Zara reported total income of ₹2,839.5 crore, up 2.26% from ₹2,776.67 crore in the previous year. Massimo Dutti reported ₹101.23 crore in revenue, marginally down from ₹101.79 crore in FY24.\nTrent has consistently maintained that its Inditex partnerships are financial in nature and not long-term strategic bets.\n“Including in the context of brand ownership and the arrangements for merchandise supply (with the majority partner entirely controlling these core customer propositions and the terms thereto), the company views its related commitments as a financial investment,” the report said.\nIt added that these ventures are limited to product distribution in India, which affects the economic value attributable to them.\nThe joint venture with Inditex was established in 2009 to launch Zara in India. The original terms gave Inditex a 51% stake and Trent the remaining 49%.\nNotably, Inditex recently launched its third brand, Bershka, in India through a wholly owned entity—Bershka Retail India Pvt. Ltd—without any local partner. It has also set up Zara Home Retail India Private Ltd as a 100% subsidiary.\nInditex’s 2024 annual report stated that it holds call options on Trent’s remaining shareholding—35% in ITRIPL and 49% in MDIPL. Trent, in turn, holds put options to sell its stake to Industria de Diseño Textil S.A., with the strike price based on pre-defined terms.\nWhile scaling down its Inditex JVs, Trent continues to aggressively expand its own brands, especially Westside and value-fashion chain Zudio. The two formats now operate over 1,000 large-format stores, with Zudio accounting for 765 of them.\nIn FY25, Trent reported gross sales of ₹17,624 crore. It operates 1,043 stores across India under various banners including Zudio, Westside, Zara, and Massimo Dutti. The company also runs Star-branded hypermarkets in the food and grocery space.\nCatch all the Business News , Corporate news , Breaking News Events and Latest News Updates on Live Mint. Download The Mint News App to get Daily Market Updates.",
    "highlightText": "",
    "highlightTitle": "",
    "highlightThreadTitle": "",
    "language": "english",
    "sentiment": "negative",
    "categories": [
        "Economy, Business and Finance",
        "Politics",
        "Social Issue"
    ],
    "topics": [
        "Economy, Business and Finance->mergers and acquisitions",
        "Economy, Business and Finance->investment and opinion pieces",
        "Economy, Business and Finance->business governance",
        "Politics->economic policy",
        "Politics->regulation of industry",
        "Politics->international relations",
        "Social Issue->social condition",
        "Social Issue->demographics"
    ],
    "ai_allow": true,
    "has_canonical": false,
    "breaking": true,
    "webz_reporter": false,
    "external_links": [],
    "entities": {
        "persons": [
            {
                "name": "Massimo Dutti",
                "sentiment": "negative"
            },
            {
                "name": "Zara",
                "sentiment": "none"
            }
        ],
        "locations": [
            {
                "name": "Zara",
                "sentiment": "none"
            }
        ],
        "organizations": [
            {
                "name": "Trent Ltd",
                "sentiment": "neutral",
                "tickers": []
            },
            {
                "name": "Tata Group",
                "sentiment": "neutral",
                "tickers": []
            },
            {
                "name": "Inditex Group",
                "sentiment": "neutral",
                "tickers": []
            }
        ]
    },
    "syndication": {
        "syndicated": false,
        "syndicate_id": null,
        "first_syndicated": false
    },
    "trust": {
        "categories": [],
        "top_news": [
            "top_news_in",
            "top_news_iq",
            "top_news_pk",
            "top_news_ae",
            "top_news_za",
            "top_news_qa",
            "top_news_sg",
            "top_news_sa",
            "top_news_kw",
            "top_news"
        ],
        "bias": "center"
    },
    "rating": null,
    "crawled": "2025-06-12T10:16:43.686+03:00",
    "updated": "2025-06-13T08:04:41.000+00:00"
}