{
    "thread": {
        "uuid": "626745df9c64a24ecbb448c899dc5955d6c920d6",
        "url": "https://www.newsbreak.com/news/4226592692487-pasadena-dispensary-burglar-cuts-through-walls-steals-safe-with-cash",
        "site_full": "www.newsbreak.com",
        "site": "newsbreak.com",
        "site_section": "https://newsbreak.com/pasadena-tx",
        "site_categories": [
            "under_construction"
        ],
        "section_title": "Pasadena, TX Local News and More | NewsBreak",
        "site_title": "NewsBreak: Local News &amp; Alerts",
        "title": "Pasadena dispensary burglar cuts through walls, steals safe with cash - NewsBreak",
        "title_full": "Pasadena dispensary burglar cuts through walls, steals safe with cash - NewsBreak",
        "published": "2025-09-11T05:51:00.000+03:00",
        "replies_count": 0,
        "participants_count": 1,
        "site_type": "news",
        "country": "US",
        "main_image": "https://img.particlenews.com/img/id/1uLRKn_14boez5d00",
        "performance_score": 0,
        "domain_rank": 3213,
        "domain_rank_updated": "2025-06-03T00:00:00.000+03:00",
        "licensing_agency": [],
        "social": {
            "facebook": {
                "likes": 0,
                "comments": 0,
                "shares": 0
            },
            "vk": {
                "shares": 0
            }
        }
    },
    "uuid": "626745df9c64a24ecbb448c899dc5955d6c920d6",
    "url": "https://www.newsbreak.com/news/4226592692487-pasadena-dispensary-burglar-cuts-through-walls-steals-safe-with-cash",
    "ord_in_thread": 0,
    "author": "Sherman Desselle",
    "published": "2025-09-11T05:51:00.000+03:00",
    "title": "Pasadena dispensary burglar cuts through walls, steals safe with cash - NewsBreak",
    "text": "By Sherman Desselle ,\n2 hours ago A masked burglar broke into Grade A Dropouts dispensary in Pasadena by cutting through neighboring walls, stealing a safe with cash and causing major damage. The owner says he doesn’t want to press charges, but wants the thief to cover repair costs; the dispensary remains open during repairs. Another... Read full article\nRead in NewsBreak",
    "highlightText": "",
    "highlightTitle": "",
    "highlightThreadTitle": "",
    "language": "english",
    "sentiment": "negative",
    "categories": [
        "Crime, Law and Justice",
        "Social Issue",
        "Economy, Business and Finance"
    ],
    "topics": [
        "Crime, Law and Justice->investigation (criminal)",
        "Crime, Law and Justice->law enforcement",
        "Crime, Law and Justice->robbery and theft",
        "Social Issue->social problem",
        "Social Issue->juvenile delinquency",
        "Economy, Business and Finance->financial service",
        "Economy, Business and Finance->business governance"
    ],
    "ai_allow": true,
    "has_canonical": false,
    "breaking": null,
    "webz_reporter": false,
    "external_links": [],
    "external_images": [],
    "internal_images": [],
    "entities": {
        "persons": [
            {
                "name": "Sherman Desselle",
                "sentiment": "negative"
            }
        ],
        "locations": [],
        "organizations": []
    },
    "syndication": {
        "syndicated": false,
        "syndicate_id": null,
        "first_syndicated": false
    },
    "trust": {
        "categories": [
            "fake_news"
        ],
        "top_news": [],
        "bias": "center",
        "source": {
            "type": null,
            "city": null,
            "state": null,
            "country": null,
            "domain_type": null,
            "agency": null,
            "organization_name": null
        }
    },
    "rating": null,
    "crawled": "2025-09-11T08:23:53.340+03:00",
    "updated": "2025-09-11T08:28:44.000+03:00"
}