{
    "thread": {
        "uuid": "d3ad9d66f163be52f13d7302c3bd36b92f21b763",
        "url": "https://www.wlrn.org/news-in-brief/2025-09-11/monroe-county-commissioners-vote-against-ordinance-to-expand-overseas-highway-through-florida-keys",
        "site_full": "www.wlrn.org",
        "site": "wlrn.org",
        "site_section": "https://news.google.com/search?q=against%20when%3A1h&hl=en-US&gl=US&ceid=US%3Aen",
        "site_categories": [
            "media"
        ],
        "section_title": "Google News - Search",
        "site_title": "WLRN Homepage | WLRN",
        "title": "Monroe County commissioners vote against ordinance to expand Overseas Highway through Florida Keys",
        "title_full": "Monroe County commissioners vote against ordinance to expand Overseas Highway through Florida Keys",
        "published": "2025-09-11T03:09:00.000+03:00",
        "replies_count": 0,
        "participants_count": 1,
        "site_type": "news",
        "country": "US",
        "main_image": "https://npr.brightspotcdn.com/dims4/default/f078157/2147483647/strip/true/crop/3830x2011+148+0/resize/1200x630!/quality/90/?url=http%3A%2F%2Fnpr-brightspot.s3.amazonaws.com%2F99%2Fa0%2F1da3ad1b40e1bda39778de8cb608%2Fap110218044672.jpg",
        "performance_score": 0,
        "domain_rank": 16601,
        "domain_rank_updated": "2025-06-03T00:00:00.000+03:00",
        "licensing_agency": [],
        "social": {
            "facebook": {
                "likes": 0,
                "comments": 0,
                "shares": 0
            },
            "vk": {
                "shares": 0
            }
        }
    },
    "uuid": "d3ad9d66f163be52f13d7302c3bd36b92f21b763",
    "url": "https://www.wlrn.org/news-in-brief/2025-09-11/monroe-county-commissioners-vote-against-ordinance-to-expand-overseas-highway-through-florida-keys",
    "ord_in_thread": 0,
    "author": "WLRN News Staff",
    "published": "2025-09-11T03:09:00.000+03:00",
    "title": "Monroe County commissioners vote against ordinance to expand Overseas Highway through Florida Keys",
    "text": "Monroe County commissioners vote against ordinance to expand Overseas Highway through Florida Keys\nThe Monroe County Board of County Commissioners rejected a proposed ordinance on Wednesday that would have allowed for the expansion of traffic lanes on the Overseas Highway, or U.S. 1.\nAll five commissioners, in a joint statement, said they could not support the changes, \"especially after hearing from the public and receiving public comment throughout the week.\"\nMonroe County staff will continue to work with the Florida Department of Transportation on \"alternative ways to improve traffic and alleviate congestion on the highway,\" said commissioners.\nThe Overseas Highway links Florida’s mainland with Key West, stretching about 108 miles through islands and offering travelers breathtaking views of the region.\nU.S. 1, the official name of the Overseas Highway, makes a long, sweeping curve southward from the mainland toward Key West. There aren’t many twists or turns, but there countless side streets that link the highway with waterfront neighborhoods.",
    "highlightText": "",
    "highlightTitle": "",
    "highlightThreadTitle": "",
    "language": "english",
    "sentiment": "negative",
    "categories": [
        "Politics",
        "Economy, Business and Finance",
        "Social Issue"
    ],
    "topics": [
        "Politics->government policy",
        "Politics->political process",
        "Politics->local government and authority",
        "Economy, Business and Finance->business governance",
        "Economy, Business and Finance->transport"
    ],
    "ai_allow": true,
    "has_canonical": false,
    "breaking": null,
    "webz_reporter": false,
    "external_links": [],
    "external_images": [],
    "internal_images": [],
    "entities": {
        "persons": [],
        "locations": [
            {
                "name": "County",
                "sentiment": "none"
            }
        ],
        "organizations": [
            {
                "name": "Monroe County Board of County Commissioners",
                "sentiment": "none",
                "tickers": []
            },
            {
                "name": "Florida Department of Transportation",
                "sentiment": "none",
                "tickers": [
                    {
                        "ticker": null,
                        "exchange": null
                    }
                ]
            }
        ]
    },
    "syndication": {
        "syndicated": false,
        "syndicate_id": "d3ad9d66f163be52f13d7302c3bd36b92f21b763",
        "first_syndicated": true
    },
    "trust": {
        "categories": null,
        "top_news": [],
        "bias": null,
        "source": {
            "type": "local_news",
            "city": [
                "Miami"
            ],
            "state": [
                "Florida"
            ],
            "country": [
                "US"
            ],
            "domain_type": null,
            "agency": null,
            "organization_name": null
        }
    },
    "rating": null,
    "crawled": "2025-09-11T07:41:22.926+03:00",
    "updated": "2025-09-11T07:43:55.000+03:00"
}