{
    "thread": {
        "uuid": "976af317e10440e4b4ff262019921d626c1c86cf",
        "url": "https://www.mcknightsseniorliving.com/news/national-health-investors-issues-default-notice-to-national-healthcare-corp/",
        "site_full": "www.mcknightsseniorliving.com",
        "site": "mcknightsseniorliving.com",
        "site_section": "https://www.mcknightsseniorliving.com/home/news/",
        "site_categories": [
            "society",
            "family_and_parenting",
            "eldercare",
            "senior_living"
        ],
        "section_title": "News",
        "site_title": "Home - McKnight&#039;s Senior Living",
        "title": "National Health Investors issues default notice to National HealthCare Corp.",
        "title_full": "National Health Investors issues default notice to National HealthCare Corp.",
        "published": "2025-09-11T07:04:00.000+03:00",
        "replies_count": 0,
        "participants_count": 0,
        "site_type": "news",
        "country": "US",
        "main_image": "https://www.mcknightsseniorliving.com/wp-content/uploads/sites/3/2021/11/eMendelsohn_110821_MCK.jpg",
        "performance_score": 0,
        "domain_rank": 53458,
        "domain_rank_updated": "2025-06-03T00:00:00.000+03:00",
        "licensing_agency": [],
        "social": {
            "facebook": {
                "likes": 0,
                "comments": 0,
                "shares": 0
            },
            "vk": {
                "shares": 0
            }
        }
    },
    "uuid": "976af317e10440e4b4ff262019921d626c1c86cf",
    "url": "https://www.mcknightsseniorliving.com/news/national-health-investors-issues-default-notice-to-national-healthcare-corp/",
    "ord_in_thread": 0,
    "author": null,
    "published": "2025-09-11T07:04:00.000+03:00",
    "title": "National Health Investors issues default notice to National HealthCare Corp.",
    "text": "NHI President and CEO Eric Mendelsohn National HealthCare Corp., one of National Health Investors’ largest tenants, is in default to the Murfreesboro, TN-based real estate investment trust, according to a notice filed this week with the Securities and Exchange Commission.\nAn affiliate of NHC operates 32 of NHI’s skilled nursing facilities and three of the REIT’s independent living communities. NHI first notified NHC of non-compliance with lease provisions on July 29, giving the company until Aug. 29 to resolve the issues, according to the SEC filing.\nNHC now has 30 days from Sept. 8 (the cure period prescribed in the master lease) to regain compliance, according to the notice. After that, NHI could declare an “event of default,” after which NHI would be entitled to pursue remedies under the master lease.\n“This lease dispute lands at a moment when momentum around NHI has started shifting. Shares have advanced almost 15% year to date and nearly 10% over the past three months, but are still trailing their price from twelve months ago,” according to a Simply WallSt article . “Although annual revenue and net income both saw single-digit growth recently, pressure from activist voices earlier in the year and ongoing negotiations with key tenants keep uncertainty swirling around the stock’s risk profile.”\nActivist investor Land & Buildings previously cautioned NHC to “tread carefully” when re-negotiating its contract with the REIT when its lease expires at the end of next year.\nA special NHI board committee tasked with overseeing the NHC lease negotiation is actively engaged with management, NHI President and CEO Eric Mendelsohn said last month during the REIT’s second-quarter earnings call .",
    "highlightText": "",
    "highlightTitle": "",
    "highlightThreadTitle": "",
    "language": "english",
    "sentiment": "negative",
    "categories": [
        "Economy, Business and Finance",
        "Politics",
        "Social Issue"
    ],
    "topics": [
        "Economy, Business and Finance->business governance",
        "Economy, Business and Finance->financial service",
        "Economy, Business and Finance->healthcare industry",
        "Politics->economic policy",
        "Politics->government",
        "Social Issue->social condition",
        "Social Issue->social services",
        "Social Issue->demographics"
    ],
    "ai_allow": true,
    "has_canonical": false,
    "breaking": false,
    "webz_reporter": false,
    "external_links": [
        "https://www.sec.gov/ix?doc=/Archives/edgar/data/0000877860/000087786025000162/nhi-20250908.htm",
        "https://finance.yahoo.com/news/look-national-health-investors-valuation-110450062.html",
        "https://www.finance.yahoo.com/news/look-national-health-investors-valuation-110450062.html",
        "https://sec.gov/ix?doc=/Archives/edgar/data/0000877860/000087786025000162/nhi-20250908.htm",
        "https://www.sec.gov/ix"
    ],
    "external_images": [],
    "internal_images": [],
    "entities": {
        "persons": [],
        "locations": [],
        "organizations": [
            {
                "name": "National HealthCare Corp.",
                "sentiment": "negative",
                "tickers": []
            },
            {
                "name": "Securities and Exchange Commission",
                "sentiment": "none",
                "tickers": [
                    {
                        "ticker": null,
                        "exchange": null
                    }
                ]
            },
            {
                "name": "NHC",
                "sentiment": "none",
                "tickers": [
                    {
                        "ticker": null,
                        "exchange": null
                    }
                ]
            }
        ]
    },
    "syndication": {
        "syndicated": false,
        "syndicate_id": null,
        "first_syndicated": false
    },
    "trust": {
        "categories": [],
        "top_news": [],
        "bias": null,
        "source": {
            "type": null,
            "city": null,
            "state": null,
            "country": null,
            "domain_type": null,
            "agency": null,
            "organization_name": null
        }
    },
    "rating": null,
    "crawled": "2025-09-11T08:03:12.579+03:00",
    "updated": "2025-09-11T08:08:57.000+03:00"
}