{
    "thread": {
        "uuid": "6a9728eabe79ba97613ff1558c6e84eaee3ef951",
        "url": "https://article.wn.com/view/2025/09/11/US_Seeks_to_Recover_12M_USDT_Tied_to_Crypto_Investment_Scam/",
        "site_full": "article.wn.com",
        "site": "wn.com",
        "site_section": "https://wn.com/cryptocurrencies",
        "site_categories": [
            "media"
        ],
        "section_title": "World News - Crypto Currencies",
        "site_title": "World News",
        "title": "US Seeks to Recover $12M USDT Tied to Crypto Investment Scam - Worldnews.com",
        "title_full": "US Seeks to Recover $12M USDT Tied to Crypto Investment Scam - Worldnews.com",
        "published": "2025-09-11T03:00:00.000+03:00",
        "replies_count": 0,
        "participants_count": 1,
        "site_type": "news",
        "country": "US",
        "main_image": "",
        "performance_score": 0,
        "domain_rank": 3835,
        "domain_rank_updated": "2025-06-03T00:00:00.000+03:00",
        "licensing_agency": [],
        "social": {
            "facebook": {
                "likes": 0,
                "comments": 0,
                "shares": 0
            },
            "vk": {
                "shares": 0
            }
        }
    },
    "uuid": "6a9728eabe79ba97613ff1558c6e84eaee3ef951",
    "url": "https://article.wn.com/view/2025/09/11/US_Seeks_to_Recover_12M_USDT_Tied_to_Crypto_Investment_Scam/",
    "ord_in_thread": 0,
    "author": "System",
    "published": "2025-09-11T03:00:00.000+03:00",
    "title": "US Seeks to Recover $12M USDT Tied to Crypto Investment Scam - Worldnews.com",
    "text": "Federal prosecutors in Albany are going after more than $12 million in USDT, they say, that was tied to a crypto investment scam. They’ve filed a civil forfeiture complaint in an attempt to take the funds back. It’s another signal that officials are treating crypto scams just like any other financial crime. How the Scam Played...\nread full story\n\"one of the most important tools in crypto investigations,\"",
    "highlightText": "",
    "highlightTitle": "",
    "highlightThreadTitle": "",
    "language": "english",
    "sentiment": "negative",
    "categories": [
        "Economy, Business and Finance",
        "Crime, Law and Justice",
        "Social Issue"
    ],
    "topics": [
        "Economy, Business and Finance->financial and economic news",
        "Crime, Law and Justice->fraud",
        "Social Issue->social problem"
    ],
    "ai_allow": true,
    "has_canonical": false,
    "breaking": null,
    "webz_reporter": false,
    "external_links": [
        "https://99bitcoins.com/?p=281923",
        "https://www.99bitcoins.com/?p=281923",
        "https://99bitcoins.com/"
    ],
    "external_images": [],
    "internal_images": [],
    "entities": {
        "persons": [],
        "locations": [],
        "organizations": []
    },
    "syndication": {
        "syndicated": false,
        "syndicate_id": null,
        "first_syndicated": false
    },
    "trust": {
        "categories": [
            "trusted_news"
        ],
        "top_news": [],
        "bias": "center",
        "source": {
            "type": null,
            "city": null,
            "state": null,
            "country": null,
            "domain_type": null,
            "agency": null,
            "organization_name": null
        }
    },
    "rating": null,
    "crawled": "2025-09-11T08:26:51.084+03:00",
    "updated": "2025-09-11T08:29:56.000+03:00"
}