{
    "thread": {
        "uuid": "e76b57c7e946deaf112cdb2af62a8ad18eaa9ee5",
        "url": "https://www.marketbeat.com/instant-alerts/insider-selling-natera-inc-nasdaqntra-ceo-sells-1622-shares-of-stock-2025-07-22/",
        "site_full": "www.marketbeat.com",
        "site": "marketbeat.com",
        "site_section": "https://www.marketbeat.com/rss.ashx?type=headlines",
        "site_categories": [
            "investing",
            "financial_news",
            "finance",
            "stocks"
        ],
        "section_title": "MarketBeat News Feed",
        "site_title": "MarketBeat: Stock Market News and Research Tools",
        "title": "Insider Selling: Natera, Inc. (NASDAQ:NTRA) CEO Sells 1,622 Shares of Stock",
        "title_full": "Insider Selling: Natera, Inc. (NASDAQ:NTRA) CEO Sells 1,622 Shares of Stock",
        "published": "2025-07-24T06:55:00.000+03:00",
        "replies_count": 0,
        "participants_count": 1,
        "site_type": "news",
        "country": "US",
        "main_image": "https://www.marketbeat.com/logos/natera-inc-logo-1200x675.jpg?v=20221117161649",
        "performance_score": 0,
        "domain_rank": 9003,
        "domain_rank_updated": "2025-06-03T00:00:00.000+03:00",
        "licensing_agency": [],
        "social": {
            "facebook": {
                "likes": 0,
                "comments": 0,
                "shares": 0
            },
            "vk": {
                "shares": 0
            }
        }
    },
    "uuid": "e76b57c7e946deaf112cdb2af62a8ad18eaa9ee5",
    "url": "https://www.marketbeat.com/instant-alerts/insider-selling-natera-inc-nasdaqntra-ceo-sells-1622-shares-of-stock-2025-07-22/",
    "ord_in_thread": 0,
    "author": "MarketBeat",
    "published": "2025-07-24T06:55:00.000+03:00",
    "title": "Insider Selling: Natera, Inc. (NASDAQ:NTRA) CEO Sells 1,622 Shares of Stock",
    "text": "Insider Selling: Natera, Inc. (NASDAQ:NTRA) CEO Sells 1,622 Shares of Stock Written by MarketBeat July 23, 2025 Share Link copied to clipboard. Natera, Inc. ( NASDAQ:NTRA - Get Free Report ) CEO Steven Leonard Chapman sold 1,622 shares of the stock in a transaction on Monday, July 21st. The stock was sold at an average price of $139.29, for a total value of $225,928.38. Following the completion of the sale, the chief executive officer owned 175,492 shares in the company, valued at $24,444,280.68. This trade represents a 0.92% decrease in their position. The sale was disclosed in a filing with the SEC, which can be accessed through this hyperlink .\nGet Natera alerts: Sign Up 3 Under-the-Radar Healthcare Companies Steven Leonard Chapman also recently made the following trade(s): On Tuesday, July 1st, Steven Leonard Chapman sold 5,343 shares of Natera stock. The stock was sold at an average price of $166.53, for a total value of $889,769.79. On Monday, June 2nd, Steven Leonard Chapman sold 6,111 shares of Natera stock. The stock was sold at an average price of $157.10, for a total value of $960,038.10. On Thursday, May 1st, Steven Leonard Chapman sold 6,980 shares of Natera stock. The shares were sold at an average price of $150.10, for a total value of $1,047,698.00. On Monday, April 28th, Steven Leonard Chapman sold 6,203 shares of Natera stock. The shares were sold at an average price of $152.18, for a total value of $943,972.54. Natera Price Performance\nNTRA traded down $0.71 on Tuesday, hitting $139.92. The company had a trading volume of 1,131,356 shares, compared to its average volume of 1,412,440. Natera, Inc. has a 52-week low of $92.14 and a 52-week high of $183.00. The stock has a fifty day simple moving average of $159.51 and a 200-day simple moving average of $157.69. The firm has a market capitalization of $19.11 billion, a P/E ratio of -95.18 and a beta of 1.73.\nMyriad Genetics Sees Stock Surge with Hereditary Cancer Tests Natera ( NASDAQ:NTRA - Get Free Report ) last released its earnings results on Thursday, May 8th. The medical research company reported ($0.50) earnings per share (EPS) for the quarter, beating the consensus estimate of ($0.59) by $0.09. Natera had a negative net margin of 10.36% and a negative return on equity of 18.29%. The firm had revenue of $501.83 million during the quarter, compared to analyst estimates of $446.68 million. During the same period last year, the business earned ($0.56) earnings per share. The business's revenue was up 36.5% on a year-over-year basis. Equities research analysts expect that Natera, Inc. will post -1.49 earnings per share for the current fiscal year. Hedge Funds Weigh In On Natera\nSeveral large investors have recently made changes to their positions in NTRA. Price T Rowe Associates Inc. MD raised its holdings in Natera by 134.9% in the 4th quarter. Price T Rowe Associates Inc. MD now owns 6,742,428 shares of the medical research company's stock worth $1,067,327,000 after acquiring an additional 3,871,862 shares during the last quarter. JPMorgan Chase & Co. raised its holdings in Natera by 43.7% in the 4th quarter. JPMorgan Chase & Co. now owns 6,701,425 shares of the medical research company's stock worth $1,060,836,000 after acquiring an additional 2,036,396 shares during the last quarter. Norges Bank purchased a new position in Natera in the 4th quarter worth approximately $224,040,000. Vanguard Group Inc. raised its holdings in Natera by 7.7% in the 4th quarter. Vanguard Group Inc. now owns 12,316,470 shares of the medical research company's stock worth $1,949,697,000 after acquiring an additional 879,463 shares during the last quarter. Finally, Nuveen LLC purchased a new position in Natera in the 1st quarter worth approximately $113,375,000. 99.90% of the stock is currently owned by hedge funds and other institutional investors. Wall Street Analyst Weigh In\nNTRA has been the topic of a number of research reports. UBS Group raised their price target on Natera from $211.00 to $218.00 and gave the company a \"buy\" rating in a research report on Friday, May 9th. Piper Sandler raised their price target on Natera from $205.00 to $210.00 and gave the company an \"overweight\" rating in a research report on Thursday, May 15th. Wall Street Zen downgraded Natera from a \"hold\" rating to a \"sell\" rating in a research report on Saturday, May 17th. Finally, Barclays raised their price target on Natera from $160.00 to $190.00 and gave the company an \"overweight\" rating in a research report on Friday, May 9th. One research analyst has rated the stock with a sell rating and fifteen have given a buy rating to the company's stock. According to data from MarketBeat, the company currently has a consensus rating of \"Moderate Buy\" and an average price target of $184.63.\nRead Our Latest Report on Natera About Natera ( Get Free Report )\nNatera, Inc, a diagnostics company, develops and commercializes molecular testing services worldwide. Its products include Panorama, a non-invasive prenatal test that screens for chromosomal abnormalities of a fetus, as well as in twin pregnancies; Horizon carrier screening test for individuals and couples determine if they are carriers of genetic variations that cause certain genetic conditions; Vistara single-gene NIPT screens for 25 single-gene disorders that cause severe skeletal, cardiac, and neurological conditions; Spectrum, preimplantation genetic tests for couples undergoing IVF; Anora that analyzes miscarriage tissue from women; Empower, a hereditary cancer screening test; and non-invasive prenatal paternity product, which allows a couple to establish paternity without waiting for the child to be born. Read More\nThis instant news alert was generated by narrative science technology and financial data from MarketBeat in order to provide readers with the fastest and most accurate reporting. This story was reviewed by MarketBeat's editorial team prior to publication. Please send any questions or comments about this story to contact@marketbeat.com.\nShould You Invest $1,000 in Natera Right Now? Before you consider Natera, you'll want to hear this.\nMarketBeat keeps track of Wall Street's top-rated and best performing research analysts and the stocks they recommend to their clients on a daily basis. MarketBeat has identified the five stocks that top analysts are quietly whispering to their clients to buy now before the broader market catches on... and Natera wasn't on the list.\nWhile Natera currently has a Buy rating among analysts, top-rated analysts believe these five stocks are better buys.\nView The Five Stocks Here\nThe Next 7 Blockbuster Stocks for Growth Investors Wondering what the next stocks will be that hit it big, with solid fundamentals? Enter your email address to see which stocks MarketBeat analysts could become the next blockbuster growth stocks.\nGet This Free Report Like this article? Share it with a colleague. Link copied to clipboard.",
    "highlightText": "",
    "highlightTitle": "",
    "highlightThreadTitle": "",
    "language": "english",
    "sentiment": "negative",
    "categories": [
        "Economy, Business and Finance"
    ],
    "topics": [
        "Economy, Business and Finance->corporate news and profiles",
        "Economy, Business and Finance->financial service"
    ],
    "ai_allow": true,
    "has_canonical": false,
    "breaking": null,
    "webz_reporter": false,
    "external_links": [
        "http://www.sec.gov/Archives/edgar/data/1604821/000141588925020159/xslF345X05/form4-07222025_090701.xml",
        "https://twitter.com/intent/tweet?text=Insider+Selling%3a+Natera%2c+Inc.+(NASDAQ%3aNTRA)+CEO+Sells+1%2c622+Shares+of+Stock%20%24NTRA%20%23NTRA%20https://www.marketbeat.com/instant-alerts/insider-selling-natera-inc-nasdaqntra-ceo-sells-1622-shares-of-stock-2025-07-22/",
        "https://www.americanconsumernews.net/scripts/standalone/viewcount.ashx?type=i&id=676349&domain=marketbeat.com&referrer=",
        "https://api.stocktwits.com/widgets/share?via=MarketBeat&body=Insider+Selling%3a+Natera%2c+Inc.+(NASDAQ%3aNTRA)+CEO+Sells+1%2c622+Shares+of+Stock%20https://www.marketbeat.com/instant-alerts/insider-selling-natera-inc-nasdaqntra-ceo-sells-1622-shares-of-stock-2025-07-22/",
        "https://www.linkedin.com/cws/share?mini=true&url=https://www.marketbeat.com/instant-alerts/insider-selling-natera-inc-nasdaqntra-ceo-sells-1622-shares-of-stock-2025-07-22/",
        "https://www.insidertrades.com/natera-inc-stock/steven-leonard-chapman/",
        "https://www.american",
        "https://www.wallstreetzen.com/newsletters/zen-ratings?ticker=NTRA&utm_campaign=getratings&utm_medium=online&utm_source=MarketBeat",
        "https://twitter.com/intent/tweet?text=Insider+Selling%3a+Natera%2c+Inc.+(NASDAQ%3aNTRA)+CEO+Sells+1%2c622+Shares+of+Stock%20https://www.marketbeat.com/instant-alerts/insider-selling-natera-inc-nasdaqntra-ceo-sells-1622-shares-of-stock-2025-07-22/",
        "https://www.facebook.com/sharer/sharer.php?u=https://www.marketbeat.com/instant-alerts/insider-selling-natera-inc-nasdaqntra-ceo-sells-1622-shares-of-stock-2025-07-22/",
        "https://insidertrades.com/natera-inc-stock/steven-leonard-chapman/",
        "https://www.facebook.com/sharer/sharer.php?u=https://www.marketbeat.com/instant-alerts/insider-selling-natera-inc-nasdaqntra-ceo-sells-1622-shares-of-stock-2025-07-22",
        "https://facebook.com/sharer/sharer.php?u=https://marketbeat.com/instant-alerts/insider-selling-natera-inc-nasdaqntra-ceo-sells-1622-shares-of-stock-2025-07-22/",
        "https://twitter.com/intent/tweet?text=Insider+Selling%3a+Natera%2c+Inc.+(NASDAQ%3aNTRA)+CEO+Sells+1%2c622+Shares+of+Stock%20https://marketbeat.com/instant-alerts/insider-selling-natera-inc-nasdaqntra-ceo-sells-1622-shares-of-stock-2025-07-22/",
        "https://twitter.com/intent/tweet?text=Insider+Selling%3a+Natera%2c+Inc.+(NASDAQ%3aNTRA)+CEO+Sells+1%2c622+Shares+of+Stock%20%24NTRA%20%23NTRA%20https://marketbeat.com/instant-alerts/insider-selling-natera-inc-nasdaqntra-ceo-sells-1622-shares-of-stock-2025-07-22/",
        "https://americanconsumernews.net/scripts/standalone/viewcount.ashx?type=i&id=676349&domain=marketbeat.com&referrer=",
        "https://www.linkedin.com/cws/share?mini=true&url=https://www.marketbeat.com/instant-alerts/insider-selling-natera-inc-nasdaqntra-ceo-sells-1622-shares-of-stock-2025-07-22",
        "http://sec.gov/Archives/edgar/data/1604821/000141588925020159/xslF345X05/form4-07222025_090701.xml",
        "https://www.americanconsumernews.net/scripts/standalone/viewcount.ashx",
        "https://api.stocktwits.com/widgets/share",
        "https://api.stocktwits.com/widgets/share?via=MarketBeat&body=Insider+Selling%3a+Natera%2c+Inc.+(NASDAQ%3aNTRA)+CEO+Sells+1%2c622+Shares+of+Stock%20https://www.marketbeat.com/instant-alerts/insider-selling-natera-inc-nasdaqntra-ceo-sells-1622-shares-of-stock-2025-07-22",
        "https://linkedin.com/cws/share?mini=true&url=https://marketbeat.com/instant-alerts/insider-selling-natera-inc-nasdaqntra-ceo-sells-1622-shares-of-stock-2025-07-22/",
        "https://twitter.com/intent/tweet",
        "https://www.linkedin.com/cws/share",
        "https://www.facebook.com/sharer/sharer.php",
        "https://twitter.com/intent/tweet?text=Insider+Selling%3a+Natera%2c+Inc.+(NASDAQ%3aNTRA)+CEO+Sells+1%2c622+Shares+of+Stock%20%24NTRA%20%23NTRA%20https://www.marketbeat.com/instant-alerts/insider-selling-natera-inc-nasdaqntra-ceo-sells-1622-shares-of-stock-2025-07-22",
        "https://api.stocktwits.com/widgets/share?via=MarketBeat&body=Insider+Selling%3a+Natera%2c+Inc.+(NASDAQ%3aNTRA)+CEO+Sells+1%2c622+Shares+of+Stock%20https://marketbeat.com/instant-alerts/insider-selling-natera-inc-nasdaqntra-ceo-sells-1622-shares-of-stock-2025-07-22/",
        "https://twitter.com/intent/tweet?text=Insider+Selling%3a+Natera%2c+Inc.+(NASDAQ%3aNTRA)+CEO+Sells+1%2c622+Shares+of+Stock%20https://www.marketbeat.com/instant-alerts/insider-selling-natera-inc-nasdaqntra-ceo-sells-1622-shares-of-stock-2025-07-22",
        "https://www.wallstreetzen.com/newsletters/zen-ratings",
        "https://american",
        "https://www.insidertrades.com/natera-inc-stock/steven-leonard-chapman",
        "https://wallstreetzen.com/newsletters/zen-ratings?ticker=NTRA&utm_campaign=getratings&utm_medium=online&utm_source=MarketBeat"
    ],
    "external_images": [],
    "internal_images": [],
    "entities": {
        "persons": [
            {
                "name": "MarketBeat Ju",
                "sentiment": "negative"
            },
            {
                "name": "Steven Leonard Chapman",
                "sentiment": "none"
            },
            {
                "name": "Natera",
                "sentiment": "none"
            }
        ],
        "locations": [],
        "organizations": [
            {
                "name": "NTRA",
                "sentiment": "negative",
                "tickers": []
            },
            {
                "name": "SEC",
                "sentiment": "none",
                "tickers": [
                    {
                        "ticker": null,
                        "exchange": null
                    }
                ]
            }
        ]
    },
    "syndication": {
        "syndicated": false,
        "syndicate_id": null,
        "first_syndicated": false
    },
    "trust": {
        "categories": [],
        "top_news": [],
        "bias": null,
        "source": {
            "type": null,
            "city": null,
            "state": null,
            "country": null,
            "domain_type": null,
            "agency": null,
            "organization_name": null
        }
    },
    "rating": null,
    "crawled": "2025-07-24T08:07:08.578+03:00",
    "updated": "2025-07-24T08:09:49.000+03:00"
}