{
    "thread": {
        "uuid": "e4ac157586460980777d35524ac0fdeeea38750a",
        "url": "https://www.channelnewsasia.com/business/microsoft-says-some-sharepoint-hackers-now-using-ransomware-5255641",
        "site_full": "www.channelnewsasia.com",
        "site": "channelnewsasia.com",
        "site_section": "https://www.channelnewsasia.com/api/v1/rss-outbound-feed?_format=xml",
        "site_categories": [
            "society",
            "tech",
            "top_news_ph",
            "top_news_th",
            "top_news_id",
            "top_news_sg",
            "top_news_my",
            "top_news"
        ],
        "section_title": "Latest News",
        "site_title": "Breaking News and Analysis on Asia and the World | Real-Time Coverage out of Asia and Singapore - CNA",
        "title": "Microsoft says some SharePoint hackers now using ransomware - CNA",
        "title_full": "Microsoft says some SharePoint hackers now using ransomware - CNA",
        "published": "2025-07-24T06:29:00.000+03:00",
        "replies_count": 0,
        "participants_count": 1,
        "site_type": "news",
        "country": "SG",
        "main_image": "https://dam.mediacorp.sg/image/upload/s--_zZ18NV---/fl_relative,g_south_east,l_mediacorp:cna:watermark:2024-04:reuters_1,w_0.1/f_auto,q_auto/c_fill,g_auto,h_676,w_1200/v1/one-cms/core/2025-07-24t032930z_1_lynxmpel6n03c_rtroptp_3_tech-conference-mwc.jpg?itok=71YGx291",
        "performance_score": 0,
        "domain_rank": 1745,
        "domain_rank_updated": "2025-06-03T00:00:00.000+03:00",
        "licensing_agency": [],
        "social": {
            "facebook": {
                "likes": 0,
                "comments": 0,
                "shares": 0
            },
            "vk": {
                "shares": 0
            }
        }
    },
    "uuid": "e4ac157586460980777d35524ac0fdeeea38750a",
    "url": "https://www.channelnewsasia.com/business/microsoft-says-some-sharepoint-hackers-now-using-ransomware-5255641",
    "ord_in_thread": 0,
    "author": "CNA",
    "published": "2025-07-24T06:29:00.000+03:00",
    "title": "Microsoft says some SharePoint hackers now using ransomware - CNA",
    "text": "WASHINGTON :Microsoft said some of the hackers involved in the cyberespionage sweep aimed at the U.S. tech giant's SharePoint servers are now using ransomware, a potential escalation in the wide-ranging spy campaign.\nMicrosoft made the claim in a blog post issued late Wednesday.\nSource: Reuters Newsletter Week in Review Subscribe to our Chief Editor’s Week in Review\nOur chief editor shares analysis and picks of the week's biggest news every Saturday.\nSign up for our newsletters Get our pick of top stories and thought-provoking articles in your inbox\nSubscribe here Get the CNA app Stay updated with notifications for breaking news and our best stories\nDownload here Get WhatsApp alerts\nJoin our channel for the top reads for the day on your preferred chat app\nJoin here Advertisement Also worth reading Content is loading... Advertisement Expand to read the full story Get bite-sized news via a new\ncards interface. Give it a try. Click here to return to FAST Tap here to return to FAST FAST",
    "highlightText": "",
    "highlightTitle": "",
    "highlightThreadTitle": "",
    "language": "english",
    "sentiment": "negative",
    "categories": [
        "Crime, Law and Justice",
        "Science and Technology",
        "Economy, Business and Finance"
    ],
    "topics": [
        "Crime, Law and Justice->corporate crime",
        "Crime, Law and Justice->investigation (criminal)",
        "Crime, Law and Justice->cyber crime",
        "Science and Technology->scientific research",
        "Science and Technology->technology and engineering",
        "Science and Technology->information technology and computer science",
        "Economy, Business and Finance->computing and information technology",
        "Economy, Business and Finance->financial and economic news",
        "Economy, Business and Finance->business governance"
    ],
    "ai_allow": true,
    "has_canonical": false,
    "breaking": null,
    "webz_reporter": false,
    "external_links": [
        "https://cna.asia/whatsapp",
        "https://www.cna.asia/whatsapp"
    ],
    "external_images": [],
    "internal_images": [],
    "entities": {
        "persons": [],
        "locations": [],
        "organizations": [
            {
                "name": "CNA",
                "sentiment": "neutral",
                "tickers": []
            },
            {
                "name": "Microsoft",
                "sentiment": "neutral",
                "tickers": []
            },
            {
                "name": "Reuters Newsletter Week",
                "sentiment": "none",
                "tickers": []
            },
            {
                "name": "microsoft",
                "sentiment": "none",
                "tickers": [
                    {
                        "ticker": "MSFT",
                        "exchange": "NASDAQ"
                    }
                ]
            },
            {
                "name": "cna",
                "sentiment": "none",
                "tickers": [
                    {
                        "ticker": null,
                        "exchange": null
                    }
                ]
            }
        ]
    },
    "syndication": {
        "syndicated": false,
        "syndicate_id": null,
        "first_syndicated": false
    },
    "trust": {
        "categories": [
            "trusted_news"
        ],
        "top_news": [
            "top_news_ph",
            "top_news_th",
            "top_news_id",
            "top_news_sg",
            "top_news_my",
            "top_news"
        ],
        "bias": "center",
        "source": {
            "type": null,
            "city": null,
            "state": null,
            "country": null,
            "domain_type": null,
            "agency": null,
            "organization_name": null
        }
    },
    "rating": null,
    "crawled": "2025-07-24T08:25:51.249+03:00",
    "updated": "2025-07-24T08:30:23.000+03:00"
}