{
    "thread": {
        "uuid": "1466a6803eead4242d9574fffcf4601267d84efb",
        "url": "https://www.news18.com/business/markets/iex-shares-tank-10-after-regulator-clears-market-coupling-for-day-ahead-power-trade-9459880.html",
        "site_full": "www.news18.com",
        "site": "news18.com",
        "site_section": "https://news18.com/news",
        "site_categories": [
            "media",
            "top_news_in",
            "top_news_ph",
            "top_news_pk",
            "top_news_ae",
            "top_news_qa",
            "top_news_sg",
            "top_news_sa",
            "top_news_kw",
            "top_news"
        ],
        "section_title": "Latest News | Today News Headlines from India &amp; World | Breaking News India Today Live - News18",
        "site_title": "News: Get Latest News Today, Breaking News, Top News Headlines, India and World News | News18",
        "title": "IEX Shares Tank 15% After Regulator Clears Market Coupling for Day-Ahead Power Trade",
        "title_full": "IEX Shares Tank 15% After Regulator Clears Market Coupling for Day-Ahead Power Trade",
        "published": "2025-07-24T06:58:00.000+03:00",
        "replies_count": 0,
        "participants_count": 1,
        "site_type": "news",
        "country": "IN",
        "main_image": "https://images.news18.com/ibnlive/uploads/2025/07/iex-shares-in-focus-after-power-trade-volume-rises-9-in-february-2025-07-997595c8dc08737639fdc045d5d36a25-16x9.jpg",
        "performance_score": 0,
        "domain_rank": 2068,
        "domain_rank_updated": "2025-06-03T00:00:00.000+03:00",
        "licensing_agency": [],
        "social": {
            "facebook": {
                "likes": 0,
                "comments": 0,
                "shares": 0
            },
            "vk": {
                "shares": 0
            }
        }
    },
    "uuid": "1466a6803eead4242d9574fffcf4601267d84efb",
    "url": "https://www.news18.com/business/markets/iex-shares-tank-10-after-regulator-clears-market-coupling-for-day-ahead-power-trade-9459880.html",
    "ord_in_thread": 0,
    "author": "@cnnnews18",
    "published": "2025-07-24T06:58:00.000+03:00",
    "title": "IEX Shares Tank 15% After Regulator Clears Market Coupling for Day-Ahead Power Trade",
    "text": "IEX Shares Tank 15% After Regulator Clears Market Coupling for Day-Ahead Power Trade\nShares of Indian Energy Exchange Ltd (IEX) hit the 10% lower circuit on Thursday, July 24; Key points for investors\nShares of Indian Energy Exchange Ltd (IEX) hit the 15% lower circuit on Thursday, July 24, following reports that the Central Electricity Regulatory Commission (CERC) has approved the implementation of market coupling in the Day-Ahead Market (DAM).\nAs part of the first phase of these new regulations, DAM will be coupled by January 2026. Under this model, various power exchanges will rotate as Market Coupling Operators (MCOs) through a round-robin mechanism.\nRecommended Stories\nWhat Is Market Coupling?\nMarket coupling is a process that aggregates buy and sell bids from all power exchanges in the country to arrive at a single, uniform market clearing price (MCP). This means electricity traded across all exchanges will follow one uniform price point at any given time. While the change won’t have an immediate impact on end consumers, it could eventually lead to lower power tariffs.\nImpact on Power Exchanges\nOnce implemented, power exchanges will primarily act as platforms to receive bids and dispatch power, reducing their role in price discovery. The move aims to enhance transparency and efficiency in the power market.\nPolicy Push to Reduce Long-Term Contracts\nOne of the government’s key objectives with market coupling is to boost the share of electricity traded through exchanges, as opposed to long-term power purchase agreements (PPAs), which often last up to 25 years. By improving liquidity and transparency in spot markets, the Centre hopes to modernise power trading in India.\nIEX Share Price History\nAt 9:15 a.m., IEX shares were down 10% at ₹169.1 on the NSE. Over the past year, IEX shares have gained nearly 7%, outperforming the Nifty 50, which has risen around 3.3% in the same period.\nDisclaimer: The views and investment tips by experts in this News18.com report are their own and not those of the website or its management. Users are advised to check with certified experts before taking any investment decisions.\nAbout the Author\nAparna Deb\nSensexand Nifty updates, top gainers and losers, and expert analysis. Get real-time insights, financial reports, and\ninvestmentstrategies—only on News18.\n- Location :\n- First Published:\nNews\nbusiness»\nmarketsIEX Shares Tank 15% After Regulator Clears Market Coupling for Day-Ahead Power Trade\nTerms of Useand\nPrivacy Policy.",
    "highlightText": "",
    "highlightTitle": "",
    "highlightThreadTitle": "",
    "language": "english",
    "sentiment": "negative",
    "categories": [
        "Economy, Business and Finance",
        "Politics"
    ],
    "topics": [
        "Economy, Business and Finance->market and exchange",
        "Economy, Business and Finance->business reporting and performance",
        "Economy, Business and Finance->financial service",
        "Politics->economic policy",
        "Politics->regulatory authority"
    ],
    "ai_allow": true,
    "has_canonical": false,
    "breaking": null,
    "webz_reporter": false,
    "external_links": [],
    "external_images": [],
    "internal_images": [],
    "entities": {
        "persons": [],
        "locations": [],
        "organizations": [
            {
                "name": "Central Electricity Regulatory Commission",
                "sentiment": "none",
                "tickers": []
            },
            {
                "name": "Indian Energy Exchange Ltd",
                "sentiment": "none",
                "tickers": []
            },
            {
                "name": "CERC",
                "sentiment": "none",
                "tickers": []
            }
        ]
    },
    "syndication": {
        "syndicated": false,
        "syndicate_id": null,
        "first_syndicated": false
    },
    "trust": {
        "categories": [
            "fake_news"
        ],
        "top_news": [
            "top_news_in",
            "top_news_ph",
            "top_news_pk",
            "top_news_ae",
            "top_news_qa",
            "top_news_sg",
            "top_news_sa",
            "top_news_kw",
            "top_news"
        ],
        "bias": "center",
        "source": {
            "type": null,
            "city": null,
            "state": null,
            "country": null,
            "domain_type": null,
            "agency": null,
            "organization_name": null
        }
    },
    "rating": null,
    "crawled": "2025-07-24T08:16:30.690+03:00",
    "updated": "2025-07-25T09:07:51.000+03:00"
}