{
    "thread": {
        "uuid": "8145fa357b469a6ca2b885923ef2aaf059fd970e",
        "url": "https://www.newsargus.com/news/national/despite-easing-inflation-consumers-in-germany-remain-reluctant-to-start-spending/image_4bb723a3-6527-5d53-94b3-b16913c43c89.html",
        "site_full": "www.newsargus.com",
        "site": "newsargus.com",
        "site_section": "http://www.newsargus.com/search/?f=rss&amp;t=article&amp;c=brunswick_beacon&amp;l=50&amp;s=start_time&amp;sd=desc",
        "site_categories": [
            "media"
        ],
        "section_title": "www.newsargus.com - RSS Results",
        "site_title": "newsargus.com",
        "title": "Despite easing inflation, consumers in Germany remain reluctant to start spending",
        "title_full": "Despite easing inflation, consumers in Germany remain reluctant to start spending",
        "published": "2025-07-24T06:03:00.000+03:00",
        "replies_count": 0,
        "participants_count": 1,
        "site_type": "news",
        "country": "US",
        "main_image": "https://bloximages.newyork1.vip.townnews.com/newsargus.com/content/tncms/assets/v3/editorial/4/bb/4bb723a3-6527-5d53-94b3-b16913c43c89/6881a5a7103b0.image.jpg?crop=341%2C341%2C85%2C0&amp;resize=200%2C200&amp;order=crop%2Cresize",
        "performance_score": 0,
        "domain_rank": 137287,
        "domain_rank_updated": "2025-06-03T00:00:00.000+03:00",
        "licensing_agency": [],
        "social": {
            "facebook": {
                "likes": 0,
                "comments": 0,
                "shares": 0
            },
            "vk": {
                "shares": 0
            }
        }
    },
    "uuid": "8145fa357b469a6ca2b885923ef2aaf059fd970e",
    "url": "https://www.newsargus.com/news/national/despite-easing-inflation-consumers-in-germany-remain-reluctant-to-start-spending/image_4bb723a3-6527-5d53-94b3-b16913c43c89.html",
    "ord_in_thread": 0,
    "author": "Kirill KUDRYAVTSEV",
    "published": "2025-07-24T06:03:00.000+03:00",
    "title": "Despite easing inflation, consumers in Germany remain reluctant to start spending",
    "text": "Despite easing inflation, consumers in Germany remain reluctant to start spending\n- Kirill KUDRYAVTSEV\n- Updated\nTags\nAs featured on\nThe cost-of-living crisis may be easing in Germany but that has not sparked a shopping frenzy just yet in a country where, as a recent survey suggests, people fear inflation more than war.\nLatest e-Edition\n- To view our latest e-Edition click the image on the left.\nLatest News\n-\nStudents find careers, purpose in apprenticeship program -\nSEED program takes root at Wayne Community College -\nHigh-speed chase ends with arrest in Mount Olive -\nStreet named First Baptist Church pastor -\nTeens arrested as result of 15 vehicle break-ins -\nWoman fatally shot Monday on Central Heights Road -\nBoard of Elections members sworn in to office -\nRast places sixth at FBLA national conference\nMost Popular\nArticles\nBody of teen found dead in Neuse RiverPikeville man arrested on forcible rape chargeMount Olive board seats contested in 2025 electionADLA opens opportunity center in Mount OliveMan charged in lawn care business break-insWoman fatally shot Monday on Central Heights RoadSenate defense bill earmarks $95M for SJAFBIncreased law enforcement patrols to combat speedingDeputies arrest 5, seize 21 grams of methStuff the Bus plans annual school supply drive\nImages\nVideos\nCommented\nSorry, there are no recent results for popular commented articles.\nNewsletters - Sign up Today!\nSuccess! An email has been sent to with a link to confirm list signup.\nError! There was an error processing your request.",
    "highlightText": "",
    "highlightTitle": "",
    "highlightThreadTitle": "",
    "language": "english",
    "sentiment": "negative",
    "categories": [
        "Economy, Business and Finance",
        "Social Issue",
        "Human Interest"
    ],
    "topics": [
        "Economy, Business and Finance->consumer goods",
        "Economy, Business and Finance->financial and economic news",
        "Economy, Business and Finance->economy",
        "Social Issue->social condition"
    ],
    "ai_allow": false,
    "has_canonical": true,
    "breaking": null,
    "webz_reporter": false,
    "external_links": [],
    "external_images": [],
    "internal_images": [],
    "entities": {
        "persons": [
            {
                "name": "Kirill KUDRYAVTS",
                "sentiment": "none"
            }
        ],
        "locations": [],
        "organizations": [
            {
                "name": "Wayne Community College",
                "sentiment": "none",
                "tickers": []
            }
        ]
    },
    "syndication": {
        "syndicated": false,
        "syndicate_id": null,
        "first_syndicated": false
    },
    "trust": {
        "categories": [
            "trusted_news"
        ],
        "top_news": [],
        "bias": "center",
        "source": {
            "type": "local_news",
            "city": [
                "Seven Springs",
                "Goldsboro",
                "Mount Olive"
            ],
            "state": [
                "Maryland",
                "North Carolina"
            ],
            "country": [
                "US"
            ],
            "domain_type": null,
            "agency": null,
            "organization_name": null
        }
    },
    "rating": null,
    "crawled": "2025-07-24T07:32:38.709+03:00",
    "updated": "2025-07-24T07:35:58.000+03:00"
}