{
    "thread": {
        "uuid": "dff1e7fd0cc9fc54628cb03b0fd45f0f9bafe7c4",
        "url": "https://theprint.in/?p=2745400",
        "site_full": "theprint.in",
        "site": "theprint.in",
        "site_section": "https://world.einnews.com/ajax/headlines",
        "site_categories": [
            "social",
            "top_news_in",
            "top_news"
        ],
        "section_title": "",
        "site_title": "Latest News and Opinion from India, World, Politics, Governance, Defence, Economy, Education, Ground Reports &#8211; ThePrint",
        "title": "Siddaramaiah's push to include Kurubas in ST fold ruffles complex caste dynamics in Karnataka",
        "title_full": "Siddaramaiah's push to include Kurubas in ST fold ruffles complex caste dynamics in Karnataka",
        "published": "2025-09-18T05:00:00.000+03:00",
        "replies_count": 0,
        "participants_count": 1,
        "site_type": "news",
        "country": "IN",
        "main_image": "https://static.theprint.in/wp-content/uploads/2025/09/Untitled-design-3-2.png",
        "performance_score": 0,
        "domain_rank": 13940,
        "domain_rank_updated": "2025-09-16T00:00:00.000+03:00",
        "licensing_agency": [],
        "social": {
            "facebook": {
                "likes": 0,
                "comments": 0,
                "shares": 0
            },
            "vk": {
                "shares": 0
            }
        }
    },
    "uuid": "dff1e7fd0cc9fc54628cb03b0fd45f0f9bafe7c4",
    "url": "https://theprint.in/?p=2745400",
    "ord_in_thread": 0,
    "author": "Sharan Poovanna",
    "published": "2025-09-18T05:00:00.000+03:00",
    "title": "Siddaramaiah's push to include Kurubas in ST fold ruffles complex caste dynamics in Karnataka",
    "text": "Home Politics Siddaramaiah’s push to include Kurubas in ST fold ruffles complex caste dynamics... Politics Siddaramaiah’s push to include Kurubas in ST fold ruffles complex caste dynamics in Karnataka The CM has for decades been advocating for Kurubas' inclusion in the ST fold, which would not just further consolidate his support base but also become part of his legacy. Sharan Poovanna 18 September, 2025 07:30 am IST File photo of Karnataka Chief Minister Siddaramaiah. | ANI Follow Us : Text Size: A- A+\nBengaluru: Karnataka Chief Minister Siddaramaiah has made his strongest bid yet to include the Kurubas—the shepherding community he belongs to—in the Scheduled Tribes (ST) category, further stirring up the already complex caste dynamics in the state.\nThe current recommendations are for the inclusion of the Kuruba community from places like Bidar, Kalaburagi and Yadgir. The government is trying to examine the similarities between them and Gonds, who are already on the ST list.\nBut members of other communities already under the ST category fear this would be the beginning of the push to bring all Kurubas into this fold that would further stretch the already scarce opportunities.\nShow Full Article\nFor decades, the 76-year-old chief minister has been advocating for Kuruba’s inclusion in the ST fold that would not just further consolidate his support base but also establish this as part of his legacy.\n“This (recommending to bring Kurubas into ST) was done in the previous government itself. No one has to object to this. It is the Centre that decides to include them into ST list or not. We (state) can only recommend it,” Siddaramaiah told reporters Wednesday in Kalaburagi.\nHe added that this time around, the state government would share additional data and documents with the Union government, hoping to get Prime Minister Narendra Modi-led government’s approval on the same.\nThe move would further solidify the significance of the Kuruba community in Karnataka’s complex caste dynamics, empowering the community to seek better reservation-linked opportunities and a bigger share in the political landscape.\nSiddaramaiah’s aggressive push comes days before the government undertakes a second socio-economic and educational survey (better known as ‘caste census’) between 22 September and 7 October at an expenditure of Rs 420 crore. It will be the second such survey in the state in the last decade. The previous such exercise was conducted in 2015, but it has now been scrapped .\nThough his detractors from some dominant communities had their way in getting the 2015 survey scrapped, Siddaramaiah is not allowing the setback to dampen his resolve in challenging the existing social and political structure that is largely centered around Vokkaligas and Lingayats.\nAlso Read: Vokkaligas, Lingayats threaten agitation as 2015 Karnataka ‘caste census’ dents their dominant status",
    "highlightText": "",
    "highlightTitle": "",
    "highlightThreadTitle": "",
    "language": "english",
    "sentiment": "negative",
    "categories": [
        "Politics",
        "Social Issue",
        "Economy, Business and Finance"
    ],
    "topics": [
        "Politics->political candidates",
        "Politics->regional elections",
        "Politics->political process",
        "Social Issue->discrimination",
        "Social Issue->diversity, equity and inclusion",
        "Social Issue->demographics",
        "Economy, Business and Finance->business governance",
        "Economy, Business and Finance->corporate news and profiles",
        "Economy, Business and Finance->corporate governance and csr"
    ],
    "ai_allow": true,
    "has_canonical": false,
    "breaking": null,
    "webz_reporter": false,
    "external_links": [
        "https://www.facebook.com/sharer.php?u=https%3A%2F%2Ftheprint.in%2Fpolitics%2Fsiddaramaiahs-push-to-include-kurubas-in-st-fold-ruffles-complex-caste-dynamics-in-karnataka%2F2745400%2F",
        "https://news.google.com/publications/CAAiEJ4BfMo3d_iCDXCxGfnD968qFAgKIhCeAXzKN3f4gg1wsRn5w_ev?hl=en-IN&gl=IN&ceid=IN:en",
        "https://www.whatsapp.com/channel/0029VaNK5yfJkK7I6MT34t1l",
        "https://api.whatsapp.com/send?text=Siddaramaiah%E2%80%99s+push+to+include+Kurubas+in+ST+fold+ruffles+complex+caste+dynamics+in+Karnataka%C2%A0",
        "https://www.linkedin.com/shareArticle?mini=true&url=https://theprint.in/politics/siddaramaiahs-push-to-include-kurubas-in-st-fold-ruffles-complex-caste-dynamics-in-karnataka/2745400/&title=Siddaramaiah%E2%80%99s+push+to+include+Kurubas+in+ST+fold+ruffles+complex+caste+dynamics+in+Karnataka%C2%A0",
        "https://twitter.com/intent/tweet?text=Siddaramaiah%E2%80%99s+push+to+include+Kurubas+in+ST+fold+ruffles+complex+caste+dynamics+in+Karnataka%C2%A0&url=https%3A%2F%2Ftheprint.in%2Fpolitics%2Fsiddaramaiahs-push-to-include-kurubas-in-st-fold-ruffles-complex-caste-dynamics-in-karnataka%2F2745400%2F&via=theprintindia",
        "https://www.facebook.com/plugins/like.php?href=https://theprint.in/politics/siddaramaiahs-push-to-include-kurubas-in-st-fold-ruffles-complex-caste-dynamics-in-karnataka/2745400/&layout=button_count&show_faces=false&width=105&action=like&colorscheme=light&height=21",
        "https://facebook.com/plugins/like.php?href=https://theprint.in/politics/siddaramaiahs-push-to-include-kurubas-in-st-fold-ruffles-complex-caste-dynamics-in-karnataka/2745400/&layout=button_count&show_faces=false&width=105&action=like&colorscheme=light&height=21",
        "https://news.google.com/publications/CAAiEJ4BfMo3d_iCDXCxGfnD968qFAgKIhCeAXzKN3f4gg1wsRn5w_ev",
        "https://www.api.whatsapp.com/send?text=Siddaramaiah%E2%80%99s+push+to+include+Kurubas+in+ST+fold+ruffles+complex+caste+dynamics+in+Karnataka%C2%A0",
        "https://www.twitter.com/intent/tweet?text=Siddaramaiah%E2%80%99s+push+to+include+Kurubas+in+ST+fold+ruffles+complex+caste+dynamics+in+Karnataka%C2%A0&url=https%3A%2F%2Ftheprint.in%2Fpolitics%2Fsiddaramaiahs-push-to-include-kurubas-in-st-fold-ruffles-complex-caste-dynamics-in-karnataka%2F2745400%2F&via=theprintindia",
        "https://linkedin.com/shareArticle?mini=true&url=https://theprint.in/politics/siddaramaiahs-push-to-include-kurubas-in-st-fold-ruffles-complex-caste-dynamics-in-karnataka/2745400/&title=Siddaramaiah%E2%80%99s+push+to+include+Kurubas+in+ST+fold+ruffles+complex+caste+dynamics+in+Karnataka%C2%A0",
        "https://www.news.google.com/publications/CAAiEJ4BfMo3d_iCDXCxGfnD968qFAgKIhCeAXzKN3f4gg1wsRn5w_ev?hl=en-IN&gl=IN&ceid=IN:en",
        "https://www.linkedin.com/shareArticle",
        "https://www.facebook.com/sharer.php",
        "https://twitter.com/intent/tweet",
        "https://www.facebook.com/plugins/like.php",
        "https://facebook.com/sharer.php?u=https%3A%2F%2Ftheprint.in%2Fpolitics%2Fsiddaramaiahs-push-to-include-kurubas-in-st-fold-ruffles-complex-caste-dynamics-in-karnataka%2F2745400%2F",
        "https://api.whatsapp.com/send",
        "https://whatsapp.com/channel/0029VaNK5yfJkK7I6MT34t1l"
    ],
    "external_images": [],
    "internal_images": [],
    "entities": {
        "persons": [
            {
                "name": "Siddaramaiah",
                "sentiment": "none"
            }
        ],
        "locations": [
            {
                "name": "Karnataka",
                "sentiment": "none"
            }
        ],
        "organizations": []
    },
    "syndication": {
        "syndicated": false,
        "syndicate_id": null,
        "first_syndicated": false
    },
    "trust": {
        "categories": [],
        "top_news": [
            "top_news_in",
            "top_news"
        ],
        "bias": null,
        "source": {
            "type": null,
            "city": null,
            "state": null,
            "country": null,
            "domain_type": null,
            "agency": null,
            "organization_name": null
        }
    },
    "rating": null,
    "crawled": "2025-09-18T08:12:17.113+03:00",
    "updated": "2025-09-19T09:09:20.000+03:00"
}