{
    "thread": {
        "uuid": "28a971c05c754ec19550c787d5f5e65abb61635b",
        "url": "https://www.eetimes.eu/stmicroelectronics-up-to-1000-voluntary-departures-in-france-by-2027",
        "site_full": "www.eetimes.eu",
        "site": "eetimes.eu",
        "site_section": "https://eetimes.eu",
        "site_categories": [
            "tech"
        ],
        "section_title": "EE Times Europe: Electronics News, Trends, and Resources",
        "site_title": "EE Times Europe: Electronics News, Trends, and Resources",
        "title": "STMicroelectronics: Up to 1,000 Voluntary Departures in France",
        "title_full": "STMicroelectronics: Up to 1,000 Voluntary Departures in France",
        "published": "2025-05-01T00:58:00.000+03:00",
        "replies_count": 0,
        "participants_count": 1,
        "site_type": "news",
        "country": "US",
        "main_image": "https://www.eetimes.eu/wp-content/uploads/2023/04/EETimes-EU.png?fit=1200%2C675",
        "performance_score": 0,
        "domain_rank": 103513,
        "domain_rank_updated": "2025-04-22T00:00:00.000+03:00",
        "licensing_agency": [],
        "social": {
            "facebook": {
                "likes": 0,
                "comments": 0,
                "shares": 0
            },
            "vk": {
                "shares": 0
            }
        }
    },
    "uuid": "28a971c05c754ec19550c787d5f5e65abb61635b",
    "url": "https://www.eetimes.eu/stmicroelectronics-up-to-1000-voluntary-departures-in-france-by-2027",
    "ord_in_thread": 0,
    "author": "Anne-Françoise Pelé",
    "published": "2025-05-01T00:58:00.000+03:00",
    "title": "STMicroelectronics: Up to 1,000 Voluntary Departures in France",
    "text": "STMicroelectronics: Up to 1,000 Voluntary Departures in France by 2027\nThe French-Italian chipmaker estimates that, by the end of 2027, 1,000 employees could choose to leave the company in France.\nConcerns have been growing ever since STMicroelectronics announced its restructuring plan on April 10. The final blow has now fallen, and STMicroelectronics France could account for more than a third of the 2,800 jobs to be cut globally through voluntary departures.\n“The entire project will be implemented voluntarily, with options for internal and external mobility between now and the end of 2027,” said STMicroelectronics’ management team in a statement issued today (April 30). “There will be no forced departures”.\nThe French-Italian chipmaker estimates that, by the end of 2027, 1,000 employees could choose to leave the company in France.\nReshaping the manufacturing footprint\nThrough its three-year restructuring plan, ST said it aims to reshape its manufacturing footprint and reduce its cost base, with projected annual savings in the high triple-digit million-dollar range by the end of 2027.\n“The reshaping of our manufacturing footprint announced today will future-proof our Integrated Device Manufacturer model with strategic assets in Europe and improve our ability to innovate even faster, benefiting all our stakeholders,” ST’s president and CEO Jean-Marc Chéry said in a statement dated April 10. “As we focus on advanced manufacturing infrastructure and mainstream technologies, we will continue to leverage all of our existing sites and bring redefined missions for some of them to support their long-term success.”\nIn Chéry’s words last week, the reshaping and modernization of ST’s manufacturing operations aim to achieve two main objectives: prioritizing planned investments toward future-ready infrastructure, such as 300-mm silicon and 200-mm silicon carbide wafer fabs to enable them to reach a critical scale, and maximizing the productivity and efficiency of legacy 150-mm capabilities and mature 200-mm capabilities.\nST also plans to strengthen local ecosystems—digital in France, analog and power in Italy, and mature technologies in Singapore.\nZooming into France, ST expects the 300-mm Crolles fab will be “further cemented as the core of ST’s digital products ecosystem”. The plan is to increase capacity to 14,000 wpw by 2027, with planned modular expansions increasing capacity up to 20,000 wpw, depending on market conditions. Besides, the group intends to convert the Crolles 200-mm fab to support electrical wafer sorting high volume manufacturing and advanced packaging technologies.\nST Rousset will remain focused on 200-mm manufacturing, with additional volumes reallocated from other sites, enabling full saturation of existing manufacturing capacity for optimized efficiency, the company said.\nFinally, ST Tours will remain focused on its 200-mm silicon production line for select technologies, while other activities, including legacy 150-mm manufacturing activities, will be transferred to different ST sites. The company said ST Tours will also remain a center of competence for GaN, mainly on epitaxy and host a new activity: panel-level packaging.\n“This program is expected to see up to 2,800 people leaving the company globally on a voluntary basis over three years, on top of normal attrition,” Chéry said. “This is expected to occur mainly in 2026 and 2027.”\nThe bottom of the market\nFor the first quarter ended March 29, 2025, ST reported net revenues of $2.52 billion, down 24.2% on a sequential basis and down 27.3% on a year-over-year basis.\nIn last week’s earnings conference call, Chéry said he saw “Q1 2025 as the bottom”. He commented, “Our first quarter net revenues were in line with the mid-point of our business outlook range, driven by higher revenues in Personal Electronics, offset by lower revenues in Automotive and Industrial compared to expectations.”\nFor the second quarter, ST said it expects net revenues to reach $2.71 billion, up 7.7% sequentially. However, Chéry said that “considering the level of uncertainty for the economy globally and for ST end markets specifically”, the group will not give any guidance on fiscal year 2025 revenues.\nIn the medium term, Chéry indicated that ST’s growth drivers—MEMS and optical sensing solutions, general-purpose MCUs, analog and LEO communication—“remain solid”. However, the group expects “a lower and delayed growth in Power & Discrete due primarily to the well-known electrification market dynamics”.\nLooking beyond the medium-term horizon, ST expects further growth from automotive MCUs and AI applications.\nRead also:\nStrengthening Europe’s Semiconductor Strategy in a Shifting Geopolitical Landscape\nIn his keynote at the recent SEMI Industry Strategy Symposium Europe (ISS Europe) in Sopot, Poland, Hendrik Bourgeois, vice president of European Government Affairs at Intel, called on Europe to face the new geopolitical reality with strategic clarity and industrial focus.",
    "highlightText": "",
    "highlightTitle": "",
    "highlightThreadTitle": "",
    "language": "english",
    "sentiment": "negative",
    "categories": [
        "Labor",
        "Economy, Business and Finance"
    ],
    "topics": [
        "Labor->unemployment",
        "Labor->employment",
        "Economy, Business and Finance->manufacturing and engineering",
        "Economy, Business and Finance->business restructuring",
        "Economy, Business and Finance->layoffs"
    ],
    "ai_allow": true,
    "has_canonical": false,
    "breaking": false,
    "webz_reporter": false,
    "external_links": [],
    "entities": {
        "persons": [],
        "locations": [],
        "organizations": [
            {
                "name": "STMicroelectronics",
                "sentiment": "none",
                "tickers": []
            }
        ]
    },
    "syndication": {
        "syndicated": false,
        "syndicate_id": null,
        "first_syndicated": false
    },
    "trust": {
        "categories": [],
        "bias": null,
        "source": {
            "type": null,
            "city": null,
            "state": null,
            "country": null,
            "domain_type": null,
            "agency": null,
            "organization_name": null
        }
    },
    "rating": null,
    "crawled": "2025-05-01T01:05:25.506+03:00",
    "updated": "2025-04-30T22:14:46.000+00:00"
}