{
    "thread": {
        "uuid": "229a229b765e43d0ab3b037d90832c1530ba4bda",
        "url": "https://www.marketbeat.com/instant-alerts/oc-oerlikon-otcmktsoerlf-sets-new-12-month-low-should-you-sell-2025-04-28",
        "site_full": "www.marketbeat.com",
        "site": "marketbeat.com",
        "site_section": "https://www.marketbeat.com/instant-alerts",
        "site_categories": [
            "investing",
            "financial_news",
            "finance",
            "stocks"
        ],
        "section_title": "\r\n\tStock Market Alerts | MarketBeat\r\n",
        "site_title": "MarketBeat: Stock Market News and Research Tools",
        "title": "OC Oerlikon (OTCMKTS:OERLF) Sets New 12-Month Low - Should You Sell?",
        "title_full": "OC Oerlikon (OTCMKTS:OERLF) Sets New 12-Month Low - Should You Sell?",
        "published": "2025-05-01T01:07:00.000+03:00",
        "replies_count": 0,
        "participants_count": 1,
        "site_type": "news",
        "country": "US",
        "main_image": "https://www.marketbeat.com/logos/oc-oerlikon-corp-chf1-logo-1200x675.png",
        "performance_score": 0,
        "domain_rank": 8302,
        "domain_rank_updated": "2025-04-22T00:00:00.000+03:00",
        "licensing_agency": [],
        "social": {
            "facebook": {
                "likes": 0,
                "comments": 0,
                "shares": 0
            },
            "vk": {
                "shares": 0
            }
        }
    },
    "uuid": "229a229b765e43d0ab3b037d90832c1530ba4bda",
    "url": "https://www.marketbeat.com/instant-alerts/oc-oerlikon-otcmktsoerlf-sets-new-12-month-low-should-you-sell-2025-04-28",
    "ord_in_thread": 0,
    "author": "MarketBeat",
    "published": "2025-05-01T01:07:00.000+03:00",
    "title": "OC Oerlikon (OTCMKTS:OERLF) Sets New 12-Month Low - Should You Sell?",
    "text": "OC Oerlikon (OTCMKTS:OERLF) Sets New 12-Month Low - Should You Sell? Written by MarketBeat April 30, 2025 Share Link copied to clipboard. OC Oerlikon Co. AG ( OTCMKTS:OERLF - Get Free Report )'s stock price reached a new 52-week low on Monday . The stock traded as low as $4.53 and last traded at $4.53, with a volume of 210 shares trading hands. The stock had previously closed at $3.96. Get OC Oerlikon alerts: Sign Up OC Oerlikon Price Performance\nThe firm has a fifty day moving average of $4.34 and a 200-day moving average of $4.34. OC Oerlikon Company Profile ( Get Free Report )\nOC Oerlikon Corporation AG provides surface engineering, polymer processing, and additive manufacturing services in Switzerland, Americas, the Asia-Pacific, and Europe. The company operates through two segments, Surface Solutions and Polymer Processing. It offers engine fan compressors, engine hot section, landing gears, actuation systems, aircraft interior, and hydraulic systems for aerospace; engine and brake systems, transmission, drive train, steering and suspension, exhaust systems, piping and tubing systems, exterior, lighting, green hydrogen, interior, heat exchanger and EGR coolers, peripherals and design parts, and thermal insulation systems for automotive; and oil and gas, and boilers, as well as hydro, gas, steam, and wind turbines for energy industry. Featured Articles\nThis instant news alert was generated by narrative science technology and financial data from MarketBeat in order to provide readers with the fastest and most accurate reporting. This story was reviewed by MarketBeat's editorial team prior to publication. Please send any questions or comments about this story to contact@marketbeat.com.\nShould You Invest $1,000 in OC Oerlikon Right Now? Before you consider OC Oerlikon, you'll want to hear this.\nMarketBeat keeps track of Wall Street's top-rated and best performing research analysts and the stocks they recommend to their clients on a daily basis. MarketBeat has identified the five stocks that top analysts are quietly whispering to their clients to buy now before the broader market catches on... and OC Oerlikon wasn't on the list.\nWhile OC Oerlikon currently has a Hold rating among analysts, top-rated analysts believe these five stocks are better buys.\nView The Five Stocks Here\nTen Starter Stocks For Beginners to Buy Now Just getting into the stock market? These 10 simple stocks can help beginning investors build long-term wealth without knowing options, technicals, or other advanced strategies.\nGet This Free Report Like this article? Share it with a colleague. Link copied to clipboard.",
    "highlightText": "",
    "highlightTitle": "",
    "highlightThreadTitle": "",
    "language": "english",
    "sentiment": "negative",
    "categories": [
        "Economy, Business and Finance"
    ],
    "topics": [
        "Economy, Business and Finance->business reporting and performance",
        "Economy, Business and Finance->investment and opinion pieces",
        "Economy, Business and Finance->financial and economic news"
    ],
    "ai_allow": true,
    "has_canonical": false,
    "breaking": false,
    "webz_reporter": false,
    "external_links": [
        "https://api.stocktwits.com/widgets/share?via=MarketBeat&body=OC+Oerlikon+(OTCMKTS%3aOERLF)+Sets+New+12-Month+Low++-+Should+You+Sell%3f%20https://www.marketbeat.com/instant-alerts/oc-oerlikon-otcmktsoerlf-sets-new-12-month-low-should-you-sell-2025-04-28/",
        "https://www.american",
        "https://www.americanconsumernews.net/scripts/standalone/viewcount.ashx?type=h&id=2801300&domain=marketbeat.com&referrer=",
        "https://www.linkedin.com/cws/share?mini=true&url=https://www.marketbeat.com/instant-alerts/oc-oerlikon-otcmktsoerlf-sets-new-12-month-low-should-you-sell-2025-04-28/",
        "https://twitter.com/intent/tweet?text=OC+Oerlikon+(OTCMKTS%3aOERLF)+Sets+New+12-Month+Low++-+Should+You+Sell%3f%20https://www.marketbeat.com/instant-alerts/oc-oerlikon-otcmktsoerlf-sets-new-12-month-low-should-you-sell-2025-04-28/",
        "https://twitter.com/intent/tweet?text=OC+Oerlikon+(OTCMKTS%3aOERLF)+Sets+New+12-Month+Low++-+Should+You+Sell%3f%20%24OERLF%20%23OERLF%20https://www.marketbeat.com/instant-alerts/oc-oerlikon-otcmktsoerlf-sets-new-12-month-low-should-you-sell-2025-04-28/",
        "https://www.facebook.com/sharer/sharer.php?u=https://www.marketbeat.com/instant-alerts/oc-oerlikon-otcmktsoerlf-sets-new-12-month-low-should-you-sell-2025-04-28/",
        "https://www.facebook.com/sharer/sharer.php?u=https://www.marketbeat.com/instant-alerts/oc-oerlikon-otcmktsoerlf-sets-new-12-month-low-should-you-sell-2025-04-28",
        "https://american",
        "https://twitter.com/intent/tweet?text=OC+Oerlikon+(OTCMKTS%3aOERLF)+Sets+New+12-Month+Low++-+Should+You+Sell%3f%20%24OERLF%20%23OERLF%20https://www.marketbeat.com/instant-alerts/oc-oerlikon-otcmktsoerlf-sets-new-12-month-low-should-you-sell-2025-04-28",
        "https://api.stocktwits.com/widgets/share?via=MarketBeat&body=OC+Oerlikon+(OTCMKTS%3aOERLF)+Sets+New+12-Month+Low++-+Should+You+Sell%3f%20https://marketbeat.com/instant-alerts/oc-oerlikon-otcmktsoerlf-sets-new-12-month-low-should-you-sell-2025-04-28/",
        "https://www.facebook.com/sharer/sharer.php",
        "https://www.linkedin.com/cws/share?mini=true&url=https://www.marketbeat.com/instant-alerts/oc-oerlikon-otcmktsoerlf-sets-new-12-month-low-should-you-sell-2025-04-28",
        "https://twitter.com/intent/tweet",
        "https://twitter.com/intent/tweet?text=OC+Oerlikon+(OTCMKTS%3aOERLF)+Sets+New+12-Month+Low++-+Should+You+Sell%3f%20%24OERLF%20%23OERLF%20https://marketbeat.com/instant-alerts/oc-oerlikon-otcmktsoerlf-sets-new-12-month-low-should-you-sell-2025-04-28/",
        "https://twitter.com/intent/tweet?text=OC+Oerlikon+(OTCMKTS%3aOERLF)+Sets+New+12-Month+Low++-+Should+You+Sell%3f%20https://marketbeat.com/instant-alerts/oc-oerlikon-otcmktsoerlf-sets-new-12-month-low-should-you-sell-2025-04-28/",
        "https://twitter.com/intent/tweet?text=OC+Oerlikon+(OTCMKTS%3aOERLF)+Sets+New+12-Month+Low++-+Should+You+Sell%3f%20https://www.marketbeat.com/instant-alerts/oc-oerlikon-otcmktsoerlf-sets-new-12-month-low-should-you-sell-2025-04-28",
        "https://facebook.com/sharer/sharer.php?u=https://marketbeat.com/instant-alerts/oc-oerlikon-otcmktsoerlf-sets-new-12-month-low-should-you-sell-2025-04-28/",
        "https://americanconsumernews.net/scripts/standalone/viewcount.ashx?type=h&id=2801300&domain=marketbeat.com&referrer=",
        "https://www.americanconsumernews.net/scripts/standalone/viewcount.ashx",
        "https://api.stocktwits.com/widgets/share",
        "https://linkedin.com/cws/share?mini=true&url=https://marketbeat.com/instant-alerts/oc-oerlikon-otcmktsoerlf-sets-new-12-month-low-should-you-sell-2025-04-28/",
        "https://api.stocktwits.com/widgets/share?via=MarketBeat&body=OC+Oerlikon+(OTCMKTS%3aOERLF)+Sets+New+12-Month+Low++-+Should+You+Sell%3f%20https://www.marketbeat.com/instant-alerts/oc-oerlikon-otcmktsoerlf-sets-new-12-month-low-should-you-sell-2025-04-28",
        "https://www.linkedin.com/cws/share"
    ],
    "entities": {
        "persons": [],
        "locations": [
            {
                "name": "Asia-Pacific",
                "sentiment": "none"
            },
            {
                "name": "Americas",
                "sentiment": "none"
            },
            {
                "name": "Europe",
                "sentiment": "none"
            }
        ],
        "organizations": [
            {
                "name": "Oerlikon Corporation AG",
                "sentiment": "none",
                "tickers": []
            }
        ]
    },
    "syndication": {
        "syndicated": false,
        "syndicate_id": null,
        "first_syndicated": false
    },
    "trust": {
        "categories": [],
        "bias": null,
        "source": {
            "type": null,
            "city": null,
            "state": null,
            "country": null,
            "domain_type": null,
            "agency": null,
            "organization_name": null
        }
    },
    "rating": null,
    "crawled": "2025-05-01T01:17:07.713+03:00",
    "updated": "2025-04-30T22:21:06.000+00:00"
}