{
    "thread": {
        "uuid": "cac7ca6e111ce0430dd4becd2db90e3469fd413a",
        "url": "https://flipboard.com/topic/tariffs/-/a-vNNCbsEHSHuZaTJvL3FWSQ%3Aa%3A132361178-%2F0",
        "site_full": "flipboard.com",
        "site": "flipboard.com",
        "site_section": "https://flipboard.com/topic/tariffs",
        "site_categories": [
            "family_and_parenting",
            "eldercare"
        ],
        "section_title": "Discover More in Tariffs on Flipboard",
        "site_title": "Flipboard: Your Social Magazine",
        "title": "Analysis: Is Joe Biden to blame for a slowing economy? | Flipboard",
        "title_full": "Analysis: Is Joe Biden to blame for a slowing economy? | Flipboard",
        "published": "2025-05-01T00:10:00.000+03:00",
        "replies_count": 0,
        "participants_count": 1,
        "site_type": "news",
        "country": "US",
        "main_image": "https://ic-cdn.flipboard.com/cnn.com/b1c957db2277d75e1c148e37ae6c69b7ff4f28bd/_medium.jpeg",
        "performance_score": 0,
        "domain_rank": 1240,
        "domain_rank_updated": "2025-04-22T00:00:00.000+03:00",
        "licensing_agency": [],
        "social": {
            "facebook": {
                "likes": 0,
                "comments": 0,
                "shares": 0
            },
            "vk": {
                "shares": 0
            }
        }
    },
    "uuid": "cac7ca6e111ce0430dd4becd2db90e3469fd413a",
    "url": "https://flipboard.com/topic/tariffs/-/a-vNNCbsEHSHuZaTJvL3FWSQ%3Aa%3A132361178-%2F0",
    "ord_in_thread": 0,
    "author": "CNN",
    "published": "2025-05-01T00:10:00.000+03:00",
    "title": "Analysis: Is Joe Biden to blame for a slowing economy? | Flipboard",
    "text": "Analysis: Is Joe Biden to blame for a slowing economy? CNN’s Boris Sanchez asks Chief market strategist Art Hogan if former President Joe Biden is to blame for the latest decline in the stock market.\nCNN • 33m",
    "highlightText": "",
    "highlightTitle": "",
    "highlightThreadTitle": "",
    "language": "english",
    "sentiment": "negative",
    "categories": [
        "Economy, Business and Finance",
        "Politics"
    ],
    "topics": [
        "Economy, Business and Finance->business and market analysis",
        "Economy, Business and Finance->financial and economic news",
        "Economy, Business and Finance->economy",
        "Politics->government",
        "Politics->political development",
        "Politics->economic policy"
    ],
    "ai_allow": true,
    "has_canonical": false,
    "breaking": false,
    "webz_reporter": false,
    "external_links": [],
    "entities": {
        "persons": [
            {
                "name": "Boris Sanchez",
                "sentiment": "negative"
            },
            {
                "name": "Joe Biden",
                "sentiment": "neutral"
            }
        ],
        "locations": [],
        "organizations": [
            {
                "name": "CNN",
                "sentiment": "negative",
                "tickers": [
                    {
                        "ticker": "WBD",
                        "exchange": "NASDAQ"
                    }
                ]
            }
        ]
    },
    "syndication": {
        "syndicated": false,
        "syndicate_id": null,
        "first_syndicated": false
    },
    "trust": {
        "categories": [],
        "bias": null,
        "source": {
            "type": null,
            "city": null,
            "state": null,
            "country": null,
            "domain_type": null,
            "agency": null,
            "organization_name": null
        }
    },
    "rating": null,
    "crawled": "2025-05-01T00:45:51.923+03:00",
    "updated": "2025-04-30T21:52:34.000+00:00"
}