{
    "thread": {
        "uuid": "2c0d210f9b26fe3e87418382eb10efd35e1e16a9",
        "url": "https://flipboard.com/topic/tron/president-donald-trump-blames-shrinking-economy-on-joe-biden/f-c511d1223c%2Fflipboard.com",
        "site_full": "flipboard.com",
        "site": "flipboard.com",
        "site_section": "https://flipboard.com/topic/tron",
        "site_categories": [
            "family_and_parenting",
            "eldercare"
        ],
        "section_title": "Discover More in TRON on Flipboard",
        "site_title": "Flipboard: Your Social Magazine",
        "title": "President Donald Trump blames shrinking economy on Joe Biden | Flipboard",
        "title_full": "President Donald Trump blames shrinking economy on Joe Biden | Flipboard",
        "published": "2025-05-01T00:16:00.000+03:00",
        "replies_count": 0,
        "participants_count": 1,
        "site_type": "news",
        "country": "US",
        "main_image": "https://www.gannett-cdn.com/authoring/authoring-images/2025/04/30/USAT/83371713007-20250430-vpc-trump-holds-cabinet-meeting-at-the-white-house-thumb-getty-00-00-00-00-still-004.jpg?crop=1919,1079,x0,y0",
        "performance_score": 0,
        "domain_rank": 1240,
        "domain_rank_updated": "2025-04-22T00:00:00.000+03:00",
        "licensing_agency": [],
        "social": {
            "facebook": {
                "likes": 0,
                "comments": 0,
                "shares": 0
            },
            "vk": {
                "shares": 0
            }
        }
    },
    "uuid": "2c0d210f9b26fe3e87418382eb10efd35e1e16a9",
    "url": "https://flipboard.com/topic/tron/president-donald-trump-blames-shrinking-economy-on-joe-biden/f-c511d1223c%2Fflipboard.com",
    "ord_in_thread": 0,
    "author": "LeeAnne Lowry, USA TODAY",
    "published": "2025-05-01T00:16:00.000+03:00",
    "title": "President Donald Trump blames shrinking economy on Joe Biden | Flipboard",
    "text": "New York Magazine\nflipped into\nIntelligencerPam Bondi Says Trump Has Saved 258 Million American Lives\nPresident Donald Trump held a rare televised Cabinet meeting on Wednesday to commemorate the achievements of his first 100 days in office, which …",
    "highlightText": "",
    "highlightTitle": "",
    "highlightThreadTitle": "",
    "language": "english",
    "sentiment": "negative",
    "categories": [
        "Politics",
        "Economy, Business and Finance"
    ],
    "topics": [
        "Politics->political candidates",
        "Politics->heads of state",
        "Politics->political campaigns",
        "Economy, Business and Finance->financial and economic news",
        "Economy, Business and Finance->investment and opinion pieces",
        "Economy, Business and Finance->economy"
    ],
    "ai_allow": true,
    "has_canonical": false,
    "breaking": false,
    "webz_reporter": false,
    "external_links": [],
    "entities": {
        "persons": [
            {
                "name": "Joe Biden",
                "sentiment": "negative"
            },
            {
                "name": "Donald Trump",
                "sentiment": "negative"
            }
        ],
        "locations": [],
        "organizations": []
    },
    "syndication": {
        "syndicated": false,
        "syndicate_id": null,
        "first_syndicated": false
    },
    "trust": {
        "categories": [],
        "bias": null,
        "source": {
            "type": null,
            "city": null,
            "state": null,
            "country": null,
            "domain_type": null,
            "agency": null,
            "organization_name": null
        }
    },
    "rating": null,
    "crawled": "2025-05-01T00:18:31.233+03:00",
    "updated": "2025-04-30T21:21:43.000+00:00"
}