{
    "thread": {
        "uuid": "848e3bd6d328aa160c4af770500e01d036250b97",
        "url": "https://flipboard.com/topic/chengdu/washington-may-regret-overextended-ai-chip-controls/a-kYzNw0NLQiSeIcwhpl5vlQ%3Aa%3A221841707-fbc7422266%2Fforeignpolicy.com",
        "site_full": "flipboard.com",
        "site": "flipboard.com",
        "site_section": "https://flipboard.com/topic/chengdu",
        "site_categories": [
            "family_and_parenting",
            "eldercare"
        ],
        "section_title": "Discover More in Chengdu on Flipboard",
        "site_title": "Flipboard: Your Social Magazine",
        "title": "Washington May Regret Overextended AI Chip Controls | Flipboard",
        "title_full": "Washington May Regret Overextended AI Chip Controls | Flipboard",
        "published": "2025-05-01T00:51:00.000+03:00",
        "replies_count": 0,
        "participants_count": 1,
        "site_type": "news",
        "country": "US",
        "main_image": "https://ic-cdn.flipboard.com/foreignpolicy.com/afbc70612d84dbdfeb64f1f7a438d3030b5ef865/_medium.jpeg",
        "performance_score": 0,
        "domain_rank": 1240,
        "domain_rank_updated": "2025-04-22T00:00:00.000+03:00",
        "licensing_agency": [],
        "social": {
            "facebook": {
                "likes": 0,
                "comments": 0,
                "shares": 0
            },
            "vk": {
                "shares": 0
            }
        }
    },
    "uuid": "848e3bd6d328aa160c4af770500e01d036250b97",
    "url": "https://flipboard.com/topic/chengdu/washington-may-regret-overextended-ai-chip-controls/a-kYzNw0NLQiSeIcwhpl5vlQ%3Aa%3A221841707-fbc7422266%2Fforeignpolicy.com",
    "ord_in_thread": 0,
    "author": "foreignpolicy.com - Ray Wang",
    "published": "2025-05-01T00:51:00.000+03:00",
    "title": "Washington May Regret Overextended AI Chip Controls | Flipboard",
    "text": "Washington May Regret Overextended AI Chip Controls Ever-tightening restrictions are boosting Chinese firms. On April 15, U.S. chipmaker Nvidia published a filing to the U.S. Securities and Exchange …\nforeignpolicy.com - Ray Wang • 18m",
    "highlightText": "",
    "highlightTitle": "",
    "highlightThreadTitle": "",
    "language": "english",
    "sentiment": "negative",
    "categories": [
        "Economy, Business and Finance",
        "Science and Technology"
    ],
    "topics": [
        "Economy, Business and Finance->financial and economic news",
        "Economy, Business and Finance->business strategy and marketing",
        "Economy, Business and Finance->business and market analysis",
        "Science and Technology->information technology and computer science",
        "Science and Technology->technology and engineering"
    ],
    "ai_allow": true,
    "has_canonical": false,
    "breaking": false,
    "webz_reporter": false,
    "external_links": [],
    "entities": {
        "persons": [],
        "locations": [],
        "organizations": [
            {
                "name": "U.S. Securities and Exchange",
                "sentiment": "none",
                "tickers": []
            },
            {
                "name": "Nvidia",
                "sentiment": "none",
                "tickers": []
            }
        ]
    },
    "syndication": {
        "syndicated": false,
        "syndicate_id": null,
        "first_syndicated": false
    },
    "trust": {
        "categories": [],
        "bias": null,
        "source": {
            "type": null,
            "city": null,
            "state": null,
            "country": null,
            "domain_type": null,
            "agency": null,
            "organization_name": null
        }
    },
    "rating": null,
    "crawled": "2025-05-01T01:13:09.595+03:00",
    "updated": "2025-04-30T22:16:58.000+00:00"
}