{
    "thread": {
        "uuid": "8000548894a7e39b95ac82cb17e0283b7f03e9b2",
        "url": "https://www.gurufocus.com/news/2817620/wellchange-wct-faces-nasdaq-compliance-challenge-over-minimum-bid-price-wct-stock-news",
        "site_full": "www.gurufocus.com",
        "site": "gurufocus.com",
        "site_section": "https://www.gurufocus.com/rss.php",
        "site_categories": [
            "investing",
            "financial_news",
            "finance"
        ],
        "section_title": "GuruFocus New Articles",
        "site_title": "GuruFocus | Stock Market Research, Data and Tools",
        "title": "Wellchange (WCT) Faces Nasdaq Compliance Challenge Over Minimum Bid Price | WCT Stock News",
        "title_full": "Wellchange (WCT) Faces Nasdaq Compliance Challenge Over Minimum Bid Price | WCT Stock News",
        "published": "2025-05-01T01:03:28.734+03:00",
        "replies_count": 0,
        "participants_count": 1,
        "site_type": "news",
        "country": "US",
        "main_image": "https://static.gurufocus.com/images/global_logo_twitter_card.png",
        "performance_score": 0,
        "domain_rank": 8416,
        "domain_rank_updated": "2025-04-22T00:00:00.000+03:00",
        "licensing_agency": [],
        "social": {
            "facebook": {
                "likes": 0,
                "comments": 0,
                "shares": 0
            },
            "vk": {
                "shares": 0
            }
        }
    },
    "uuid": "8000548894a7e39b95ac82cb17e0283b7f03e9b2",
    "url": "https://www.gurufocus.com/news/2817620/wellchange-wct-faces-nasdaq-compliance-challenge-over-minimum-bid-price-wct-stock-news",
    "ord_in_thread": 0,
    "author": "@gurufocus",
    "published": "2025-05-01T01:03:28.734+03:00",
    "title": "Wellchange (WCT) Faces Nasdaq Compliance Challenge Over Minimum Bid Price | WCT Stock News",
    "text": "Wellchange (WCT) Faces Nasdaq Compliance Challenge Over Minimum Bid Price | WCT Stock News\n39 minutes ago\nDisclosures\nI/We may personally own shares in some of the companies mentioned above. However, those positions are not material to either the company or to my/our portfolios.\nSurvey\nWe'd love to learn more about your experiences on GuruFocus.com and how we can improve!\nTake Survey\nDisclaimers\nGuruFocus.com is not operated by a broker or a dealer. Under no circumstances does any information posted on GuruFocus.com represent a recommendation to buy or sell a security. The information on this site, and in its related newsletters, is not intended to be, nor does it constitute investment advice or recommendations. The individuals or entities selected as \"gurus\" may buy and sell securities before and after any particular article and report and information herein is published, with respect to the securities discussed in any article and report posted herein. Gurus may be added or dropped from the GuruFocus site at any time. In no event shall GuruFocus.com be liable to any member, guest or third party for any damages of any kind arising out of the use of any content or other material published or available on GuruFocus.com, or relating to the use of, or inability to use, GuruFocus.com or any content, including, without limitation, any investment losses, lost profits, lost opportunity, special, incidental, indirect, consequential or punitive damages. Past performance is a poor indicator of future performance. The information on this site, and in its related newsletters, is not intended to be, nor does it constitute investment advice or recommendations. The information on this site is in no way guaranteed for completeness, accuracy or in any other way. The gurus listed in this website are not affiliated with GuruFocus.com, LLC. Stock quotes are provided by QuoteMedia, Inc. (CSI). Company fundamental data is provided by Morningstar. Analyst estimates data is sourced from both Refinitiv and Morningstar, with priority given to Refinitiv data. Data is updated daily.\n© 2004-2025 GuruFocus.com, LLC. All Rights Reserved.",
    "highlightText": "",
    "highlightTitle": "",
    "highlightThreadTitle": "",
    "language": "english",
    "sentiment": "negative",
    "categories": [
        "Economy, Business and Finance"
    ],
    "topics": [
        "Economy, Business and Finance->business financing",
        "Economy, Business and Finance->financial and economic news"
    ],
    "ai_allow": true,
    "has_canonical": false,
    "breaking": false,
    "webz_reporter": false,
    "external_links": [],
    "entities": {
        "persons": [],
        "locations": [],
        "organizations": [
            {
                "name": "LLC",
                "sentiment": "none",
                "tickers": [
                    {
                        "ticker": "LLC",
                        "exchange": "ASX"
                    }
                ]
            }
        ]
    },
    "syndication": {
        "syndicated": false,
        "syndicate_id": null,
        "first_syndicated": false
    },
    "trust": {
        "categories": [],
        "bias": null,
        "source": {
            "type": null,
            "city": null,
            "state": null,
            "country": null,
            "domain_type": null,
            "agency": null,
            "organization_name": null
        }
    },
    "rating": null,
    "crawled": "2025-05-01T01:03:28.734+03:00",
    "updated": "2025-04-30T22:08:05.000+00:00"
}