{
    "thread": {
        "uuid": "5ea7f393b4a38d8ee3d1b10980c34023e95cbd57",
        "url": "https://www.marketbeat.com/instant-alerts/ubs-group-lowers-harmony-biosciences-nasdaqhrmy-price-target-to-4800-2025-04-28",
        "site_full": "www.marketbeat.com",
        "site": "marketbeat.com",
        "site_section": "https://www.marketbeat.com/instant-alerts",
        "site_categories": [
            "investing",
            "financial_news",
            "finance",
            "stocks"
        ],
        "section_title": "\r\n\tStock Market Alerts | MarketBeat\r\n",
        "site_title": "MarketBeat: Stock Market News and Research Tools",
        "title": "UBS Group Lowers Harmony Biosciences (NASDAQ:HRMY) Price Target to $48.00",
        "title_full": "UBS Group Lowers Harmony Biosciences (NASDAQ:HRMY) Price Target to $48.00",
        "published": "2025-05-01T01:09:00.000+03:00",
        "replies_count": 0,
        "participants_count": 1,
        "site_type": "news",
        "country": "US",
        "main_image": "https://www.marketbeat.com/logos/harmony-biosciences-holdings-inc-logo-1200x675.jpg?v=20210329150056",
        "performance_score": 0,
        "domain_rank": 8302,
        "domain_rank_updated": "2025-04-22T00:00:00.000+03:00",
        "licensing_agency": [],
        "social": {
            "facebook": {
                "likes": 0,
                "comments": 0,
                "shares": 0
            },
            "vk": {
                "shares": 0
            }
        }
    },
    "uuid": "5ea7f393b4a38d8ee3d1b10980c34023e95cbd57",
    "url": "https://www.marketbeat.com/instant-alerts/ubs-group-lowers-harmony-biosciences-nasdaqhrmy-price-target-to-4800-2025-04-28",
    "ord_in_thread": 0,
    "author": "MarketBeat",
    "published": "2025-05-01T01:09:00.000+03:00",
    "title": "UBS Group Lowers Harmony Biosciences (NASDAQ:HRMY) Price Target to $48.00",
    "text": "UBS Group Lowers Harmony Biosciences (NASDAQ:HRMY) Price Target to $48.00 Written by MarketBeat April 30, 2025 Share Link copied to clipboard. Harmony Biosciences ( NASDAQ:HRMY - Get Free Report ) had its price objective lowered by equities research analysts at UBS Group from $55.00 to $48.00 in a research report issued to clients and investors on Monday, Benzinga reports. The firm presently has a \"buy\" rating on the stock. UBS Group's price objective points to a potential upside of 63.49% from the stock's current price.\nGet Harmony Biosciences alerts: Sign Up Other research analysts have also recently issued research reports about the company. HC Wainwright restated a \"buy\" rating and issued a $70.00 price target on shares of Harmony Biosciences in a research report on Tuesday, April 8th. Deutsche Bank Aktiengesellschaft started coverage on shares of Harmony Biosciences in a research report on Tuesday, February 11th. They issued a \"buy\" rating and a $55.00 target price for the company. Mizuho increased their price target on shares of Harmony Biosciences from $42.00 to $44.00 and gave the stock an \"outperform\" rating in a research report on Tuesday, March 18th. Finally, Needham & Company LLC restated a \"buy\" rating and set a $50.00 price objective on shares of Harmony Biosciences in a research report on Tuesday, April 8th. Nine equities research analysts have rated the stock with a buy rating, According to data from MarketBeat.com, the company currently has an average rating of \"Buy\" and a consensus target price of $52.44.\nView Our Latest Stock Analysis on HRMY Harmony Biosciences Stock Performance\nNASDAQ:HRMY traded down $0.25 during mid-day trading on Monday, reaching $29.36. 810,045 shares of the company's stock were exchanged, compared to its average volume of 579,383. Harmony Biosciences has a one year low of $26.47 and a one year high of $41.61. The company has a debt-to-equity ratio of 0.28, a quick ratio of 3.20 and a current ratio of 3.24. The business's fifty day simple moving average is $31.96 and its two-hundred day simple moving average is $34.27. The firm has a market capitalization of $1.68 billion, a PE ratio of 13.91, a price-to-earnings-growth ratio of 0.47 and a beta of 0.80.\nHarmony Biosciences ( NASDAQ:HRMY - Get Free Report ) last released its quarterly earnings results on Tuesday, February 25th. The company reported $0.85 earnings per share for the quarter, beating analysts' consensus estimates of $0.74 by $0.11. The company had revenue of $201.30 million during the quarter, compared to the consensus estimate of $201.25 million. Harmony Biosciences had a net margin of 17.98% and a return on equity of 23.16%. The firm's quarterly revenue was up 19.5% on a year-over-year basis. During the same period in the previous year, the business earned $0.45 earnings per share. Analysts anticipate that Harmony Biosciences will post 2.43 earnings per share for the current fiscal year. Hedge Funds Weigh In On Harmony Biosciences\nSeveral large investors have recently bought and sold shares of the company. Financial Management Professionals Inc. acquired a new position in shares of Harmony Biosciences in the first quarter valued at approximately $29,000. GAMMA Investing LLC increased its position in Harmony Biosciences by 92.6% in the 4th quarter. GAMMA Investing LLC now owns 907 shares of the company's stock valued at $31,000 after acquiring an additional 436 shares during the period. Mendota Financial Group LLC raised its stake in shares of Harmony Biosciences by 24,125.0% during the fourth quarter. Mendota Financial Group LLC now owns 969 shares of the company's stock valued at $33,000 after acquiring an additional 965 shares during the last quarter. GF Fund Management CO. LTD. acquired a new position in shares of Harmony Biosciences during the fourth quarter worth $41,000. Finally, KBC Group NV grew its stake in shares of Harmony Biosciences by 79.9% in the fourth quarter. KBC Group NV now owns 1,844 shares of the company's stock worth $63,000 after purchasing an additional 819 shares during the last quarter. 86.23% of the stock is currently owned by institutional investors. Harmony Biosciences Company Profile ( Get Free Report )\nHarmony Biosciences Holdings, Inc, a commercial-stage pharmaceutical company, focuses on developing and commercializing therapies for patients with rare and other neurological diseases in the United States. The company offers WAKIX (pitolisant), a molecule with a novel mechanism of action for the treatment of excessive daytime sleepiness in adult patients with narcolepsy. See Also\nThis instant news alert was generated by narrative science technology and financial data from MarketBeat in order to provide readers with the fastest and most accurate reporting. This story was reviewed by MarketBeat's editorial team prior to publication. Please send any questions or comments about this story to contact@marketbeat.com.\nShould You Invest $1,000 in Harmony Biosciences Right Now? Before you consider Harmony Biosciences, you'll want to hear this.\nMarketBeat keeps track of Wall Street's top-rated and best performing research analysts and the stocks they recommend to their clients on a daily basis. MarketBeat has identified the five stocks that top analysts are quietly whispering to their clients to buy now before the broader market catches on... and Harmony Biosciences wasn't on the list.\nWhile Harmony Biosciences currently has a Buy rating among analysts, top-rated analysts believe these five stocks are better buys.\nView The Five Stocks Here\nBeginner's Guide To Retirement Stocks Enter your email address and we'll send you MarketBeat's list of seven best retirement stocks and why they should be in your portfolio.\nGet This Free Report Like this article? Share it with a colleague. Link copied to clipboard.",
    "highlightText": "",
    "highlightTitle": "",
    "highlightThreadTitle": "",
    "language": "english",
    "sentiment": "negative",
    "categories": [
        "Economy, Business and Finance"
    ],
    "topics": [
        "Economy, Business and Finance->investment and opinion pieces",
        "Economy, Business and Finance->financial and economic news"
    ],
    "ai_allow": true,
    "has_canonical": false,
    "breaking": false,
    "webz_reporter": false,
    "external_links": [
        "https://www.benzinga.com//",
        "https://twitter.com/intent/tweet?text=UBS+Group+Lowers+Harmony+Biosciences+(NASDAQ%3aHRMY)+Price+Target+to+%2448.00%20https://www.marketbeat.com/instant-alerts/ubs-group-lowers-harmony-biosciences-nasdaqhrmy-price-target-to-4800-2025-04-28/",
        "https://www.americanconsumernews.net/scripts/standalone/viewcount.ashx?type=a&id=2203209&domain=marketbeat.com&referrer=",
        "https://www.linkedin.com/cws/share?mini=true&url=https://www.marketbeat.com/instant-alerts/ubs-group-lowers-harmony-biosciences-nasdaqhrmy-price-target-to-4800-2025-04-28/",
        "https://www.american",
        "https://www.facebook.com/sharer/sharer.php?u=https://www.marketbeat.com/instant-alerts/ubs-group-lowers-harmony-biosciences-nasdaqhrmy-price-target-to-4800-2025-04-28/",
        "https://api.stocktwits.com/widgets/share?via=MarketBeat&body=UBS+Group+Lowers+Harmony+Biosciences+(NASDAQ%3aHRMY)+Price+Target+to+%2448.00%20https://www.marketbeat.com/instant-alerts/ubs-group-lowers-harmony-biosciences-nasdaqhrmy-price-target-to-4800-2025-04-28/",
        "https://twitter.com/intent/tweet?text=UBS+Group+Lowers+Harmony+Biosciences+(NASDAQ%3aHRMY)+Price+Target+to+%2448.00%20%24HRMY%20%23HRMY%20https://www.marketbeat.com/instant-alerts/ubs-group-lowers-harmony-biosciences-nasdaqhrmy-price-target-to-4800-2025-04-28/",
        "https://www.facebook.com/sharer/sharer.php?u=https://www.marketbeat.com/instant-alerts/ubs-group-lowers-harmony-biosciences-nasdaqhrmy-price-target-to-4800-2025-04-28",
        "https://facebook.com/sharer/sharer.php?u=https://marketbeat.com/instant-alerts/ubs-group-lowers-harmony-biosciences-nasdaqhrmy-price-target-to-4800-2025-04-28/",
        "https://american",
        "https://twitter.com/intent/tweet?text=UBS+Group+Lowers+Harmony+Biosciences+(NASDAQ%3aHRMY)+Price+Target+to+%2448.00%20https://www.marketbeat.com/instant-alerts/ubs-group-lowers-harmony-biosciences-nasdaqhrmy-price-target-to-4800-2025-04-28",
        "https://benzinga.com//",
        "https://www.benzinga.com/",
        "https://twitter.com/intent/tweet?text=UBS+Group+Lowers+Harmony+Biosciences+(NASDAQ%3aHRMY)+Price+Target+to+%2448.00%20%24HRMY%20%23HRMY%20https://marketbeat.com/instant-alerts/ubs-group-lowers-harmony-biosciences-nasdaqhrmy-price-target-to-4800-2025-04-28/",
        "https://api.stocktwits.com/widgets/share?via=MarketBeat&body=UBS+Group+Lowers+Harmony+Biosciences+(NASDAQ%3aHRMY)+Price+Target+to+%2448.00%20https://marketbeat.com/instant-alerts/ubs-group-lowers-harmony-biosciences-nasdaqhrmy-price-target-to-4800-2025-04-28/",
        "https://www.facebook.com/sharer/sharer.php",
        "https://twitter.com/intent/tweet?text=UBS+Group+Lowers+Harmony+Biosciences+(NASDAQ%3aHRMY)+Price+Target+to+%2448.00%20https://marketbeat.com/instant-alerts/ubs-group-lowers-harmony-biosciences-nasdaqhrmy-price-target-to-4800-2025-04-28/",
        "https://api.stocktwits.com/widgets/share?via=MarketBeat&body=UBS+Group+Lowers+Harmony+Biosciences+(NASDAQ%3aHRMY)+Price+Target+to+%2448.00%20https://www.marketbeat.com/instant-alerts/ubs-group-lowers-harmony-biosciences-nasdaqhrmy-price-target-to-4800-2025-04-28",
        "https://twitter.com/intent/tweet",
        "https://linkedin.com/cws/share?mini=true&url=https://marketbeat.com/instant-alerts/ubs-group-lowers-harmony-biosciences-nasdaqhrmy-price-target-to-4800-2025-04-28/",
        "https://www.americanconsumernews.net/scripts/standalone/viewcount.ashx",
        "https://api.stocktwits.com/widgets/share",
        "https://www.linkedin.com/cws/share?mini=true&url=https://www.marketbeat.com/instant-alerts/ubs-group-lowers-harmony-biosciences-nasdaqhrmy-price-target-to-4800-2025-04-28",
        "https://twitter.com/intent/tweet?text=UBS+Group+Lowers+Harmony+Biosciences+(NASDAQ%3aHRMY)+Price+Target+to+%2448.00%20%24HRMY%20%23HRMY%20https://www.marketbeat.com/instant-alerts/ubs-group-lowers-harmony-biosciences-nasdaqhrmy-price-target-to-4800-2025-04-28",
        "https://americanconsumernews.net/scripts/standalone/viewcount.ashx?type=a&id=2203209&domain=marketbeat.com&referrer=",
        "https://www.linkedin.com/cws/share"
    ],
    "entities": {
        "persons": [
            {
                "name": "Benzinga",
                "sentiment": "none"
            }
        ],
        "locations": [],
        "organizations": [
            {
                "name": "UBS Group Lowers Harmony Biosciences",
                "sentiment": "negative",
                "tickers": []
            },
            {
                "name": "Deutsche Bank Aktiengesellschaft",
                "sentiment": "none",
                "tickers": []
            },
            {
                "name": "UBS Group",
                "sentiment": "none",
                "tickers": []
            }
        ]
    },
    "syndication": {
        "syndicated": false,
        "syndicate_id": null,
        "first_syndicated": false
    },
    "trust": {
        "categories": [],
        "bias": null,
        "source": {
            "type": null,
            "city": null,
            "state": null,
            "country": null,
            "domain_type": null,
            "agency": null,
            "organization_name": null
        }
    },
    "rating": null,
    "crawled": "2025-05-01T01:16:49.743+03:00",
    "updated": "2025-04-30T22:19:25.000+00:00"
}