{
    "thread": {
        "uuid": "ff8f7d523a85847bb9cf56a785787462c422ae4c",
        "url": "https://newstral.com/en/article/en/1266170492/white-house-preparing-farmer-bailout-plan-over-tariffs-impact-as-industry-faces-full-blown-crisis-",
        "site_full": "newstral.com",
        "site": "newstral.com",
        "site_section": "https://newstral.com/en/article",
        "site_categories": [
            "society",
            "weddings",
            "media"
        ],
        "section_title": "Ticker - Newstral.com",
        "site_title": "Presseüberblick - Newstral.com - Vergleichen, was die Presse schreibt",
        "title": "nypost.com: «White House 'preparing' farmer bailout plan over tariffs impact as industry faces 'full-blown crisis'» - Related news - Newstral.com",
        "title_full": "nypost.com: «White House 'preparing' farmer bailout plan over tariffs impact as industry faces 'full-blown crisis'» - Related news - Newstral.com",
        "published": "2025-05-01T00:48:21.597+03:00",
        "replies_count": 0,
        "participants_count": 1,
        "site_type": "news",
        "country": "DE",
        "main_image": "http://newstral.com/assets/icon_facebook-207714b419854eb82524f08f864890a8293431938e954f2387f9c1a8a3f4ab08.png",
        "performance_score": 0,
        "domain_rank": 96325,
        "domain_rank_updated": "2025-04-22T00:00:00.000+03:00",
        "licensing_agency": [],
        "social": {
            "facebook": {
                "likes": 0,
                "comments": 0,
                "shares": 0
            },
            "vk": {
                "shares": 0
            }
        }
    },
    "uuid": "ff8f7d523a85847bb9cf56a785787462c422ae4c",
    "url": "https://newstral.com/en/article/en/1266170492/white-house-preparing-farmer-bailout-plan-over-tariffs-impact-as-industry-faces-full-blown-crisis-",
    "ord_in_thread": 0,
    "author": "Newstral.com",
    "published": "2025-05-01T00:48:21.597+03:00",
    "title": "nypost.com: «White House 'preparing' farmer bailout plan over tariffs impact as industry faces 'full-blown crisis'» - Related news - Newstral.com",
    "text": "Open Menu\nSign in\nSign up\nHome\nRegional\nPeople\nMaps\nNewstral\nArticle\nFrom ticker\nN\nnypost.com\non\n2025-04-30 23:35\nWhite House ‘preparing’ farmer bailout plan over tariffs impact as industry faces ‘full-blown crisis’\nThe Trump administration on Wednesday said it’s considering a bailout plan for farmers in case the trade war slams the US agriculture industry.\nRelated news\n×\nShare Page Snippet\nLink:\nWe use cookies to facilitate personalisation i.e. language and favorites. Further, third parties may set cookies for personalised advertisment (Adsense, ...) and statistics (G. Analytics).\nFurther information\nI have understood",
    "highlightText": "",
    "highlightTitle": "",
    "highlightThreadTitle": "",
    "language": "english",
    "sentiment": "negative",
    "categories": [
        "Economy, Business and Finance",
        "Social Issue"
    ],
    "topics": [
        "Economy, Business and Finance->agriculture",
        "Economy, Business and Finance->financial and economic news",
        "Economy, Business and Finance->business and market analysis",
        "Social Issue->welfare",
        "Social Issue->social problem",
        "Social Issue->poverty"
    ],
    "ai_allow": true,
    "has_canonical": false,
    "breaking": false,
    "webz_reporter": false,
    "external_links": [],
    "entities": {
        "persons": [],
        "locations": [],
        "organizations": []
    },
    "syndication": {
        "syndicated": false,
        "syndicate_id": null,
        "first_syndicated": false
    },
    "trust": {
        "categories": [],
        "bias": null,
        "source": {
            "type": null,
            "city": null,
            "state": null,
            "country": null,
            "domain_type": null,
            "agency": null,
            "organization_name": null
        }
    },
    "rating": null,
    "crawled": "2025-05-01T00:48:21.597+03:00",
    "updated": "2025-04-30T21:50:03.000+00:00"
}