{
    "thread": {
        "uuid": "ef02df6ab12d362f3000a2473dfc446c29d73448",
        "url": "https://www.ainvest.com/news/idusdt-breaks-key-support-bearish-momentum-2602/",
        "site_full": "www.ainvest.com",
        "site": "ainvest.com",
        "site_section": "https://www.ainvest.com/",
        "site_categories": [
            "science and technology",
            "economy, business and finance"
        ],
        "section_title": "AInvest: AI Stock Analysis, Quotes &amp; News - Get Free Tools Now!",
        "site_title": "AInvest: AI Stock Analysis, Quotes &amp; News - Get Free Tools Now!",
        "title": "IDUSDT Breaks Key Support Amid Bearish Momentum",
        "title_full": "IDUSDT Breaks Key Support Amid Bearish Momentum",
        "published": "2026-02-19T08:08:00.000+02:00",
        "replies_count": 0,
        "participants_count": 1,
        "site_type": "news",
        "country": "US",
        "main_image": "https://cdn.ainvest.com/aigc/hxcmp/images/compress-qwen_generated_1771481204562.jpg.png",
        "performance_score": 0,
        "domain_rank": 20569,
        "domain_rank_updated": "2026-02-15T23:00:00.000+02:00",
        "licensing_agency": [],
        "social": {
            "facebook": {
                "likes": 0,
                "comments": 0,
                "shares": 0
            },
            "vk": {
                "shares": 0
            }
        }
    },
    "uuid": "ef02df6ab12d362f3000a2473dfc446c29d73448",
    "url": "https://www.ainvest.com/news/idusdt-breaks-key-support-bearish-momentum-2602/",
    "ord_in_thread": 0,
    "author": "AInvest",
    "published": "2026-02-19T08:08:00.000+02:00",
    "title": "IDUSDT Breaks Key Support Amid Bearish Momentum",
    "text": "IDUSDT Breaks Key Support Amid Bearish Momentum\nAinvest Crypto Technical RadarReviewed by\nAInvest News Editorial Team\nID--\nSummary\n• Price action suggests a bearish bias with key support near 0.0490 and resistance near 0.0496.\n• Volume trends confirm recent bearish momentum, with no clear divergence between price and turnover.\n• RSI indicates moderate momentum, suggesting limited overbought or oversold conditions in the short term.\nThe price of SPACE ID/Tether (IDUSDT) opened at 0.0502 on 2026-02-18 at 12:00 ET, reached a high of 0.0504, a low of 0.0488, and closed at 0.0489 on 2026-02-19 at 12:00 ET. Total volume for the 24-hour window was 2,614,637.0 and turnover amounted to 126,367.77 USDT.\nStructure & Formations\nPrice activity over the 24-hour period revealed a bearish trend with consistent consolidation near the 0.0490–0.0496 range. A significant bearish engulfing pattern formed around 2026-02-18 19:45 ET, confirming a shift in sentiment. A cluster of small-bodied candles near 0.0491–0.0492 suggests indecision, with 0.0490 appearing as a strong support level after a test at 0.0489.\nTechnical Indicators\nThe 20- and 50-period moving averages on the 5-minute chart remained bearishly aligned, with price consistently below both. The MACD showed a narrowing histogram and a bearish crossover, reinforcing downward momentum. RSI fluctuated between 30–50, suggesting moderate bearish pressure but no extreme overbought or oversold conditions.Volatility and Volume\nBollinger Bands reflected moderate volatility, with price testing the lower band several times near 0.0490 and 0.0489. A notable volume spike occurred at 2026-02-18 18:30 ET, coinciding with a price drop to 0.0498. Notional turnover remained aligned with price direction, with no signs of divergence.\nVolume and Turnover Alignment\nHigher volume accompanied key bearish price moves, particularly in the 18:30–19:45 ET timeframe. Turnover also spiked during these periods, confirming bearish conviction.\nFibonacci Retracements\nApplying Fibonacci levels to the 5-minute chart, the 0.0490–0.0496 range aligns with the 61.8% and 38.2% retracement levels from a prior bearish swing. This reinforces 0.0490 as a critical area of interest for potential support.\nThe price may test 0.0490 over the next 24 hours, with a risk of breaking to 0.0488 if momentum continues. Investors should remain cautious of a potential short-term rebound in the 0.0493–0.0496 range.\nDecoding market patterns and unlocking profitable trading strategies in the crypto space\nLatest Articles\nStay ahead of the market.\nGet curated U.S. market news, insights and key dates delivered to your inbox.\nComments\nNo comments yet\nAInvest\nPRO\nAInvest\nPROReport an Issue",
    "summary": "• Volume trends confirm recent bearish momentum, with no clear divergence between price and turnover. • RSI indicates moderate momentum, suggesting limited overbought or oversold conditions in the short term. Price activity over the 24-hour period revealed a bearish trend with consistent consolidation near the 0.0490–0.0496 range. A cluster of small-bodied candles near 0.0491–0.0492 suggests indecision, with 0.0490 appearing as a strong support level after a test at 0.0489. The MACD showed a narrowing histogram and a bearish crossover, reinforcing downward momentum.",
    "highlightText": "",
    "highlightTitle": "",
    "highlightThreadTitle": "",
    "language": "english",
    "sentiment": "negative",
    "categories": [
        "Economy, Business and Finance"
    ],
    "topics": [
        "Economy, Business and Finance->market and exchange",
        "Economy, Business and Finance->cryptocurrency"
    ],
    "ai_allow": true,
    "has_canonical": false,
    "breaking": false,
    "webz_reporter": false,
    "external_links": [
        "https://form.typeform.com/to/V5GRCO3T?typeform-source=contact.ainvest.com",
        "https://form.typeform.com/to/V5GRCO3T",
        "https://www.form.typeform.com/to/V5GRCO3T?typeform-source=contact.ainvest.com"
    ],
    "external_images": [],
    "internal_images": [],
    "entities": {
        "persons": [],
        "locations": [],
        "organizations": [
            {
                "name": "IDUSDT",
                "sentiment": "negative",
                "tickers": []
            },
            {
                "name": "AInvest",
                "sentiment": "negative",
                "tickers": [
                    {
                        "ticker": null,
                        "exchange": null
                    }
                ]
            }
        ]
    },
    "syndication": {
        "syndicated": false,
        "syndicate_id": null,
        "first_syndicated": false
    },
    "trust": {
        "categories": [],
        "top_news": [],
        "bias": null,
        "source": {
            "type": null,
            "city": null,
            "state": null,
            "country": null,
            "domain_type": null,
            "agency": null,
            "organization_name": null
        }
    },
    "rating": null,
    "crawled": "2026-02-19T08:17:27.602+02:00",
    "updated": "2026-02-19T08:22:07.000+02:00"
}