{
    "thread": {
        "uuid": "4e2a6f5813edd1b28d7f5bc6c38f5b807b58c559",
        "url": "https://www.marketscreener.com/news/exelon-extreme-cold-drives-higher-energy-use-for-bge-customers-ce7e5ddfdc8ff127",
        "site_full": "www.marketscreener.com",
        "site": "marketscreener.com",
        "site_section": "https://www.marketscreener.com/news/topics",
        "site_categories": [
            "finance",
            "investing",
            "photography",
            "financial_news",
            "economy, business and finance",
            "science and technology",
            "hobbies_and_interests"
        ],
        "section_title": "",
        "site_title": "Stock Market Today : Reports, Quotes and News - MarketScreener",
        "title": "Exelon : Extreme Cold Drives Higher Energy Use for BGE Customers | MarketScreener",
        "title_full": "Exelon : Extreme Cold Drives Higher Energy Use for BGE Customers | MarketScreener",
        "published": "2026-02-19T08:07:00.000+02:00",
        "replies_count": 0,
        "participants_count": 1,
        "site_type": "news",
        "country": "DE",
        "main_image": "https://www.marketscreener.com/images/twitter_MS_fdnoir.png",
        "performance_score": 0,
        "domain_rank": 11487,
        "domain_rank_updated": "2026-02-15T23:00:00.000+02:00",
        "licensing_agency": [],
        "social": {
            "facebook": {
                "likes": 0,
                "comments": 0,
                "shares": 0
            },
            "vk": {
                "shares": 0
            }
        }
    },
    "uuid": "4e2a6f5813edd1b28d7f5bc6c38f5b807b58c559",
    "url": "https://www.marketscreener.com/news/exelon-extreme-cold-drives-higher-energy-use-for-bge-customers-ce7e5ddfdc8ff127",
    "ord_in_thread": 0,
    "author": "Publicnow",
    "published": "2026-02-19T08:07:00.000+02:00",
    "title": "Exelon : Extreme Cold Drives Higher Energy Use for BGE Customers | MarketScreener",
    "text": "EXELON CORPORATION -1.67% Following one of the coldest starts to winter the region has experienced in years, BGE customers across central Maryland used significantly more energy as prolonged extreme cold drove higher heating demand. December 2025 and January 2026 ranked among the coldest winter months of the past decade, according to Heating Degree Day (HDD) data, a key indicator of heating demand. Despite the extreme weather and elevated demand, BGE's systems continued to perform reliably throughout the extended cold snap.\nTogether, these back-to-back months of extreme cold made this one of the harshest winters customers have experienced in recent memory.\nDecember 2025: Coldest December in a Decade\nDecember 2025 was the coldest December in the past 10 years for central Maryland, elevating the demand for heating among BGE customers.\nDecember 2025 was 18.9% colder than the 10-year December average. December 2025 was 16.8% colder than December 2024. January 2026: Second Coldest January in a Decade\nJanuary 2026 continued the trend of elevated heating demand across the BGE service area. It was the second coldest January in the past decade in central Maryland, with January 2025 being the coldest.\nJanuary 2026 was 14.5% colder than the 10-year January average. January 2026 was slightly milder than January 2025, at only 0.3% warmer. In late January, Baltimore began to experience the most significant cold stretch in over 15 years with a major, 10-day streak of sub-freezing temperatures. During the first weekend of extreme cold, the BGE gas system was delivering - and at some points, exceeding - the energy equivalent of the highest ever demand on our electric system, every hour for nearly a 48-hour period.\nWhat This Means for Customer Bills\nWhen cold temperatures persist, heating systems must work harder, even if thermostat settings remain unchanged, which can increase overall energy use for both gas heating and electric heating customers. Customers with gas heat may also see impacts on their electric bills due to the electrical components that support HVAC systems and circulate warm air. Winter is typically when gas heating customers use far more gas than any other time during the year, and their proportionately high usage is reflected in energy bills.\nThe combination of record-level cold in December and January helps explain higher winter energy use and how extreme weather conditions influence customer bills.\n\"Customers are feeling real affordability pressures, and higher winter bills only add to that burden. Extreme cold drives significantly higher energy use, which directly increases bills, and this recent weather came at a time when energy supplies are tight and demand is high,\" said Tamla Olivier, president and CEO of BGE. \"Affordability matters, especially during severe weather, and we're focused on everything within our control to support our customers.\"\nTools, Tips and Assistance to Help Customers Manage Energy Costs\nCustomers can visit bge.com/heretohelp for more ways to manage their bill, use energy more efficiently, or access energy assistance. This includes:\nBGE's self-service Assistance Finder , which provides simple and personalized recommendations. Payment arrangements and due-date extensions . For extenuating circumstances needing payment arrangements beyond 12 months, please call BGE at 800-685-0123. Budget billing information and online self-serve sign-up for customers who prefer a predictable monthly bill that spreads energy costs throughout the year. Legislative Energy Relief Refund :The Maryland General Assembly, through the Next Generation Energy Act, established the Legislative Energy Relief Refund that the state utilities, including BGE, are distributing to eligible customers. The second of two credits began to appear on energy bills in February. Year-Round Investments Support Reliable Service\nBGE continues to modernize and strengthen the local electric grid through targeted upgrades to substations and distribution equipment, the installation of smart devices that help reroute power automatically, and enhanced digital tools that improve outage detection and response. BGE operates the oldest gas system in the country, and our ongoing proactive replacement of hundreds of miles of cast iron and bare steel gas pipes-some installed in the 1800s-will ensure safe and reliable service for customers long into the future as natural gas remains essential to statewide energy security.\nBGE's multi-year energy infrastructure investment plan was designed to continue making improvements that enhance the reliability, safety, and resiliency of the natural gas and electric systems. These investments are designed to improve reliability during severe weather with both system performance and customer affordability in mind.\nAttachments\nOriginal document Permalink Disclaimer\nExelon Corporation published this content on February 18, 2026 , and is solely responsible for the information contained herein. Distributed via Public Technologies (PUBT) , unedited and unaltered, on February 19, 2026 at 06:06 UTC .\n© Publicnow - 2026",
    "summary": "EXELON CORPORATION -1.67% Following one of the coldest starts to winter the region has experienced in years, BGE customers across central Maryland used significantly more energy as prolonged extreme cold drove higher heating demand. In late January, Baltimore began to experience the most significant cold stretch in over 15 years with a major, 10-day streak of sub-freezing temperatures. The combination of record-level cold in December and January helps explain higher winter energy use and how extreme weather conditions influence customer bills.",
    "highlightText": "",
    "highlightTitle": "",
    "highlightThreadTitle": "",
    "language": "english",
    "sentiment": "negative",
    "categories": [
        "Economy, Business and Finance",
        "Environment"
    ],
    "topics": [
        "Economy, Business and Finance->energy and resource",
        "Economy, Business and Finance->utilities",
        "Environment->energy resources"
    ],
    "ai_allow": true,
    "has_canonical": false,
    "breaking": false,
    "webz_reporter": false,
    "external_links": [
        "https://www.linkedin.com/shareArticle?mini=true&url=https%3A%2F%2Fwww.marketscreener.com%2Fnews%2Fexelon-extreme-cold-drives-higher-energy-use-for-bge-customers-ce7e5ddfdc8ff127%3Futm_source%3Dlinkedin%26utm_medium%3Dsocial%26utm_campaign%3Dshare&title=Exelon",
        "https://wa.me/?text=https%3A%2F%2Fwww.marketscreener.com%2Fnews%2Fexelon-extreme-cold-drives-higher-energy-use-for-bge-customers-ce7e5ddfdc8ff127%3Futm_source%3Dwhatsapp%26utm_medium%3Dsocial%26utm_campaign%3Dshare",
        "https://x.com/intent/tweet?text=Exelon",
        "https://www.facebook.com/sharer/sharer.php?u=https%3A%2F%2Fwww.marketscreener.com%2Fnews%2Fexelon-extreme-cold-drives-higher-energy-use-for-bge-customers-ce7e5ddfdc8ff127%3Futm_source%3Dfacebook%26utm_medium%3Dsocial%26utm_campaign%3Dshare",
        "https://telegram.me/share/url?url=https%3A%2F%2Fwww.marketscreener.com%2Fnews%2Fexelon-extreme-cold-drives-higher-energy-use-for-bge-customers-ce7e5ddfdc8ff127%3Futm_source%3Dtelegram%26utm_medium%3Dsocial%26utm_campaign%3Dshare",
        "https://www.telegram.me/share/url?url=https%3A%2F%2Fwww.marketscreener.com%2Fnews%2Fexelon-extreme-cold-drives-higher-energy-use-for-bge-customers-ce7e5ddfdc8ff127%3Futm_source%3Dtelegram%26utm_medium%3Dsocial%26utm_campaign%3Dshare",
        "https://linkedin.com/shareArticle?mini=true&url=https%3A%2F%2Fwww.marketscreener.com%2Fnews%2Fexelon-extreme-cold-drives-higher-energy-use-for-bge-customers-ce7e5ddfdc8ff127%3Futm_source%3Dlinkedin%26utm_medium%3Dsocial%26utm_campaign%3Dshare&title=Exelon",
        "https://telegram.me/share/url",
        "https://www.wa.me/?text=https%3A%2F%2Fwww.marketscreener.com%2Fnews%2Fexelon-extreme-cold-drives-higher-energy-use-for-bge-customers-ce7e5ddfdc8ff127%3Futm_source%3Dwhatsapp%26utm_medium%3Dsocial%26utm_campaign%3Dshare",
        "https://wa.me/",
        "https://www.facebook.com/sharer/sharer.php",
        "https://www.linkedin.com/shareArticle",
        "https://x.com/intent/tweet",
        "https://www.x.com/intent/tweet?text=Exelon",
        "https://facebook.com/sharer/sharer.php?u=https%3A%2F%2Fwww.marketscreener.com%2Fnews%2Fexelon-extreme-cold-drives-higher-energy-use-for-bge-customers-ce7e5ddfdc8ff127%3Futm_source%3Dfacebook%26utm_medium%3Dsocial%26utm_campaign%3Dshare"
    ],
    "external_images": [],
    "internal_images": [],
    "entities": {
        "persons": [],
        "locations": [],
        "organizations": []
    },
    "syndication": {
        "syndicated": false,
        "syndicate_id": null,
        "first_syndicated": false
    },
    "trust": {
        "categories": [],
        "top_news": [],
        "bias": null,
        "source": {
            "type": null,
            "city": null,
            "state": null,
            "country": null,
            "domain_type": null,
            "agency": null,
            "organization_name": null
        }
    },
    "rating": null,
    "crawled": "2026-02-19T08:28:54.371+02:00",
    "updated": "2026-02-19T08:33:45.000+02:00"
}