{
    "thread": {
        "uuid": "27fcd28c8b96308502227e1094a51f8e4807d277",
        "url": "https://article.wn.com/view/2026/02/19/Airbus_Warns_of_Hit_to_A320_Jet_Production_From_Pratt_Whitne/",
        "site_full": "article.wn.com",
        "site": "wn.com",
        "site_section": "https://wn.com/technology",
        "site_categories": [
            "arts, culture and entertainment",
            "media",
            "economy, business and finance",
            "science and technology",
            "lifestyle and leisure",
            "crime, law and justice",
            "politics",
            "sport"
        ],
        "section_title": "World News - Science and Technology",
        "site_title": "World News",
        "title": "Airbus Warns of Hit to A320 Jet Production From Pratt & Whitney Engine Shortage - Worldnews.com",
        "title_full": "Airbus Warns of Hit to A320 Jet Production From Pratt & Whitney Engine Shortage - Worldnews.com",
        "published": "2026-02-19T02:00:00.000+02:00",
        "replies_count": 0,
        "participants_count": 1,
        "site_type": "news",
        "country": "US",
        "main_image": "",
        "performance_score": 0,
        "domain_rank": 8219,
        "domain_rank_updated": "2026-02-15T23:00:00.000+02:00",
        "licensing_agency": [],
        "social": {
            "facebook": {
                "likes": 0,
                "comments": 0,
                "shares": 0
            },
            "vk": {
                "shares": 0
            }
        }
    },
    "uuid": "27fcd28c8b96308502227e1094a51f8e4807d277",
    "url": "https://article.wn.com/view/2026/02/19/Airbus_Warns_of_Hit_to_A320_Jet_Production_From_Pratt_Whitne/",
    "ord_in_thread": 0,
    "author": "System",
    "published": "2026-02-19T02:00:00.000+02:00",
    "title": "Airbus Warns of Hit to A320 Jet Production From Pratt & Whitney Engine Shortage - Worldnews.com",
    "text": "The shortage has forced it to slow down production of its best-selling jet, the latest setback for a company struggling with supply-chain snags. ......\nread full story\nThe shortage has forced it to slow down production of its best-selling jet, the latest setback for a company struggling with supply-chain snags. ......\nread full story",
    "summary": null,
    "highlightText": "",
    "highlightTitle": "",
    "highlightThreadTitle": "",
    "language": "english",
    "sentiment": "negative",
    "categories": [
        "Economy, Business and Finance"
    ],
    "topics": [
        "Economy, Business and Finance->business and market analysis",
        "Economy, Business and Finance->manufacturing and engineering"
    ],
    "ai_allow": true,
    "has_canonical": false,
    "breaking": null,
    "webz_reporter": false,
    "external_links": [
        "https://www.wsj.com/business/earnings/airbus-warns-of-hit-to-a320-jet-production-from-pratt-whitney-engine-shortage-98bc96f1?mod=pls_whats_news_us_business_f",
        "https://www.wsj.com/business/earnings/airbus-warns-of-hit-to-a320-jet-production-from-pratt-whitney-engine-shortage-98bc96f1",
        "https://wsj.com/business/earnings/airbus-warns-of-hit-to-a320-jet-production-from-pratt-whitney-engine-shortage-98bc96f1?mod=pls_whats_news_us_business_f"
    ],
    "external_images": [],
    "internal_images": [],
    "entities": {
        "persons": [],
        "locations": [],
        "organizations": []
    },
    "syndication": {
        "syndicated": false,
        "syndicate_id": null,
        "first_syndicated": false
    },
    "trust": {
        "categories": [
            "trusted_news"
        ],
        "top_news": [],
        "bias": "center",
        "source": {
            "type": null,
            "city": null,
            "state": null,
            "country": null,
            "domain_type": null,
            "agency": null,
            "organization_name": null
        }
    },
    "rating": null,
    "crawled": "2026-02-19T08:14:37.091+02:00",
    "updated": "2026-02-19T08:17:10.000+02:00"
}