{
    "thread": {
        "uuid": "40676a4fa7e6788069ee066f4d9a73a7aafa6990",
        "url": "https://www.marketsmojo.com/news/stock-recommendation/ion-exchange-india-ltd-is-rated-sell-3846686",
        "site_full": "www.marketsmojo.com",
        "site": "marketsmojo.com",
        "site_section": "https://www.marketsmojo.com/news/stock-recommendation",
        "site_categories": [
            "economy, business and finance"
        ],
        "section_title": "Stay Informed with MarketsMojo News: Stock Market Insights, Portfolio Tracking, Alerts, and Expert Analyses  ",
        "site_title": "Mojo Search: Your Ultimate Buy/Sell/Hold Guide for all Stocks in India",
        "title": "Ion Exchange (India) Ltd is Rated Sell",
        "title_full": "Ion Exchange (India) Ltd is Rated Sell",
        "published": "2026-02-19T08:51:07.349+02:00",
        "replies_count": 0,
        "participants_count": 1,
        "site_type": "news",
        "country": "IN",
        "main_image": "https://i.marketsmojo.com/newsarticle/not-loggedin-user2.png",
        "performance_score": 0,
        "domain_rank": 66172,
        "domain_rank_updated": "2026-02-15T23:00:00.000+02:00",
        "licensing_agency": [],
        "social": {
            "facebook": {
                "likes": 0,
                "comments": 0,
                "shares": 0
            },
            "vk": {
                "shares": 0
            }
        }
    },
    "uuid": "40676a4fa7e6788069ee066f4d9a73a7aafa6990",
    "url": "https://www.marketsmojo.com/news/stock-recommendation/ion-exchange-india-ltd-is-rated-sell-3846686",
    "ord_in_thread": 0,
    "author": "@Marketsmojo",
    "published": "2026-02-19T08:51:07.349+02:00",
    "title": "Ion Exchange (India) Ltd is Rated Sell",
    "text": "Current Rating and Its Significance\nMarketsMOJO‚Äôs current 'Sell' rating for Ion Exchange (India) _Ltd_3846686_19022026)Ltd indicates a cautious stance towards the stock, suggesting that investors may want to consider reducing exposure or avoiding new purchases at this time. This rating is derived from a comprehensive evaluation of four key parameters: Quality, Valuation, Financial Trend, and Technicals. Each of these factors contributes to the overall assessment of the stock‚Äôs potential risk and reward profile.\nQuality Assessment\nAs of 19 February 2026, Ion Exchange (India) _Ltd_3846686_19022026)Ltd holds a 'good' quality grade. This reflects a stable operational foundation and reasonable business fundamentals. The company has demonstrated consistent operating profit growth at an annualised rate of 11.48% over the past five years, signalling moderate expansion in its core activities. However, recent quarterly results have shown some strain, with the profit after tax (PAT) falling by 33.1% to ‚Çπ32.47 crores in December 2025. This decline in profitability tempers the otherwise solid quality standing.\nValuation Perspective\nThe valuation grade for Ion Exchange is currently classified as 'very attractive'. This suggests that, relative to its earnings and asset base, the stock is priced favourably in the market. Investors seeking value opportunities may find this aspect appealing, as the stock‚Äôs market capitalisation remains in the smallcap segment, potentially offering upside if operational challenges are addressed. Nevertheless, valuation alone does not guarantee positive returns, especially when other factors weigh negatively.\nFinancial Trend Analysis\nFinancially, the company is facing headwinds, reflected in a 'negative' financial grade. The latest half-year data reveals a return on capital employed (ROCE) at a low 17.58%, indicating diminished efficiency in generating profits from its capital base. Additionally, cash and cash equivalents have dropped to ‚Çπ390.15 crores, the lowest level recorded in recent periods, which may constrain liquidity and operational flexibility. These trends highlight caution for investors, as the company‚Äôs financial health shows signs of deterioration.\nTechnical Outlook\nFrom a technical standpoint, Ion Exchange is rated as 'mildly bearish'. The stock‚Äôs price movements over recent months reflect mixed signals. While the one-month return stands at a robust +12.37% and the three-month return at +8.75%, longer-term performance is less encouraging, with a six-month decline of -11.09% and a one-year return of -22.68%. The year-to-date gain of +3.03% suggests some recovery, but the overall technical picture remains cautious, indicating potential resistance to sustained upward momentum.\nStock Performance Snapshot\nAs of 19 February 2026, Ion Exchange‚Äôs stock price has shown varied returns across different time frames. The one-day gain of +0.77% and one-week increase of +1.75% reflect short-term positive sentiment. However, the negative six-month and one-year returns underscore challenges faced by the company and the market‚Äôs tempered confidence. Investors should weigh these mixed signals carefully when considering the stock‚Äôs future trajectory.\nImplications for Investors\nThe 'Sell' rating signals that Ion Exchange (India) _Ltd_3846686_19022026)Ltd currently presents more risks than rewards for investors. While the valuation appears attractive, the negative financial trends and cautious technical outlook suggest that the company may face ongoing challenges in improving profitability and sustaining growth. Investors should consider these factors alongside their own risk tolerance and portfolio strategy before making investment decisions.\nIndustry and Market Context\nOperating within the Other Utilities sector, Ion Exchange competes in a niche market where operational efficiency and financial discipline are critical. The company‚Äôs smallcap status means it may be more susceptible to market volatility and liquidity constraints compared to larger peers. The current rating reflects these sector-specific risks as well as company-specific fundamentals.\nOur latest monthly pick, this Large Cap from Aluminium & Aluminium Products, is outperforming the market! See the analysis that helped our Investment Committee select this winner.\n- - Market-beating performance\n- - Committee-backed winner\n- - Aluminium & Aluminium Products standout\nSummary of Key Metrics\nTo summarise, Ion Exchange (India) _Ltd_3846686_19022026)Ltd‚Äôs current Mojo Score stands at 44.0, placing it firmly in the 'Sell' category. This score reflects a six-point decline from the previous rating of 'Hold' as of 29 January 2026. The company‚Äôs quality remains good, but financial and technical indicators have weakened, prompting a more cautious outlook. Investors should note that these metrics are based on the latest available data as of 19 February 2026, ensuring decisions are informed by the most recent performance and market conditions.\nLooking Ahead\nFor investors monitoring Ion Exchange, it is essential to track upcoming quarterly results and any strategic initiatives the company may undertake to improve profitability and cash flow. Given the current financial pressures and mixed technical signals, a conservative approach is advisable until clearer signs of recovery emerge. The 'Sell' rating serves as a reminder to prioritise risk management and consider alternative opportunities within the sector or broader market.\nConclusion\nIn conclusion, Ion Exchange (India) _Ltd_3846686_19022026)Ltd‚Äôs 'Sell' rating by MarketsMOJO reflects a balanced analysis of its current fundamentals, valuation, financial trends, and technical outlook. While the stock offers attractive valuation metrics, the negative financial trajectory and cautious technical stance suggest limited upside in the near term. Investors should carefully evaluate these factors in the context of their investment goals and market conditions before committing capital.\nLimited Period Only. Start at Rs. 9,999 - Get MojoOne for 1 Year + 3 Months FREE (60% Off) Get 71% Off ‚Üí",
    "summary": "Investors seeking value opportunities may find this aspect appealing, as the stock‚Äôs market capitalisation remains in the smallcap segment, potentially offering upside if operational challenges are addressed. While the valuation appears attractive, the negative financial trends and cautious technical outlook suggest that the company may face ongoing challenges in improving profitability and sustaining growth. For investors monitoring Ion Exchange, it is essential to track upcoming quarterly results and any strategic initiatives the company may undertake to improve profitability and cash flow.",
    "highlightText": "",
    "highlightTitle": "",
    "highlightThreadTitle": "",
    "language": "english",
    "sentiment": "negative",
    "categories": [
        "Economy, Business and Finance"
    ],
    "topics": [
        "Economy, Business and Finance->investment and opinion pieces"
    ],
    "ai_allow": true,
    "has_canonical": false,
    "breaking": false,
    "webz_reporter": false,
    "external_links": [],
    "external_images": [],
    "internal_images": [],
    "entities": {
        "persons": [],
        "locations": [
            {
                "name": "India",
                "sentiment": "none"
            }
        ],
        "organizations": [
            {
                "name": "Ion Exchange",
                "sentiment": "negative",
                "tickers": []
            },
            {
                "name": "Ltd",
                "sentiment": "negative",
                "tickers": [
                    {
                        "ticker": null,
                        "exchange": null
                    }
                ]
            }
        ]
    },
    "syndication": {
        "syndicated": false,
        "syndicate_id": null,
        "first_syndicated": false
    },
    "trust": {
        "categories": [],
        "top_news": [],
        "bias": null,
        "source": {
            "type": null,
            "city": null,
            "state": null,
            "country": null,
            "domain_type": null,
            "agency": null,
            "organization_name": null
        }
    },
    "rating": null,
    "crawled": "2026-02-19T08:51:07.349+02:00",
    "updated": "2026-02-19T08:52:22.000+02:00"
}