{
    "thread": {
        "uuid": "c018f73c31cf70a87d8094e4abb6c8f8dad83977",
        "url": "https://cphpost.dk/2026-02-19/general/north-jutland-ammo-plant-480m-more-than-planned/",
        "site_full": "cphpost.dk",
        "site": "cphpost.dk",
        "site_section": "https://news.google.com/search?q=than%20when%3A1h&hl=en-US&gl=US&ceid=US%3Aen",
        "site_categories": [
            "arts, culture and entertainment",
            "business",
            "media",
            "economy, business and finance",
            "politics",
            "education"
        ],
        "section_title": "Google News - Search",
        "site_title": "The Copenhagen Post – your danish connection - The Copenhagen Post",
        "title": "North Jutland ammo plant 480m more than planned",
        "title_full": "North Jutland ammo plant 480m more than planned",
        "published": "2026-02-19T07:49:00.000+02:00",
        "replies_count": 0,
        "participants_count": 1,
        "site_type": "news",
        "country": "DK",
        "main_image": "",
        "performance_score": 0,
        "domain_rank": 73433,
        "domain_rank_updated": "2026-02-15T23:00:00.000+02:00",
        "licensing_agency": [],
        "social": {
            "facebook": {
                "likes": 0,
                "comments": 0,
                "shares": 0
            },
            "vk": {
                "shares": 0
            }
        }
    },
    "uuid": "c018f73c31cf70a87d8094e4abb6c8f8dad83977",
    "url": "https://cphpost.dk/2026-02-19/general/north-jutland-ammo-plant-480m-more-than-planned/",
    "ord_in_thread": 0,
    "author": "Ritzau",
    "published": "2026-02-19T07:49:00.000+02:00",
    "title": "North Jutland ammo plant 480m more than planned",
    "text": "The ammunition factory in Elling, North Jutland, will be approximately 480 million DKK more expensive than anticipated, according to the Ministry of Defence. The additional costs are attributed to larger building areas necessitated by detonation risks, infrastructure adjustments, and an extra shooting range. Defence Minister Troels Lund Poulsen noted that the increase will be covered […]",
    "summary": null,
    "highlightText": "",
    "highlightTitle": "",
    "highlightThreadTitle": "",
    "language": "english",
    "sentiment": "negative",
    "categories": [
        "Economy, Business and Finance"
    ],
    "topics": [
        "Economy, Business and Finance->manufacturing and engineering"
    ],
    "ai_allow": true,
    "has_canonical": false,
    "breaking": true,
    "webz_reporter": false,
    "external_links": [],
    "external_images": [],
    "internal_images": [],
    "entities": {
        "persons": [
            {
                "name": "Troels Lund Poulsen",
                "sentiment": "none"
            }
        ],
        "locations": [
            {
                "name": "North Jutland",
                "sentiment": "none"
            },
            {
                "name": "Elling",
                "sentiment": "none"
            }
        ],
        "organizations": [
            {
                "name": "Ministry of Defence",
                "sentiment": "none",
                "tickers": [
                    {
                        "ticker": null,
                        "exchange": null
                    }
                ]
            }
        ]
    },
    "syndication": {
        "syndicated": false,
        "syndicate_id": null,
        "first_syndicated": false
    },
    "trust": {
        "categories": [],
        "top_news": [],
        "bias": null,
        "source": {
            "type": null,
            "city": null,
            "state": null,
            "country": null,
            "domain_type": null,
            "agency": null,
            "organization_name": null
        }
    },
    "rating": null,
    "crawled": "2026-02-19T08:18:08.083+02:00",
    "updated": "2026-02-19T08:19:54.000+02:00"
}