{
    "thread": {
        "uuid": "c511358dc7e956f8c94e59122d6b0f7cbaae3299",
        "url": "https://article.wn.com/view/2026/02/19/Anil_Ambani_files_undertaking_in_Supreme_Court_says_he_will_/",
        "site_full": "article.wn.com",
        "site": "wn.com",
        "site_section": "https://wn.com/india",
        "site_categories": [
            "arts, culture and entertainment",
            "media",
            "economy, business and finance",
            "science and technology",
            "lifestyle and leisure",
            "crime, law and justice",
            "politics",
            "sport"
        ],
        "section_title": "WN - India",
        "site_title": "World News",
        "title": "Anil Ambani files undertaking in Supreme Court, says he will not leave India - Worldnews.com",
        "title_full": "Anil Ambani files undertaking in Supreme Court, says he will not leave India - Worldnews.com",
        "published": "2026-02-19T02:00:00.000+02:00",
        "replies_count": 0,
        "participants_count": 1,
        "site_type": "news",
        "country": "US",
        "main_image": "",
        "performance_score": 0,
        "domain_rank": 8219,
        "domain_rank_updated": "2026-02-15T23:00:00.000+02:00",
        "licensing_agency": [],
        "social": {
            "facebook": {
                "likes": 0,
                "comments": 0,
                "shares": 0
            },
            "vk": {
                "shares": 0
            }
        }
    },
    "uuid": "c511358dc7e956f8c94e59122d6b0f7cbaae3299",
    "url": "https://article.wn.com/view/2026/02/19/Anil_Ambani_files_undertaking_in_Supreme_Court_says_he_will_/",
    "ord_in_thread": 0,
    "author": "System",
    "published": "2026-02-19T02:00:00.000+02:00",
    "title": "Anil Ambani files undertaking in Supreme Court, says he will not leave India - Worldnews.com",
    "text": "Thursday, 19 February 2026\nOn February 4, the court expressed concern over the... read full story\nAnswer for your question of the article will be displayed here ...",
    "summary": null,
    "highlightText": "",
    "highlightTitle": "",
    "highlightThreadTitle": "",
    "language": "english",
    "sentiment": "negative",
    "categories": [
        "Economy, Business and Finance",
        "Crime, Law and Justice"
    ],
    "topics": [
        "Economy, Business and Finance->business governance",
        "Economy, Business and Finance->corporate news and profiles"
    ],
    "ai_allow": true,
    "has_canonical": false,
    "breaking": null,
    "webz_reporter": false,
    "external_links": [],
    "external_images": [],
    "internal_images": [],
    "entities": {
        "persons": [
            {
                "name": "Anil Ambani",
                "sentiment": "negative"
            }
        ],
        "locations": [
            {
                "name": "India",
                "sentiment": "none"
            }
        ],
        "organizations": [
            {
                "name": "Supreme Court",
                "sentiment": "negative",
                "tickers": [
                    {
                        "ticker": null,
                        "exchange": null
                    }
                ]
            },
            {
                "name": "Worldnews. com",
                "sentiment": "neutral",
                "tickers": [
                    {
                        "ticker": null,
                        "exchange": null
                    }
                ]
            }
        ]
    },
    "syndication": {
        "syndicated": false,
        "syndicate_id": null,
        "first_syndicated": false
    },
    "trust": {
        "categories": [
            "trusted_news"
        ],
        "top_news": [],
        "bias": "center",
        "source": {
            "type": null,
            "city": null,
            "state": null,
            "country": null,
            "domain_type": null,
            "agency": null,
            "organization_name": null
        }
    },
    "rating": null,
    "crawled": "2026-02-19T08:10:13.236+02:00",
    "updated": "2026-02-19T08:16:26.000+02:00"
}