{
    "thread": {
        "uuid": "036d42260a1cfb2d2d3b2b221ede99739bf2728a",
        "url": "https://m.netdania.com/news/Early+Christine+Lagarde+exit+could+tarnish+independence+of+ECB%252c+analyst+warns+%257c+Irish+Independent/Buzz FX/{na:[{t:[&quot;BUZZ_FX_GF&quot;]}],hf:0}/tcnews/5e03987cb5ec36dbb7e9f6a49d9307d3b2b12cae@{&quot;Syms&quot;:[],&quot;Inf&quot;:{&quot;PBL&quot;:&quot;Independent.ie&quot;}}/1771480843",
        "site_full": "m.netdania.com",
        "site": "netdania.com",
        "site_section": "https://m.netdania.com/news",
        "site_categories": [
            "politics",
            "economy, business and finance"
        ],
        "section_title": "NetDania.com - Live Stock and Forex Market Quotes &amp; Trading Solutions | News",
        "site_title": null,
        "title": "Early Christine Lagarde exit could tarnish independence of ECB, analyst warns | Irish Independent - NetDania News",
        "title_full": "Early Christine Lagarde exit could tarnish independence of ECB, analyst warns | Irish Independent - NetDania News",
        "published": "2026-02-19T02:00:00.000+02:00",
        "replies_count": 0,
        "participants_count": 1,
        "site_type": "news",
        "country": "US",
        "main_image": "https://m.netdania.com/Content/images/logo-netdania.png",
        "performance_score": 0,
        "domain_rank": 47784,
        "domain_rank_updated": "2026-02-15T23:00:00.000+02:00",
        "licensing_agency": [],
        "social": {
            "facebook": {
                "likes": 0,
                "comments": 0,
                "shares": 0
            },
            "vk": {
                "shares": 0
            }
        }
    },
    "uuid": "036d42260a1cfb2d2d3b2b221ede99739bf2728a",
    "url": "https://m.netdania.com/news/Early+Christine+Lagarde+exit+could+tarnish+independence+of+ECB%252c+analyst+warns+%257c+Irish+Independent/Buzz FX/{na:[{t:[&quot;BUZZ_FX_GF&quot;]}],hf:0}/tcnews/5e03987cb5ec36dbb7e9f6a49d9307d3b2b12cae@{&quot;Syms&quot;:[],&quot;Inf&quot;:{&quot;PBL&quot;:&quot;Independent.ie&quot;}}/1771480843",
    "ord_in_thread": 0,
    "author": "NetDania",
    "published": "2026-02-19T02:00:00.000+02:00",
    "title": "Early Christine Lagarde exit could tarnish independence of ECB, analyst warns | Irish Independent - NetDania News",
    "text": "-\nEarly Christine Lagarde exit could tarnish independence of ECB, analyst warns | Irish Independent\nSource: Buzz FX / 19 Feb 2026 08:00:43 Asia/Jerusalem\nEarly Lagarde exit could tarnish independence of ECB, analyst warns\nA possible early departure by European Central Bank (ECB) president Christine Lagarde is likely to raise question marks about the bank‚Äôs prized independence from politicaRead more...",
    "summary": null,
    "highlightText": "",
    "highlightTitle": "",
    "highlightThreadTitle": "",
    "language": "english",
    "sentiment": "negative",
    "categories": [
        "Economy, Business and Finance",
        "Politics"
    ],
    "topics": [
        "Economy, Business and Finance->financial and economic news",
        "Economy, Business and Finance->business governance",
        "Politics->government",
        "Politics->economic policy"
    ],
    "ai_allow": true,
    "has_canonical": false,
    "breaking": null,
    "webz_reporter": false,
    "external_links": [],
    "external_images": [],
    "internal_images": [],
    "entities": {
        "persons": [
            {
                "name": "Christine Lagarde",
                "sentiment": "negative"
            }
        ],
        "locations": [
            {
                "name": "Asia",
                "sentiment": "none"
            },
            {
                "name": "Jerusalem",
                "sentiment": "none"
            }
        ],
        "organizations": [
            {
                "name": "Irish Independent",
                "sentiment": "negative",
                "tickers": [
                    {
                        "ticker": null,
                        "exchange": null
                    }
                ]
            },
            {
                "name": "ECB",
                "sentiment": "negative",
                "tickers": [
                    {
                        "ticker": null,
                        "exchange": null
                    }
                ]
            },
            {
                "name": "NetDania News",
                "sentiment": "negative",
                "tickers": [
                    {
                        "ticker": null,
                        "exchange": null
                    }
                ]
            },
            {
                "name": "European Central Bank",
                "sentiment": "none",
                "tickers": [
                    {
                        "ticker": null,
                        "exchange": null
                    }
                ]
            },
            {
                "name": "Buzz FX",
                "sentiment": "none",
                "tickers": [
                    {
                        "ticker": null,
                        "exchange": null
                    }
                ]
            }
        ]
    },
    "syndication": {
        "syndicated": false,
        "syndicate_id": null,
        "first_syndicated": false
    },
    "trust": {
        "categories": [],
        "top_news": [],
        "bias": null,
        "source": {
            "type": null,
            "city": null,
            "state": null,
            "country": null,
            "domain_type": null,
            "agency": null,
            "organization_name": null
        }
    },
    "rating": null,
    "crawled": "2026-02-19T08:23:34.019+02:00",
    "updated": "2026-02-19T08:26:16.000+02:00"
}