{
    "thread": {
        "uuid": "f717b0d955750af2000046d1e072864c8606e964",
        "url": "https://www.marketsmojo.com/news/stock-market-news/sensex-dips-038-as-market-breadth-weakens-it-sector-leads-gains-amid-broad-declines-3846907",
        "site_full": "www.marketsmojo.com",
        "site": "marketsmojo.com",
        "site_section": "https://www.marketsmojo.com/news/stocks-in-action",
        "site_categories": [
            "economy, business and finance"
        ],
        "section_title": "Stay Informed with MarketsMojo News: Stock Market Insights, Portfolio Tracking, Alerts, and Expert Analyses  ",
        "site_title": "Mojo Search: Your Ultimate Buy/Sell/Hold Guide for all Stocks in India",
        "title": "Sensex Dips 0.38% as Market Breadth Weakens; IT Sector Le...",
        "title_full": "Sensex Dips 0.38% as Market Breadth Weakens; IT Sector Le...",
        "published": "2026-02-19T07:49:23.363+02:00",
        "replies_count": 0,
        "participants_count": 1,
        "site_type": "news",
        "country": "IN",
        "main_image": "https://i.marketsmojo.com/newsimg/2026/2/market_summary_34_3846907.png",
        "performance_score": 0,
        "domain_rank": 66172,
        "domain_rank_updated": "2026-02-15T23:00:00.000+02:00",
        "licensing_agency": [],
        "social": {
            "facebook": {
                "likes": 0,
                "comments": 0,
                "shares": 0
            },
            "vk": {
                "shares": 0
            }
        }
    },
    "uuid": "f717b0d955750af2000046d1e072864c8606e964",
    "url": "https://www.marketsmojo.com/news/stock-market-news/sensex-dips-038-as-market-breadth-weakens-it-sector-leads-gains-amid-broad-declines-3846907",
    "ord_in_thread": 0,
    "author": "@Marketsmojo",
    "published": "2026-02-19T07:49:23.363+02:00",
    "title": "Sensex Dips 0.38% as Market Breadth Weakens; IT Sector Le...",
    "text": "Sensex and Nifty Performance Overview\nThe BSE Sensex opened the day on a positive note, gaining 235.57 points in early trade. However, the optimism was short-lived as the index reversed sharply, falling by as much as 517.58 points during the session before settling at 83,412.85, down 0.38%. The Nifty followed a similar trajectory, reflecting the cautious mood prevailing among investors. The Sensex currently trades approximately 3.24% below its 52-week high of 86,159.02, indicating some room for recovery but also highlighting recent volatility.\nTechnical indicators suggest a mixed outlook. The Sensex is trading below its 50-day moving average (DMA), a short-term bearish signal, although the 50DMA remains above the 200DMA, which is typically a longer-term bullish indicator. This divergence points to potential consolidation in the near term as investors weigh economic data and corporate earnings prospects.\nSectoral Trends: IT Shines Amid Realty Weakness\nOut of 38 sectors tracked on the BSE, only five managed to close in positive territory, underscoring the broad-based weakness. The BSE IT sector emerged as the top gainer, advancing 0.91%, buoyed by select software stocks that attracted buying interest amid global demand optimism. Conversely, the Nifty Realty sector was the worst performer, declining 1.35%, pressured by subdued real estate activity and cautious outlook on property sales and regulatory developments.\nMidcap and smallcap segments underperformed notably, with the BSE Midcap index falling 2.72% and the Smallcap index declining 4.4%. This underperformance reflects risk aversion among investors, who preferred to reduce exposure to more volatile stocks amid uncertain macroeconomic conditions.\nMarket Breadth and Capitalisation Trends\nThe advance-decline ratio across the BSE500 was weak at 0.48x, with 161 stocks advancing against 337 declining. Large caps traded largely flat, with only a few exceptions. Shree Cement led the large-cap gainers, rising 1.90%, supported by steady demand in the cement sector and positive earnings outlook. On the downside, Dixon Technologies was the top large-cap loser, falling 2.95% amid profit booking.\nAmong midcaps, Godrej Industries gained 4.67%, showing resilience despite the broader market weakness. GE Vernova Transmission & Distribution was the biggest midcap laggard, dropping 4.31%, weighed down by sector-specific concerns. Smallcaps saw extreme volatility, with TIL surging 19.99% on renewed investor interest, while Uniphos Enterprises plunged 9.66%, reflecting profit-taking and sectoral headwinds.\nTurnaround taking shape! This Small Cap from NBFC sector just hit profitability with strong business fundamentals showing up. Catch it before the major breakout happens!\n- - Recently turned profitable\n- - Strong business fundamentals\n- - Pre-breakout opportunity\nTop Gainers and Losers: Stock-Specific Movements\nAmong the BSE500 stocks, Newgen Software led the gainers with a robust 14.26% rally, driven by strong quarterly results and positive guidance. Tata Investment Corporation followed with an 11.02% gain, benefiting from renewed investor interest in financial services. Netweb Technologies also posted a healthy 6.48% rise, supported by favourable sectoral tailwinds.\nOn the flip side, GE Vernova Transmission & Distribution was the top loser, falling 4.31%, reflecting concerns over order inflows and margin pressures. One 97 Communications declined 3.41%, weighed down by profit booking after recent gains. Jindal Saw slipped 3.02%, impacted by commodity price fluctuations and subdued demand in the steel pipe segment.\nForeign Institutional and Domestic Institutional Activity\nForeign Institutional Investors (FIIs) remained net sellers during the session, continuing a cautious stance amid global uncertainties and mixed economic data from key markets. Domestic Institutional Investors (DIIs), however, showed moderate buying interest, attempting to stabilise the market amid the sell-off. This divergence in activity highlights the ongoing recalibration of portfolios as investors digest inflation trends, interest rate expectations, and geopolitical developments.\nGlobal Cues and Their Impact\nGlobal markets presented a mixed picture, with US indices retreating slightly after recent gains, weighed down by concerns over inflation and monetary policy tightening. European markets also closed lower amid economic growth worries. Asian markets were subdued, with investors awaiting key economic data releases and corporate earnings updates. These global factors contributed to the cautious mood in Indian markets, limiting upside momentum despite pockets of sectoral strength.\nTechnical Outlook and Upcoming Catalysts\nTechnically, the Sensex‚Äôs failure to sustain early gains and close below the 50DMA suggests a near-term consolidation phase. Investors will closely watch the upcoming quarterly results season for cues on corporate earnings momentum. Notably, Schaeffler India is scheduled to announce its results on 24 Feb 2026, which could provide directional impetus for the auto and industrial sectors.\nMarket participants are advised to monitor sectoral rotations carefully, as IT stocks continue to offer relative strength while cyclical sectors face headwinds. Risk management remains crucial amid the prevailing volatility and mixed macroeconomic signals.\ncaught your attention? Explore our comprehensive research report with in-depth analysis of this stock ‚Äì fundamentals, valuations, financials, and technical outlook!\n- - Comprehensive research report\n- - In-depth analysis\n- - Valuation assessment included\nConclusion: Navigating a Cautious Market Environment\nIn summary, the Indian equity market experienced a broad-based correction on 19 Feb 2026, with the Sensex retreating amid weak market breadth and sectoral divergences. While the IT sector provided some respite, the overall tone remained cautious as investors digested mixed global cues and awaited key earnings announcements. The underperformance of midcap and smallcap stocks signals risk aversion, suggesting that selective stock picking and prudent portfolio management will be essential in the near term.\nLooking ahead, market participants should keep a close eye on upcoming corporate results, macroeconomic data, and global developments to gauge the sustainability of the current trend. The technical setup indicates potential consolidation, with the possibility of renewed volatility as investors reassess valuations and growth prospects.\nOnly Rs. 9,999 - Get MojoOne for 1 Year + 3 Months FREE (60% Off) Start Today",
    "summary": "The BSE IT sector emerged as the top gainer, advancing 0.91%, buoyed by select software stocks that attracted buying interest amid global demand optimism. Conversely, the Nifty Realty sector was the worst performer, declining 1.35%, pressured by subdued real estate activity and cautious outlook on property sales and regulatory developments. Smallcaps saw extreme volatility, with TIL surging 19.99% on renewed investor interest, while Uniphos Enterprises plunged 9.66%, reflecting profit-taking and sectoral headwinds. On the flip side, GE Vernova Transmission & Distribution was the top loser, falling 4.31%, reflecting concerns over order inflows and margin pressures.",
    "highlightText": "",
    "highlightTitle": "",
    "highlightThreadTitle": "",
    "language": "english",
    "sentiment": "negative",
    "categories": [
        "Economy, Business and Finance"
    ],
    "topics": [
        "Economy, Business and Finance->financial and economic news",
        "Economy, Business and Finance->market and exchange"
    ],
    "ai_allow": true,
    "has_canonical": false,
    "breaking": false,
    "webz_reporter": false,
    "external_links": [],
    "external_images": [],
    "internal_images": [],
    "entities": {
        "persons": [],
        "locations": [],
        "organizations": [
            {
                "name": "BSE Sensex",
                "sentiment": "positive",
                "tickers": [
                    {
                        "ticker": "^BSESN",
                        "exchange": "BSE"
                    }
                ]
            },
            {
                "name": "Nifty",
                "sentiment": "none",
                "tickers": [
                    {
                        "ticker": null,
                        "exchange": null
                    }
                ]
            }
        ]
    },
    "syndication": {
        "syndicated": false,
        "syndicate_id": null,
        "first_syndicated": false
    },
    "trust": {
        "categories": [],
        "top_news": [],
        "bias": null,
        "source": {
            "type": null,
            "city": null,
            "state": null,
            "country": null,
            "domain_type": null,
            "agency": null,
            "organization_name": null
        }
    },
    "rating": null,
    "crawled": "2026-02-19T07:49:23.363+02:00",
    "updated": "2026-02-19T07:53:41.000+02:00"
}