{
    "thread": {
        "uuid": "ec8475af2882a84d801d5694ad375fa4c873410c",
        "url": "https://www.marketbeat.com/instant-alerts/data-communications-management-tsedcm-trading-down-07-time-to-sell-2025-09-01/",
        "site_full": "www.marketbeat.com",
        "site": "marketbeat.com",
        "site_section": "https://www.marketbeat.com/rss.ashx?type=headlines",
        "site_categories": [
            "investing",
            "financial_news",
            "finance",
            "stocks"
        ],
        "section_title": "MarketBeat News Feed",
        "site_title": "MarketBeat: Stock Market News and Research Tools",
        "title": "DATA Communications Management (TSE:DCM) Trading Down 0.7% - Time to Sell?",
        "title_full": "DATA Communications Management (TSE:DCM) Trading Down 0.7% - Time to Sell?",
        "published": "2025-09-04T07:30:00.000+03:00",
        "replies_count": 0,
        "participants_count": 1,
        "site_type": "news",
        "country": "US",
        "main_image": "https://www.marketbeat.com/logos/data-communications-management-corp-logo-1200x675.jpg?v=20241112081219",
        "performance_score": 0,
        "domain_rank": 9003,
        "domain_rank_updated": "2025-06-03T00:00:00.000+03:00",
        "licensing_agency": [],
        "social": {
            "facebook": {
                "likes": 0,
                "comments": 0,
                "shares": 0
            },
            "vk": {
                "shares": 0
            }
        }
    },
    "uuid": "ec8475af2882a84d801d5694ad375fa4c873410c",
    "url": "https://www.marketbeat.com/instant-alerts/data-communications-management-tsedcm-trading-down-07-time-to-sell-2025-09-01/",
    "ord_in_thread": 0,
    "author": "MarketBeat",
    "published": "2025-09-04T07:30:00.000+03:00",
    "title": "DATA Communications Management (TSE:DCM) Trading Down 0.7% - Time to Sell?",
    "text": "DATA Communications Management (TSE:DCM) Trading Down 0.7% - Time to Sell? Written by MarketBeat September 3, 2025 Share Link copied to clipboard. Key Points DATA Communications Management Corp. shares experienced a trading decline of 0.7%, closing at C$1.52, with trading volume significantly down to 4,700 shares compared to an average of 41,411. Despite the recent downturn, the stock received a \"strong-buy\" rating from Acumen Capital, with a revised target price of C$3.75, although the average target remains much higher at C$7.38. The company's market capitalization is C$84.09 million , with a debt-to-equity ratio of 631.45 and a price-to-earnings ratio of 13.82, indicating potential concerns regarding its leverage. MarketBeat previews the top five stocks to own by October 1st . DATA Communications Management Corp. ( TSE:DCM - Get Free Report ) was down 0.7% during trading on Monday . The stock traded as low as C$1.52 and last traded at C$1.52. Approximately 4,700 shares were traded during trading, a decline of 89% from the average daily volume of 41,411 shares. The stock had previously closed at C$1.53. Get DCM alerts: Sign Up Analyst Upgrades and Downgrades\nSeparately, Acumen Capital raised DATA Communications Management to a \"strong-buy\" rating and decreased their target price for the stock from C$4.00 to C$3.75 in a report on Thursday, May 22nd. One analyst has rated the stock with a Strong Buy rating, According to MarketBeat, the company has a consensus rating of \"Strong Buy\" and an average price target of C$7.38.\nView Our Latest Stock Analysis on DATA Communications Management DATA Communications Management Price Performance\nThe stock has a market capitalization of C$84.09 million, a price-to-earnings ratio of 13.82 and a beta of -0.22. The company's 50-day simple moving average is C$1.65 and its 200-day simple moving average is C$1.79. The company has a debt-to-equity ratio of 631.45, a current ratio of 1.46 and a quick ratio of 0.83. About DATA Communications Management ( Get Free Report )\nDATA Communications Management Corp is a communication solutions partner that adds value for major companies across North America by creating more meaningful connections with their customers. It pairs customer insights and thought leadership with cutting-edge products, modular enabling technology and services to power its clients' go-to market strategies. Featured Articles\nThis instant news alert was generated by narrative science technology and financial data from MarketBeat in order to provide readers with the fastest and most accurate reporting. This story was reviewed by MarketBeat's editorial team prior to publication. Please send any questions or comments about this story to contact@marketbeat.com.\nShould You Invest $1,000 in DATA Communications Management Right Now? Before you consider DATA Communications Management, you'll want to hear this.\nMarketBeat keeps track of Wall Street's top-rated and best performing research analysts and the stocks they recommend to their clients on a daily basis. MarketBeat has identified the five stocks that top analysts are quietly whispering to their clients to buy now before the broader market catches on... and DATA Communications Management wasn't on the list.\nWhile DATA Communications Management currently has a Strong Buy rating among analysts, top-rated analysts believe these five stocks are better buys.\nView The Five Stocks Here\n7 Stocks to Ride The A.I. Megaboom\nWe are about to experience the greatest A.I. boom in stock market history...\nThanks to a pivotal economic catalyst, specific tech stocks will skyrocket just like they did during the \"dot com\" boom in the 1990s.\nThat’s why, we’ve hand-selected 7 tiny tech disruptor stocks positioned to surge . The first pick is a tiny under-the-radar A.I. stock that's trading for just $3.00 . This company already has 98 registered patents for cutting-edge voice and sound recognition technology... And has lined up major partnerships with some of the biggest names in the auto, tech, and music industry... plus many more. The second pick presents an affordable avenue to bolster EVs and AI development…. Analysts are calling this stock a “buy” right now and predict a high price target of $19.20, substantially more than its current $6 trading price . Our final and favorite pick is generating a brand-new kind of AI. It's believed this tech will be bigger than the current well-known leader in this industry… Analysts predict this innovative tech is gearing up to create a tidal wave of new wealth, fueling a $15.7 TRILLION market boom.\nRight now, we’re staring down the barrel of a true once-in-a-lifetime moment. As an investment opportunity, this kind of breakthrough doesn't come along every day.\nAnd the window to get in on the ground-floor — maximizing profit potential from this expected market surge — is closing quickly...\nSimply enter your email below to get the names and tickers of the 7 small stocks with potential to make investors very, very happy.\nGet This Free Report Like this article? Share it with a colleague. Link copied to clipboard.",
    "highlightText": "",
    "highlightTitle": "",
    "highlightThreadTitle": "",
    "language": "english",
    "sentiment": "negative",
    "categories": [
        "Economy, Business and Finance",
        "Politics",
        "Social Issue"
    ],
    "topics": [
        "Economy, Business and Finance->business reporting and performance",
        "Economy, Business and Finance->financial service",
        "Politics->economic policy"
    ],
    "ai_allow": true,
    "has_canonical": false,
    "breaking": false,
    "webz_reporter": false,
    "external_links": [
        "https://api.stocktwits.com/widgets/share?via=MarketBeat&body=DATA+Communications+Management+(TSE%3aDCM)+Trading+Down+0.7%25++-+Time+to+Sell%3f%20https://www.marketbeat.com/instant-alerts/data-communications-management-tsedcm-trading-down-07-time-to-sell-2025-09-01/",
        "https://www.facebook.com/sharer/sharer.php?u=https://www.marketbeat.com/instant-alerts/data-communications-management-tsedcm-trading-down-07-time-to-sell-2025-09-01/",
        "https://www.american",
        "https://www.linkedin.com/cws/share?mini=true&url=https://www.marketbeat.com/instant-alerts/data-communications-management-tsedcm-trading-down-07-time-to-sell-2025-09-01/",
        "https://www.americanconsumernews.net/scripts/standalone/viewcount.ashx?type=h&id=2961892&domain=marketbeat.com&referrer=",
        "https://twitter.com/intent/tweet?text=DATA+Communications+Management+(TSE%3aDCM)+Trading+Down+0.7%25++-+Time+to+Sell%3f%20https://www.marketbeat.com/instant-alerts/data-communications-management-tsedcm-trading-down-07-time-to-sell-2025-09-01/",
        "https://twitter.com/intent/tweet?text=DATA+Communications+Management+(TSE%3aDCM)+Trading+Down+0.7%25++-+Time+to+Sell%3f%20%24DCM%20%23DCM%20https://www.marketbeat.com/instant-alerts/data-communications-management-tsedcm-trading-down-07-time-to-sell-2025-09-01/",
        "https://americanconsumernews.net/scripts/standalone/viewcount.ashx?type=h&id=2961892&domain=marketbeat.com&referrer=",
        "https://api.stocktwits.com/widgets/share?via=MarketBeat&body=DATA+Communications+Management+(TSE%3aDCM)+Trading+Down+0.7%25++-+Time+to+Sell%3f%20https://www.marketbeat.com/instant-alerts/data-communications-management-tsedcm-trading-down-07-time-to-sell-2025-09-01",
        "https://twitter.com/intent/tweet?text=DATA+Communications+Management+(TSE%3aDCM)+Trading+Down+0.7%25++-+Time+to+Sell%3f%20https://marketbeat.com/instant-alerts/data-communications-management-tsedcm-trading-down-07-time-to-sell-2025-09-01/",
        "https://twitter.com/intent/tweet?text=DATA+Communications+Management+(TSE%3aDCM)+Trading+Down+0.7%25++-+Time+to+Sell%3f%20%24DCM%20%23DCM%20https://marketbeat.com/instant-alerts/data-communications-management-tsedcm-trading-down-07-time-to-sell-2025-09-01/",
        "https://www.facebook.com/sharer/sharer.php?u=https://www.marketbeat.com/instant-alerts/data-communications-management-tsedcm-trading-down-07-time-to-sell-2025-09-01",
        "https://twitter.com/intent/tweet?text=DATA+Communications+Management+(TSE%3aDCM)+Trading+Down+0.7%25++-+Time+to+Sell%3f%20https://www.marketbeat.com/instant-alerts/data-communications-management-tsedcm-trading-down-07-time-to-sell-2025-09-01",
        "https://american",
        "https://www.facebook.com/sharer/sharer.php",
        "https://api.stocktwits.com/widgets/share?via=MarketBeat&body=DATA+Communications+Management+(TSE%3aDCM)+Trading+Down+0.7%25++-+Time+to+Sell%3f%20https://marketbeat.com/instant-alerts/data-communications-management-tsedcm-trading-down-07-time-to-sell-2025-09-01/",
        "https://www.linkedin.com/cws/share",
        "https://facebook.com/sharer/sharer.php?u=https://marketbeat.com/instant-alerts/data-communications-management-tsedcm-trading-down-07-time-to-sell-2025-09-01/",
        "https://www.americanconsumernews.net/scripts/standalone/viewcount.ashx",
        "https://api.stocktwits.com/widgets/share",
        "https://www.linkedin.com/cws/share?mini=true&url=https://www.marketbeat.com/instant-alerts/data-communications-management-tsedcm-trading-down-07-time-to-sell-2025-09-01",
        "https://linkedin.com/cws/share?mini=true&url=https://marketbeat.com/instant-alerts/data-communications-management-tsedcm-trading-down-07-time-to-sell-2025-09-01/",
        "https://twitter.com/intent/tweet",
        "https://twitter.com/intent/tweet?text=DATA+Communications+Management+(TSE%3aDCM)+Trading+Down+0.7%25++-+Time+to+Sell%3f%20%24DCM%20%23DCM%20https://www.marketbeat.com/instant-alerts/data-communications-management-tsedcm-trading-down-07-time-to-sell-2025-09-01"
    ],
    "external_images": [],
    "internal_images": [],
    "entities": {
        "persons": [
            {
                "name": "MarketBeat Sep",
                "sentiment": "neutral"
            }
        ],
        "locations": [],
        "organizations": [
            {
                "name": "DATA Communications Management Corp.",
                "sentiment": "none",
                "tickers": []
            }
        ]
    },
    "syndication": {
        "syndicated": false,
        "syndicate_id": null,
        "first_syndicated": false
    },
    "trust": {
        "categories": [],
        "top_news": [],
        "bias": null,
        "source": {
            "type": null,
            "city": null,
            "state": null,
            "country": null,
            "domain_type": null,
            "agency": null,
            "organization_name": null
        }
    },
    "rating": null,
    "crawled": "2025-09-04T07:39:08.398+03:00",
    "updated": "2025-09-04T07:42:06.000+03:00"
}