{
    "thread": {
        "uuid": "7f38600bd4bf0981bd530bab1116213407f52faf",
        "url": "https://www.indiatoday.in/trending-news/story/indian-restaurant-owners-in-uk-share-post-on-diners-failing-to-settle-rs-23000-bill-2781738-2025-09-04",
        "site_full": "www.indiatoday.in",
        "site": "indiatoday.in",
        "site_section": "https://www.indiatoday.in",
        "site_categories": [
            "religion",
            "media",
            "catholicism",
            "top_news_in",
            "top_news_ph",
            "top_news_kw",
            "top_news_iq",
            "top_news_nz",
            "top_news_pk",
            "top_news_ae",
            "top_news_za",
            "top_news_qa",
            "top_news_sg",
            "top_news_sa",
            "top_news_my",
            "top_news"
        ],
        "section_title": "Latest News, Breaking News Today - Entertainment, Cricket, Business, Politics - India Today",
        "site_title": "Latest News, Breaking News Today - Entertainment, Cricket, Business, Politics - India Today",
        "title": "Indian restaurant owners in UK share post on diners failing to settle Rs 23000 bill - India Today",
        "title_full": "Indian restaurant owners in UK share post on diners failing to settle Rs 23000 bill - India Today",
        "published": "2025-09-04T08:09:00.000+03:00",
        "replies_count": 0,
        "participants_count": 1,
        "site_type": "news",
        "country": "IN",
        "main_image": "https://akm-img-a-in.tosshub.com/indiatoday/images/story/202509/indian-restaurant-owners-in-uk-share-post-on-diners-failing-to-settle-rs-23-000-bill-photos-sai-su-045847803-16x9_0.jpg?VersionId=VOm7gApZ4RmcbsnDwslgFahjtRpwKHTi",
        "performance_score": 5,
        "domain_rank": 1806,
        "domain_rank_updated": "2025-06-03T00:00:00.000+03:00",
        "licensing_agency": [],
        "social": {
            "facebook": {
                "likes": 68,
                "comments": 12,
                "shares": 49
            },
            "vk": {
                "shares": 0
            }
        }
    },
    "uuid": "7f38600bd4bf0981bd530bab1116213407f52faf",
    "url": "https://www.indiatoday.in/trending-news/story/indian-restaurant-owners-in-uk-share-post-on-diners-failing-to-settle-rs-23000-bill-2781738-2025-09-04",
    "ord_in_thread": 0,
    "author": "@indiatoday",
    "published": "2025-09-04T08:09:00.000+03:00",
    "title": "Indian restaurant owners in UK share post on diners failing to settle Rs 23000 bill - India Today",
    "text": "Indian restaurant owners in UK share post on diners failing to settle Rs 23,000 bill\nRaman Kaur and Narinder Singh Athwa, who run the Sai Surbhi restaurant in Urmston, claimed that the group of four adults and four children enjoyed their meals and drinks, praised the food and service, but failed to settle the bill.\nThe owners of an Indian restaurant in Greater Manchester have alleged that two families walked out without paying a 200 pound (Rs 23,656 approximately) bill after dining on August 30.\nRaman Kaur and Narinder Singh Athwa, who run the Sai Surbhi restaurant in Urmston, claimed that the group of four adults and four children enjoyed their meals and drinks, praised the food and service, but failed to settle the bill.\nIn a Facebook post that also included a picture of the receipt, the restaurant explained that the families had “tried five different cards” and even called various people to transfer money, but “paid 0 pounds off a 200 pound bill.”\nThe owners said they had never faced issues with other families from the same community and did not wish to discriminate, but added that these were new visitors who had booked in advance. Apart from “the normal ruckus that infants can cause wanting to run around,” the evening went smoothly. “They praised the food, service, the decor, everything,” the owners said in their post.\nThe issue arose only at the end of the meal. The two men told staff: “Sorry, we have no way of paying.” When asked for identification, they could not provide any. “No cash, nothing,” the owners added.\nThe restaurant said the men left only a name and phone number, promising to pay the next day after receiving money, and even agreed that if they failed to do so, Sai Surbhi could release CCTV images of them on social media.\n“As a local family-run business and an independent, times are really tough at the minute,” the owners said, adding: “Them not paying a 200 pound bill has a huge knock-on effect for our restaurant. We can’t afford this occurrence once, let alone a repeat performance.”\nFurthermore, the owners said that the amount was significant because “that 200 pounds would pay staff, or pay our bills, or for stock.” They also thanked other diners who witnessed the situation and offered kind words of support.\nRead the entire post here:\nSai Surbhi’s Facebook appeal, meanwhile, prompted an outpouring of messages from customers.\n“Absolutely disgusting that they would do this especially as they obviously knew they would not be paying,” a user said.\n“Personally, I would have called the police but now, at the very least, I would share pictures of them. As a regular in your restaurant, I know how hard you all work, and as you say, 200 pounds is no small amount to lose,” another user added.\nOne of the users also said: “I hope they pay. I’m sorry for this to have happened to your restaurant. It’s not only financially damaging but it’s really disheartening that people would do such a thing to a hardworking team.”\n“That’s terrible,” added another.\nSai Surbhi said they hoped the families would return to pay but warned they would consider releasing CCTV footage if the bill remained unpaid.",
    "highlightText": "",
    "highlightTitle": "",
    "highlightThreadTitle": "",
    "language": "english",
    "sentiment": "negative",
    "categories": [
        "Economy, Business and Finance",
        "Social Issue",
        "Human Interest"
    ],
    "topics": [
        "Economy, Business and Finance->consumer goods",
        "Economy, Business and Finance->business service",
        "Social Issue->demographics",
        "Social Issue->social condition",
        "Social Issue->social networking"
    ],
    "ai_allow": true,
    "has_canonical": false,
    "breaking": true,
    "webz_reporter": false,
    "external_links": [],
    "external_images": [],
    "internal_images": [],
    "entities": {
        "persons": [
            {
                "name": "Raman Kaur",
                "sentiment": "negative"
            },
            {
                "name": "Narinder Singh Athwa",
                "sentiment": "none"
            }
        ],
        "locations": [
            {
                "name": "Greater",
                "sentiment": "none"
            }
        ],
        "organizations": []
    },
    "syndication": {
        "syndicated": false,
        "syndicate_id": null,
        "first_syndicated": false
    },
    "trust": {
        "categories": null,
        "top_news": [
            "top_news_in",
            "top_news_ph",
            "top_news_kw",
            "top_news_iq",
            "top_news_nz",
            "top_news_pk",
            "top_news_ae",
            "top_news_za",
            "top_news_qa",
            "top_news_sg",
            "top_news_sa",
            "top_news_my",
            "top_news"
        ],
        "bias": "center",
        "source": {
            "type": null,
            "city": null,
            "state": null,
            "country": null,
            "domain_type": null,
            "agency": null,
            "organization_name": null
        }
    },
    "rating": null,
    "crawled": "2025-09-04T08:16:07.001+03:00",
    "updated": "2025-09-05T09:09:12.000+03:00"
}