{
    "thread": {
        "uuid": "5e1875ff477be2feec553a8cf7f28ce32c378f68",
        "url": "https://www.morningstar.com/news/dow-jones/202509039225/ipc-indice-de-precios-y-cotizaciones-ends-016-lower-at-5965157-data-talk",
        "site_full": "www.morningstar.com",
        "site": "morningstar.com",
        "site_section": "https://www.morningstar.com/news/dow-jones",
        "site_categories": [
            "investing",
            "financial_news",
            "finance"
        ],
        "section_title": "Market News – Dow Jones | Morningstar",
        "site_title": "Morningstar | Empowering Investor Success",
        "title": "IPC Indice de Precios Y Cotizaciones Ends 0.16% Lower at 59651.57 - Data Talk | Morningstar",
        "title_full": "IPC Indice de Precios Y Cotizaciones Ends 0.16% Lower at 59651.57 - Data Talk | Morningstar",
        "published": "2025-09-04T00:26:00.000+03:00",
        "replies_count": 0,
        "participants_count": 0,
        "site_type": "news",
        "country": "US",
        "main_image": "https://images.contentstack.io/v3/assets/blt4eb669caa7dc65b2/blta7dd42ebdd7b93b8/61899b34a3c7df383578294c/morningstar-og.png",
        "performance_score": 0,
        "domain_rank": 1812,
        "domain_rank_updated": "2025-06-03T00:00:00.000+03:00",
        "licensing_agency": [],
        "social": {
            "facebook": {
                "likes": 0,
                "comments": 0,
                "shares": 0
            },
            "vk": {
                "shares": 0
            }
        }
    },
    "uuid": "5e1875ff477be2feec553a8cf7f28ce32c378f68",
    "url": "https://www.morningstar.com/news/dow-jones/202509039225/ipc-indice-de-precios-y-cotizaciones-ends-016-lower-at-5965157-data-talk",
    "ord_in_thread": 0,
    "author": null,
    "published": "2025-09-04T00:26:00.000+03:00",
    "title": "IPC Indice de Precios Y Cotizaciones Ends 0.16% Lower at 59651.57 - Data Talk | Morningstar",
    "text": "IPC Indice de Precios Y Cotizaciones Ends 0.16% Lower at 59651.57 — Data Talk\nThe IPC Indice de Precios Y Cotizaciones is down 96.31 points or 0.16% today to 59651.57\n--Second highest close in history\n--Snaps a two-trading-day winning streak\n--Off 0.16% from its record close of 59747.88 hit Tuesday, Sept. 2, 2025\n--Up 18.82% from the Inauguration Day close of 50201.32 on Monday, Jan 20, 2025\n--Today's closing value is the second highest this year\n--Off 0.16% from its 52-week high of 59747.88 hit Tuesday, Sept. 2, 2025\n--Up 22.14% from its 52-week low of 48837.72 hit Monday, Dec. 30, 2024\n--Rose 15.13% from 52 weeks ago\n--Off 0.16% from its 2025 closing high of 59747.88 hit Tuesday, Sept 2, 2025\n--Up 21.84% from its 2025 closing low of 48957.24 hit Friday, Jan. 3, 2025\n--Year-to-date it is up 10138.30 points or 20.48%\nSource: Dow Jones Market Data, FactSet\n(END) Dow Jones Newswires\nSeptember 03, 2025 17:26 ET (21:26 GMT)\nCopyright (c) 2025 Dow Jones & Company, Inc.The articles, information, and content displayed on this webpage may include materials prepared and provided by third parties. Such third-party content is offered for informational purposes only and is not endorsed, reviewed, or verified by Morningstar.\nMorningstar makes no representations or warranties regarding the accuracy, completeness, timeliness, or reliability of any third-party content displayed on this site. The views and opinions expressed in third-party content are those of the respective authors and do not necessarily reflect the views of Morningstar, its affiliates, or employees.\nMorningstar is not responsible for any errors, omissions, or delays in this content, nor for any actions taken in reliance thereon. Users are advised to exercise their own judgment and seek independent financial advice before making any decisions based on such content. The third-party providers of this content are not affiliated with Morningstar, and their inclusion on this site does not imply any form of partnership, agency, or endorsement.",
    "highlightText": "",
    "highlightTitle": "",
    "highlightThreadTitle": "",
    "language": "english",
    "sentiment": "negative",
    "categories": [
        "Economy, Business and Finance"
    ],
    "topics": [
        "Economy, Business and Finance->market and exchange",
        "Economy, Business and Finance->financial and economic news",
        "Economy, Business and Finance->business reporting and performance"
    ],
    "ai_allow": true,
    "has_canonical": false,
    "breaking": null,
    "webz_reporter": false,
    "external_links": [],
    "external_images": [],
    "internal_images": [],
    "entities": {
        "persons": [],
        "locations": [],
        "organizations": [
            {
                "name": "Dow Jones Market Data",
                "sentiment": "none",
                "tickers": [
                    {
                        "ticker": null,
                        "exchange": null
                    }
                ]
            },
            {
                "name": "Dow Jones & Company",
                "sentiment": "none",
                "tickers": [
                    {
                        "ticker": null,
                        "exchange": null
                    }
                ]
            },
            {
                "name": "FactSet",
                "sentiment": "none",
                "tickers": [
                    {
                        "ticker": "FDS",
                        "exchange": "NYSE"
                    }
                ]
            }
        ]
    },
    "syndication": {
        "syndicated": false,
        "syndicate_id": null,
        "first_syndicated": false
    },
    "trust": {
        "categories": [],
        "top_news": [],
        "bias": null,
        "source": {
            "type": null,
            "city": null,
            "state": null,
            "country": null,
            "domain_type": null,
            "agency": null,
            "organization_name": null
        }
    },
    "rating": null,
    "crawled": "2025-09-04T07:36:21.597+03:00",
    "updated": "2025-09-04T07:38:50.000+03:00"
}