{
    "thread": {
        "uuid": "e59b01b81a988459a445811e155c7a0708032d66",
        "url": "https://english.newsfirst.lk/2025/09/04/behind-every-unsolved-crime-is-political-power-akd",
        "site_full": "english.newsfirst.lk",
        "site": "newsfirst.lk",
        "site_section": "https://english.newsfirst.lk/local",
        "site_categories": [],
        "section_title": "Local News | Sri Lanka | News 1st | Top stories | Breaking News | Latest News",
        "site_title": "Newsfirst.lk - Sri Lanka | Latest Breaking News and Top Stories | Sirasa News",
        "title": "Behind Every Unsolved Crime Is Political Power : AKD",
        "title_full": "Behind Every Unsolved Crime Is Political Power : AKD",
        "published": "2025-09-04T03:00:00.000+03:00",
        "replies_count": 0,
        "participants_count": 1,
        "site_type": "news",
        "country": "LK",
        "main_image": "",
        "performance_score": 0,
        "domain_rank": 73583,
        "domain_rank_updated": "2025-06-03T00:00:00.000+03:00",
        "licensing_agency": [],
        "social": {
            "facebook": {
                "likes": 0,
                "comments": 0,
                "shares": 0
            },
            "vk": {
                "shares": 0
            }
        }
    },
    "uuid": "e59b01b81a988459a445811e155c7a0708032d66",
    "url": "https://english.newsfirst.lk/2025/09/04/behind-every-unsolved-crime-is-political-power-akd",
    "ord_in_thread": 0,
    "author": "News First",
    "published": "2025-09-04T03:00:00.000+03:00",
    "title": "Behind Every Unsolved Crime Is Political Power : AKD",
    "text": "COLOMBO (News 1st); Sri Lanka President Anura Kumara Dissanayake declared that his administration will not allow time or political influence to shield criminals from justice.\nSpeaking at the 159th celebrations of Sri Lanka Police, he emphasized that the failure to solve certain crimes and murders in Sri Lanka is not due to incompetence or lack of dedication within the police force—but rather the corrosive grip of political interference.\n“Behind every unsolved crime in our country lies a political hand,” the President stated. “Even the most committed officers have been obstructed, investigations weakened, and in some cases, retaliated against for simply doing their duty.”\nHe acknowledged the historical pattern where law enforcement officials who pursued high-profile investigations were subjected to intimidation and revenge, creating a culture where doing the right thing became a risk. But he assured the nation that under his leadership, this era of fear and suppression is over.\n“I guarantee that under our government, no officer will be punished for doing their job. You must serve the nation fearlessly, for the safety of our people.”\nPresident Dissanayake also rejected the notion that time can cleanse crimes. He criticized the belief that murders and atrocities fade into irrelevance after years pass, calling it a dangerous myth.\nHe acknowledged the challenges in reopening decades-old cases—missing evidence, faded memories, and destroyed records—but insisted that these obstacles must not deter the pursuit of truth.\n“Some criminals believe time will bury their sins. But I tell you, time is no barrier to justice. Our government is committed to delivering punishment without prejudice—regardless of when or where the crime occurred.”\nThe President placed a solemn responsibility on the shoulders of the current Inspector General of Police and senior investigators, reminding them that the eyes of the nation are upon them.",
    "highlightText": "",
    "highlightTitle": "",
    "highlightThreadTitle": "",
    "language": "english",
    "sentiment": "negative",
    "categories": [
        "Politics",
        "Social Issue",
        "Economy, Business and Finance"
    ],
    "topics": [
        "Politics->human rights",
        "Politics->political process",
        "Politics->political candidates",
        "Economy, Business and Finance->economy",
        "Economy, Business and Finance->business governance",
        "Economy, Business and Finance->corporate governance and csr"
    ],
    "ai_allow": true,
    "has_canonical": false,
    "breaking": null,
    "webz_reporter": false,
    "external_links": [],
    "external_images": [],
    "internal_images": [],
    "entities": {
        "persons": [
            {
                "name": "Anura Kumara Dissanayake",
                "sentiment": "negative"
            }
        ],
        "locations": [],
        "organizations": []
    },
    "syndication": {
        "syndicated": false,
        "syndicate_id": null,
        "first_syndicated": false
    },
    "trust": {
        "categories": [],
        "top_news": [],
        "bias": null,
        "source": {
            "type": null,
            "city": null,
            "state": null,
            "country": null,
            "domain_type": null,
            "agency": null,
            "organization_name": null
        }
    },
    "rating": null,
    "crawled": "2025-09-04T08:17:05.254+03:00",
    "updated": "2025-09-04T08:22:09.000+03:00"
}