{
    "thread": {
        "uuid": "0b124768424d92954e735dafb6a086c6bcf99306",
        "url": "https://www.kansas.com/news/business/article311947846.html",
        "site_full": "www.kansas.com",
        "site": "kansas.com",
        "site_section": "https://www.kansas.com/news/business",
        "site_categories": [
            "media"
        ],
        "section_title": "Business News | Wichita Eagle",
        "site_title": "Wichita KS Breaking News, Sports &amp; Crime | Wichita Eagle",
        "title": "Google avoids harshest penalties in landmark search monopoly ruling",
        "title_full": "Google avoids harshest penalties in landmark search monopoly ruling",
        "published": "2025-09-03T08:36:00.000+03:00",
        "replies_count": 0,
        "participants_count": 1,
        "site_type": "news",
        "country": "US",
        "main_image": "https://www.mcclatchy-wires.com/public/incoming/17gjsd/picture311947826/alternates/LANDSCAPE_1140/9face349-5656-44f7-a36b-63dbff749bb7",
        "performance_score": 0,
        "domain_rank": 6655,
        "domain_rank_updated": "2025-06-03T00:00:00.000+03:00",
        "licensing_agency": [],
        "social": {
            "facebook": {
                "likes": 0,
                "comments": 0,
                "shares": 0
            },
            "vk": {
                "shares": 0
            }
        }
    },
    "uuid": "0b124768424d92954e735dafb6a086c6bcf99306",
    "url": "https://www.kansas.com/news/business/article311947846.html",
    "ord_in_thread": 0,
    "author": "David McCabe",
    "published": "2025-09-03T08:36:00.000+03:00",
    "title": "Google avoids harshest penalties in landmark search monopoly ruling",
    "text": "Business\nGoogle avoids harshest penalties in landmark search monopoly ruling\nGoogle must hand over its search results and some data to rival companies but does not need to break itself up by selling its Chrome web browser, a federal judge ruled on Tuesday.\nThe decision, by Judge Amit P. Mehta of the U.S. District Court for the District of Columbia, falls short of the sweeping changes proposed by the government to rein in the power of Silicon Valley.\nMehta said in the 223-page ruling that Google must share some of its search data with “qualified competitors” to resolve its monopoly. The Justice Department had asked the judge to force the company to share even more of its data, arguing it was key to Google’s dominance.\nMehta also put restrictions on payments that Google uses to ensure its search engine gets prime placement in web browsers and on smartphones. But he stopped short of banning those payments entirely and did not grant the government’s request that Google be forced to sell Chrome, which the government said was necessary to remedy the company’s power as a search monopoly.\n“Notwithstanding this power, courts must approach the task of crafting remedies with a healthy dose of humility,” Mehta said in Tuesday’s decision. “This court has done so.”\nThe decision on how to remedy a monopoly -- the first of its kind in the modern internet era -- is the most significant attempt to level the tech playing field since an antitrust ruling against Microsoft more than 20 years ago. Google had planned to appeal, and the case is likely to be mired in the courts for years.\nThe conservative ruling is a blow to the government’s all-out push in recent years to challenge the dominance of the biggest tech companies. Under both the Biden and Trump administrations, the federal government accused Google, Apple, Amazon and Meta of anti-competitive behavior meant to illegally monopolize parts of the internet.\nThat ruling comes as generative artificial intelligence is threatening to replace traditional search engines. AI startups, including OpenAI, Anthropic and Perplexity, have built humanlike chatbots that can field queries, summarize huge swaths of research and even plan a trip with step-by-step suggestions.\nGoogle has already embedded its own AI answers at the top of its search results, and added a tab to its search results page where users can converse with a chatbot about their query.\nMehta wrote in his ruling that the emergence of generative AI “changed the course of this case.”\nGoogle’s stock price shot up about 8% in after-hours trading on the news to more than $229 per share.\n“It’s certainly better than the worst-case scenario that DOJ and the state attorneys general would have had the judge impose,” said Bill Baer, who was an assistant attorney general for antitrust in the Obama administration. “The real question is going to be: Are these data licensing requirements and related requirements going to be sufficient to create the potential for a more competitive search market?”\nGoogle said it had concerns about how the data-sharing requirements could affect the privacy of its users. But Lee-Anne Mulholland, Google’s vice president of regulatory affairs, praised Mehta’s finding that AI had altered the landscape.\n“This underlines what we’ve been saying since this case was filed in 2020: Competition is intense, and people can easily choose the services they want,” she said in a statement.\nGail Slater, the top antitrust official at the Department of Justice, said in a statement that the ruling would restore competition and that the agency would “consider the department’s options and next steps regarding seeking additional relief.”\nMehta’s decision in the case, which is the first government monopoly lawsuit against a modern tech giant to go from filing to remedies, will set the tone as courts consider other antitrust cases accusing large tech companies of abusing their power, most prominently against Google.\nIn April, a federal judge in Virginia found that Google had a monopoly over some types of advertising technology, the system of software that marketers use to place advertisements on sites around the web. The government wants the court to force Google to spin off part of that system. Google says it should be required to change internal policies that entrenched its dominance. The judge in that case will consider remedies this month.\nMeta, which owns Facebook, Instagram and WhatsApp, faces a ruling from a judge as soon as this fall in a lawsuit by the Federal Trade Commission over allegations that the social media giant snuffed out its nascent competitors. An FTC lawsuit against Amazon over allegations that it squeezed small merchants is scheduled to go to trial in 2027. The Justice Department has also sued Apple, saying the company makes it hard for consumers to ditch its devices.\nMehta’s ruling capped a years-long case, U.S. et al. v. Google, which the Justice Department and a group of states filed in 2020. The department said Google’s search engine, which generates billions in annual profits, conducted nearly 90% of web searches, a number the company disputed.\nThe company spends billions every year to be the built-in search engine on browsers like Apple’s Safari and Mozilla’s Firefox. Google paid $26.3 billion for those deals in 2021, according to evidence presented in court.\nThat created a cycle that benefited Google, the government argued during a 10-week trial in 2023. The prime placement meant more people used Google, which gave it more data to make its search engine better than its competitors’. That advantage allowed it to attract more customers and further elbow out its competitors.\n“Google is a monopolist, and it has acted as one to maintain its monopoly,” Mehta said in a ruling last year.\nThis spring, both sides presented testimony and evidence to support their proposed remedies.\nThe government said Google should be forced to sell Chrome, share data with its rivals and stop entering into contracts that gave its search engine visible placement around the web. Google said that it should still be allowed to enter into the contracts at the heart of the case, but that companies like Apple and Samsung should have more freedom to abandon the deals or feature other search engines.\nMehta said in his ruling Tuesday that he lacked expertise in the business of search engines and AI, and that “unlike the typical case where the court’s job is to resolve a dispute based on historic facts, here the court is asked to gaze into a crystal ball and look to the future.”\n“Not exactly a judge’s forte,” he added.\nIn the ruling, which will apply for six years, he barred Google from obtaining “exclusive” contracts that make its product the search engine that automatically comes up when someone opens a browser or smartphone home screen. That includes forbidding Google to pay smartphone makers only if they accept bundles of multiple of the company’s applications, like requiring a phone maker to install an AI chatbot if it wants to be paid for offering search.\nBut he allowed Google to continue to pay for that prime placement in many cases. He said new AI developments meant that Google might have a harder time using its financial clout to keep competitors from becoming the built-in search engines on smartphones and browsers.\n“The money flowing into this space, and how quickly it has arrived, is astonishing,” he wrote. “These new realities give the court hope that Google will not simply outbid competitors for distribution if superior products emerge.”\nMehta was similarly cautious when forcing the company to share data. The company will need to share parts of its search index, the corpus of webpages and information that feeds its results page. But Google does not need to share other data associated with those results, including information about the quality of webpages, he added.\nGoogle must syndicate its search results to its competitors, Mehta said, adding that the company could do so using the terms it already provides to commercial partners using the company’s results.\nIt will take time for rival search companies to determine if that data can be helpful. The CEO of DuckDuckGo, Gabriel Weinberg, who testified against Google in the antitrust hearing, said it probably would not enable his startup to do much.\n“It’s a nothingburger,” he said.\nThe impacts of antitrust decisions can also be unpredictable, said Rebecca Haw Allensworth, a professor at Vanderbilt Law School who is an expert in antitrust law. The remedies in the Microsoft case, which were considered weak, nonetheless constrained the company and opened the door to competition from upstarts, including Google, she said.\n“I think you can have a company be chilled -- be afraid of further antitrust action -- even without a particularly strong remedy,” she said.\nThis article originally appeared in The New York Times.\nCopyright 2025",
    "highlightText": "",
    "highlightTitle": "",
    "highlightThreadTitle": "",
    "language": "english",
    "sentiment": "negative",
    "categories": [
        "Economy, Business and Finance"
    ],
    "topics": [
        "Economy, Business and Finance->business governance",
        "Economy, Business and Finance->business reporting and performance",
        "Economy, Business and Finance->corporate governance and csr"
    ],
    "ai_allow": true,
    "has_canonical": true,
    "breaking": null,
    "webz_reporter": false,
    "external_links": [
        "https://www.nytimes.com/2025/09/02/technology/google-search-antitrust-decision.html",
        "https://nytimes.com/2025/09/02/technology/google-search-antitrust-decision.html"
    ],
    "external_images": [],
    "internal_images": [],
    "entities": {
        "persons": [
            {
                "name": "Amit P. Mehta",
                "sentiment": "none"
            }
        ],
        "locations": [
            {
                "name": "Silicon",
                "sentiment": "none"
            }
        ],
        "organizations": [
            {
                "name": "Google",
                "sentiment": "negative",
                "tickers": [
                    {
                        "ticker": "GOOG",
                        "exchange": "NASDAQ"
                    }
                ]
            },
            {
                "name": "Justice Department",
                "sentiment": "none",
                "tickers": [
                    {
                        "ticker": null,
                        "exchange": null
                    }
                ]
            }
        ]
    },
    "syndication": {
        "syndicated": false,
        "syndicate_id": "0b124768424d92954e735dafb6a086c6bcf99306",
        "first_syndicated": true
    },
    "trust": {
        "categories": null,
        "top_news": [],
        "bias": "center",
        "source": {
            "type": "local_news",
            "city": [
                "Kansas City"
            ],
            "state": [
                "Missouri"
            ],
            "country": [
                "US"
            ],
            "domain_type": null,
            "agency": null,
            "organization_name": null
        }
    },
    "rating": null,
    "crawled": "2025-09-04T07:52:41.158+03:00",
    "updated": "2025-09-04T07:53:32.000+03:00"
}