{
    "thread": {
        "uuid": "2fb17b132cb18461e0db1755020d458d791e4905",
        "url": "https://www.gurufocus.com/news/2839384/core-scientific-corz-q1-revenue-falls-short-of-expectations-corz-stock-news",
        "site_full": "www.gurufocus.com",
        "site": "gurufocus.com",
        "site_section": "https://www.gurufocus.com/rss.php",
        "site_categories": [
            "investing",
            "financial_news",
            "finance"
        ],
        "section_title": "GuruFocus New Articles",
        "site_title": "GuruFocus | Stock Market Research, Data and Tools",
        "title": "Core Scientific (CORZ) Q1 Revenue Falls Short of Expectations | CORZ Stock News",
        "title_full": "Core Scientific (CORZ) Q1 Revenue Falls Short of Expectations | CORZ Stock News",
        "published": "2025-05-08T00:30:00.000+03:00",
        "replies_count": 0,
        "participants_count": 1,
        "site_type": "news",
        "country": "US",
        "main_image": "https://static.gurufocus.com/images/global_logo_twitter_card.png",
        "performance_score": 0,
        "domain_rank": 8327,
        "domain_rank_updated": "2025-05-06T00:00:00.000+03:00",
        "licensing_agency": [],
        "social": {
            "facebook": {
                "likes": 0,
                "comments": 0,
                "shares": 0
            },
            "vk": {
                "shares": 0
            }
        }
    },
    "uuid": "2fb17b132cb18461e0db1755020d458d791e4905",
    "url": "https://www.gurufocus.com/news/2839384/core-scientific-corz-q1-revenue-falls-short-of-expectations-corz-stock-news",
    "ord_in_thread": 0,
    "author": "@gurufocus",
    "published": "2025-05-08T00:30:00.000+03:00",
    "title": "Core Scientific (CORZ) Q1 Revenue Falls Short of Expectations | CORZ Stock News",
    "text": "Core Scientific (CORZ, Financial) reported first-quarter revenue of $79.525 million, falling below market expectations of $85.18 million. Despite the miss, the company is experiencing a crucial shift, as efforts to turn strategic plans into tangible results are now bearing fruit. Core Scientific is significantly expanding its infrastructure capabilities, placing itself at the forefront of the rapidly growing need for high-performance data solutions. The company is not only increasing its operational capacity; it is actively defining the future landscape of data center infrastructure.\nWall Street Analysts Forecast\nBased on the one-year price targets offered by 15 analysts, the average target price for Core Scientific Inc (CORZ, Financial) is $18.50 with a high estimate of $24.00 and a low estimate of $14.00. The average target implies an\nupside of 107.87%\nfrom the current price of $8.90. More detailed estimate data can be found on the Core Scientific Inc (CORZ) Forecast page.\nBased on the consensus recommendation from 16 brokerage firms, Core Scientific Inc's (CORZ, Financial) average brokerage recommendation is currently 1.8, indicating \"Outperform\" status. The rating scale ranges from 1 to 5, where 1 signifies Strong Buy, and 5 denotes Sell.\nCORZ Key Business Developments\nRelease Date: February 26, 2025\nFor the complete transcript of the earnings call, please refer to the full earnings call transcript.\nPositive Points\n- Core Scientific Inc (\nCORZ,Financial) secured a landmark HPC contract with Coreweave, offering a total revenue potential of $8.7 billion over 12 years. - The company expanded its HPC infrastructure capacity significantly, ending the year with over 1,300 megawatts of contracted power.\n- Core Scientific Inc (CORZ) improved its balance sheet by reducing total debt by $270 million through Chapter 11 debt restructuring.\n- The company completed a $625 million convertible note offering at a 0% interest rate, enhancing its financial flexibility.\n- Core Scientific Inc (CORZ) is actively diversifying its customer base and is in discussions with multiple hyperscale providers and large enterprises.\nNegative Points\n- Total revenue for the fourth quarter was $94.9 million, down 33% year over year.\n- Digital asset self-mining revenue declined by 29%, driven by a significant decrease in Bitcoin earned.\n- The company experienced a net loss of $265 million for the fourth quarter, compared to a net loss of $195.7 million in the prior year.\n- There were delays in the expansion of capacity due to permitting challenges and supply chain issues.\n- Core Scientific Inc (CORZ) faces heightened scrutiny and competition from new market entrants, impacting customer acquisition timelines.",
    "highlightText": "",
    "highlightTitle": "",
    "highlightThreadTitle": "",
    "language": "english",
    "sentiment": "negative",
    "categories": [
        "Economy, Business and Finance",
        "Social Issue"
    ],
    "topics": [
        "Economy, Business and Finance->business reporting and performance",
        "Economy, Business and Finance->financial service",
        "Economy, Business and Finance->investment and opinion pieces"
    ],
    "ai_allow": true,
    "has_canonical": false,
    "breaking": false,
    "webz_reporter": false,
    "external_links": [],
    "entities": {
        "persons": [],
        "locations": [],
        "organizations": [
            {
                "name": "Core Scientific Inc",
                "sentiment": "none",
                "tickers": []
            }
        ]
    },
    "syndication": {
        "syndicated": false,
        "syndicate_id": null,
        "first_syndicated": false
    },
    "trust": {
        "categories": [],
        "bias": null,
        "source": {
            "type": null,
            "city": null,
            "state": null,
            "country": null,
            "domain_type": null,
            "agency": null,
            "organization_name": null
        }
    },
    "rating": null,
    "crawled": "2025-05-08T00:48:28.671+03:00",
    "updated": "2025-05-07T21:53:12.000+00:00"
}