{
    "thread": {
        "uuid": "05ca04b713785a1376c45b1e2ddcf94b48cf6ee2",
        "url": "https://flipboard.com/topic/law/michael-jordan-s-23xi-racing-bows-out-of-high-stakes-legal-fight-against-29-3b-/a-enpUVxWOT_eeueTPejH-ew%3Aa%3A3859650346-d1368d739e%2Fprofootballnetwork.com",
        "site_full": "flipboard.com",
        "site": "flipboard.com",
        "site_section": "https://flipboard.com/topic/law",
        "site_categories": [
            "family_and_parenting",
            "eldercare"
        ],
        "section_title": "Law Articles, News, and Stories | Flipboard",
        "site_title": "Flipboard: Your Social Magazine",
        "title": "Michael Jordan's 23XI Racing Bows Out of High-Stakes Legal Fight Against $29.3B F1 Owners | Flipboard",
        "title_full": "Michael Jordan's 23XI Racing Bows Out of High-Stakes Legal Fight Against $29.3B F1 Owners | Flipboard",
        "published": "2025-05-08T00:07:00.000+03:00",
        "replies_count": 0,
        "participants_count": 1,
        "site_type": "news",
        "country": "US",
        "main_image": "https://ic-cdn.flipboard.com/profootballnetwork.com/d762df8da9ce9b28633aae43716f05154ad22e58/_medium.jpeg",
        "performance_score": 0,
        "domain_rank": 1243,
        "domain_rank_updated": "2025-05-06T00:00:00.000+03:00",
        "licensing_agency": [],
        "social": {
            "facebook": {
                "likes": 0,
                "comments": 0,
                "shares": 0
            },
            "vk": {
                "shares": 0
            }
        }
    },
    "uuid": "05ca04b713785a1376c45b1e2ddcf94b48cf6ee2",
    "url": "https://flipboard.com/topic/law/michael-jordan-s-23xi-racing-bows-out-of-high-stakes-legal-fight-against-29-3b-/a-enpUVxWOT_eeueTPejH-ew%3Aa%3A3859650346-d1368d739e%2Fprofootballnetwork.com",
    "ord_in_thread": 0,
    "author": "profootballnetwork.com - Sadik Hossain",
    "published": "2025-05-08T00:07:00.000+03:00",
    "title": "Michael Jordan's 23XI Racing Bows Out of High-Stakes Legal Fight Against $29.3B F1 Owners | Flipboard",
    "text": "Michael Jordan’s 23XI Racing Bows Out of High-Stakes Legal Fight Against $29.3B F1 Owners 23XI Racing and Front Row Motorsports halt pursuit of Formula 1 financial data, shifting focus to ongoing antitrust lawsuit battle with NASCAR.\nprofootballnetwork.com - Sadik Hossain • 10h",
    "highlightText": "",
    "highlightTitle": "",
    "highlightThreadTitle": "",
    "language": "english",
    "sentiment": "negative",
    "categories": [
        "Economy, Business and Finance",
        "Politics",
        "Social Issue"
    ],
    "topics": [
        "Economy, Business and Finance->corporate news and profiles",
        "Economy, Business and Finance->business governance",
        "Politics->political candidates",
        "Politics->political campaigns"
    ],
    "ai_allow": true,
    "has_canonical": false,
    "breaking": false,
    "webz_reporter": false,
    "external_links": [],
    "entities": {
        "persons": [
            {
                "name": "Michael Jordan",
                "sentiment": "negative"
            },
            {
                "name": "Sadik Hossain",
                "sentiment": "none"
            }
        ],
        "locations": [],
        "organizations": [
            {
                "name": "NASCAR",
                "sentiment": "none",
                "tickers": []
            }
        ]
    },
    "syndication": {
        "syndicated": false,
        "syndicate_id": null,
        "first_syndicated": false
    },
    "trust": {
        "categories": [],
        "bias": null,
        "source": {
            "type": null,
            "city": null,
            "state": null,
            "country": null,
            "domain_type": null,
            "agency": null,
            "organization_name": null
        }
    },
    "rating": null,
    "crawled": "2025-05-08T01:54:05.887+03:00",
    "updated": "2025-05-14T11:29:31.860+03:00"
}