{
    "thread": {
        "uuid": "2a3014ab071f32e35b4ae25737671b3e51c220c9",
        "url": "https://flipboard.com/topic/fredericksburgvirginia/-/a-9sKACuA5QBq_LGFeRmFcWw%3Aa%3A132361178-%2F0",
        "site_full": "flipboard.com",
        "site": "flipboard.com",
        "site_section": "https://flipboard.com/topic/fredericksburgvirginia",
        "site_categories": [
            "family_and_parenting",
            "eldercare"
        ],
        "section_title": "Discover More in Fredericksburg (Va.) on Flipboard",
        "site_title": "Flipboard: Your Social Magazine",
        "title": "Washington, DC sees spike in homes for sale amid DOGE federal worker layoffs | Flipboard",
        "title_full": "Washington, DC sees spike in homes for sale amid DOGE federal worker layoffs | Flipboard",
        "published": "2025-05-08T00:37:00.000+03:00",
        "replies_count": 0,
        "participants_count": 1,
        "site_type": "news",
        "country": "US",
        "main_image": "https://ic-cdn.flipboard.com/cnn.com/2c0e0636c744a24a71e375c5e8e233658e45fccd/_medium.jpeg",
        "performance_score": 0,
        "domain_rank": 1243,
        "domain_rank_updated": "2025-05-06T00:00:00.000+03:00",
        "licensing_agency": [],
        "social": {
            "facebook": {
                "likes": 0,
                "comments": 0,
                "shares": 0
            },
            "vk": {
                "shares": 0
            }
        }
    },
    "uuid": "2a3014ab071f32e35b4ae25737671b3e51c220c9",
    "url": "https://flipboard.com/topic/fredericksburgvirginia/-/a-9sKACuA5QBq_LGFeRmFcWw%3Aa%3A132361178-%2F0",
    "ord_in_thread": 0,
    "author": "CNN",
    "published": "2025-05-08T00:37:00.000+03:00",
    "title": "Washington, DC sees spike in homes for sale amid DOGE federal worker layoffs | Flipboard",
    "text": "Washington, DC sees spike in homes for sale amid DOGE federal worker layoffs CNN — The number of Washington, DC area homeowners who decided to list their homes for sale jumped last month amid steep cuts to the federal workforce. In the four weeks ending April 27, the number of active home listings in the nation’s capital surged 25.1% year-over-year, the largest gain on …\nCNN • 48m",
    "highlightText": "",
    "highlightTitle": "",
    "highlightThreadTitle": "",
    "language": "english",
    "sentiment": "negative",
    "categories": [
        "Economy, Business and Finance",
        "Politics",
        "Social Issue"
    ],
    "topics": [
        "Economy, Business and Finance->construction and property",
        "Economy, Business and Finance->layoffs",
        "Economy, Business and Finance->financial and economic news",
        "Politics->government policy",
        "Politics->economic policy",
        "Politics->political crisis",
        "Social Issue->social condition",
        "Social Issue->social problem",
        "Social Issue->public housing"
    ],
    "ai_allow": true,
    "has_canonical": false,
    "breaking": false,
    "webz_reporter": false,
    "external_links": [],
    "entities": {
        "persons": [],
        "locations": [],
        "organizations": []
    },
    "syndication": {
        "syndicated": false,
        "syndicate_id": null,
        "first_syndicated": false
    },
    "trust": {
        "categories": [],
        "bias": null,
        "source": {
            "type": null,
            "city": null,
            "state": null,
            "country": null,
            "domain_type": null,
            "agency": null,
            "organization_name": null
        }
    },
    "rating": null,
    "crawled": "2025-05-08T01:29:05.937+03:00",
    "updated": "2025-05-07T22:31:41.000+00:00"
}