{
    "thread": {
        "uuid": "edc9a5f4331da0cc57e7149d242a394adffc47bf",
        "url": "https://article.wn.com/view/2025/12/18/Re_PS5_Wins_a_Nightmarish_November_for_All_Console_Hardware_/",
        "site_full": "article.wn.com",
        "site": "wn.com",
        "site_section": "https://wn.com/gaming",
        "site_categories": [
            "media"
        ],
        "section_title": "World News - Gaming",
        "site_title": "World News",
        "title": "Re: PS5 Wins a Nightmarish November for All Console Hardware in the US - Worldnews.com",
        "title_full": "Re: PS5 Wins a Nightmarish November for All Console Hardware in the US - Worldnews.com",
        "published": "2025-12-18T02:00:00.000+02:00",
        "replies_count": 0,
        "participants_count": 1,
        "site_type": "news",
        "country": "US",
        "main_image": "",
        "performance_score": 0,
        "domain_rank": 8219,
        "domain_rank_updated": "2025-12-14T23:00:00.000+02:00",
        "licensing_agency": [],
        "social": {
            "facebook": {
                "likes": 0,
                "comments": 0,
                "shares": 0
            },
            "vk": {
                "shares": 0
            }
        }
    },
    "uuid": "edc9a5f4331da0cc57e7149d242a394adffc47bf",
    "url": "https://article.wn.com/view/2025/12/18/Re_PS5_Wins_a_Nightmarish_November_for_All_Console_Hardware_/",
    "ord_in_thread": 0,
    "author": "System",
    "published": "2025-12-18T02:00:00.000+02:00",
    "title": "Re: PS5 Wins a Nightmarish November for All Console Hardware in the US - Worldnews.com",
    "text": "Affordability is a hoax in the US, you know? So I’m sure this is a dollar store Christmas for a lot of families. There wasn’t any substantial deals this year either, so there wasn’t much incentive to buy consoles...\nread full story\nAffordability is a hoax in the US, you know? So I’m sure this is a dollar store Christmas for a lot of families. There wasn’t any substantial deals this year either, so there wasn’t much incentive to buy consoles...\nread full story",
    "highlightText": "",
    "highlightTitle": "",
    "highlightThreadTitle": "",
    "language": "english",
    "sentiment": "negative",
    "categories": [
        "Economy, Business and Finance"
    ],
    "topics": [
        "Economy, Business and Finance->consumer goods"
    ],
    "ai_allow": true,
    "has_canonical": false,
    "breaking": null,
    "webz_reporter": false,
    "external_links": [
        "https://www.pushsquare.com/news/2025/12/ps5-wins-a-nightmarish-november-for-all-console-hardware-in-the-us",
        "https://pushsquare.com/news/2025/12/ps5-wins-a-nightmarish-november-for-all-console-hardware-in-the-us"
    ],
    "external_images": [],
    "internal_images": [],
    "entities": {
        "persons": [],
        "locations": [],
        "organizations": []
    },
    "syndication": {
        "syndicated": false,
        "syndicate_id": null,
        "first_syndicated": false
    },
    "trust": {
        "categories": [
            "trusted_news"
        ],
        "top_news": [],
        "bias": "center",
        "source": {
            "type": null,
            "city": null,
            "state": null,
            "country": null,
            "domain_type": null,
            "agency": null,
            "organization_name": null
        }
    },
    "rating": null,
    "crawled": "2025-12-18T08:12:25.662+02:00",
    "updated": "2025-12-18T08:15:30.000+02:00"
}