{
    "thread": {
        "uuid": "d93140c963e75e2ede0d1327be8dbee23f24a8a9",
        "url": "https://www.zeebiz.com/market-news/news-ola-electric-share-price-from-late-bloomer-to-wealth-destroyer-what-has-fuelled-ola-shares-80-fall-from-the-peak-385980",
        "site_full": "www.zeebiz.com",
        "site": "zeebiz.com",
        "site_section": "https://news.google.com/search?q=has%20when%3A1h&hl=en-US&gl=US&ceid=US%3Aen",
        "site_categories": [
            "media",
            "financial_news",
            "finance"
        ],
        "section_title": "Google News - Search",
        "site_title": "Business News - Latest Business News - Stock Market Updates - Sensex Live News | Zee Business",
        "title": "Ola Electric Share Price: From late bloomer to wealth destroyer-What has fuelled Ola shares' 80% fall from the peak?",
        "title_full": "Ola Electric Share Price: From late bloomer to wealth destroyer-What has fuelled Ola shares' 80% fall from the peak?",
        "published": "2025-12-18T08:44:00.000+02:00",
        "replies_count": 0,
        "participants_count": 1,
        "site_type": "news",
        "country": "IN",
        "main_image": "https://cdn.zeebiz.com/sites/default/files/2025/12/18/395664-stock-to-watch-tomorrow-29.png",
        "performance_score": 0,
        "domain_rank": 7962,
        "domain_rank_updated": "2025-12-14T23:00:00.000+02:00",
        "licensing_agency": [],
        "social": {
            "facebook": {
                "likes": 0,
                "comments": 0,
                "shares": 0
            },
            "vk": {
                "shares": 0
            }
        }
    },
    "uuid": "d93140c963e75e2ede0d1327be8dbee23f24a8a9",
    "url": "https://www.zeebiz.com/market-news/news-ola-electric-share-price-from-late-bloomer-to-wealth-destroyer-what-has-fuelled-ola-shares-80-fall-from-the-peak-385980",
    "ord_in_thread": 0,
    "author": "@ZeeBusiness",
    "published": "2025-12-18T08:44:00.000+02:00",
    "title": "Ola Electric Share Price: From late bloomer to wealth destroyer-What has fuelled Ola shares' 80% fall from the peak?",
    "text": "Ola Electric Share Price: Ola Electric Mobility shares continued to slide on Thursday, extending losses for the third straight session, as promoter stake sales, intensifying competition and weak operating trends kept investors on the sidelines.\nThe stock slipped as much as 4.2 per cent to hit an all-time low of Rs 31.54 before trading 3.89 per cent lower at Rs 31.64 on the BSE around 9:39 am. In contrast, the Sensex was down a modest 0.14 per cent.\nFrom its all-time high of Rs 157.4, Ola Electric shares are now down nearly 80 per cent. The company’s market capitalisation has eroded to about Rs 13,950 crore, compared with nearly Rs 69,000 crore at the peak.\nThe immediate trigger for the recent sell-off has been promoter Bhavish Aggarwal’s stake sale through open market transactions over the past two days. Exchange data shows Aggarwal sold a combined 6.8 crore shares, trimming promoter holding from 36.78 per cent to about 33 per cent.\nAccording to the company, the sale is part of a one-time monetisation to fully repay a promoter-level loan of Rs 260 crore. The move will also result in the release of the entire 3.93 per cent pledged stake, which the company said removes a key overhang on the stock.\nBeyond promoter selling, Ola Electric’s weakening competitive position has emerged as a bigger concern for investors. The company has been steadily losing ground to established two-wheeler makers such as TVS Motor and Bajaj Auto.\nIndustry estimates suggest Ola Electric’s market share has dropped sharply from around 46 per cent to nearly 17 per cent, reflecting mounting pressure in the electric scooter segment.\nOperational performance has also lagged expectations. Average monthly unit sales have slipped to about 19,500 units from earlier levels of nearly 30,000 units, indicating slower demand momentum.\nAnalysts say the softer volume offtake has raised questions over near-term growth visibility in the company’s core business.\nInvestors are also wary of Ola Electric’s increasing focus on new verticals, particularly battery cell manufacturing. The management is calling this as a long-term play, but experts opine the shift has come at a time when the core scooter business needs sharper execution.\nThe company’s plan to raise an additional Rs 1,700 crore of debt could push total borrowings beyond Rs 5,000 crore, adding to balance-sheet concerns.\nConstant flow of negative news including reports of store closures and operational challenges — has further hurt sentiment. Market participants warn that continued price erosion could trigger lender margin calls, increasing volatility.\nThat said, the release of pledged shares is seen as a limited positive, as it removes the risk of forced selling linked to pledges.\nWhile Ola Electric has reiterated that the promoter-level transactions have no impact on operations or governance, analysts remain cautious. Most believe a sustained recovery will depend on stabilising market share, improving volumes and clearer execution in the core business.\nFor now, Ola Electric’s steep fall highlights the risks facing new-age mobility stocks as competition intensifies and investor tolerance for execution missteps narrows.",
    "highlightText": "",
    "highlightTitle": "",
    "highlightThreadTitle": "",
    "language": "english",
    "sentiment": "negative",
    "categories": [
        "Economy, Business and Finance"
    ],
    "topics": [
        "Economy, Business and Finance->investment and opinion pieces",
        "Economy, Business and Finance->financial and economic news"
    ],
    "ai_allow": true,
    "has_canonical": false,
    "breaking": true,
    "webz_reporter": false,
    "external_links": [],
    "external_images": [],
    "internal_images": [],
    "entities": {
        "persons": [
            {
                "name": "Bhavish Aggarwal",
                "sentiment": "none"
            }
        ],
        "locations": [],
        "organizations": [
            {
                "name": "Ola Electric Mobility",
                "sentiment": "negative",
                "tickers": [
                    {
                        "ticker": null,
                        "exchange": null
                    }
                ]
            }
        ]
    },
    "syndication": {
        "syndicated": false,
        "syndicate_id": null,
        "first_syndicated": false
    },
    "trust": {
        "categories": [],
        "top_news": [],
        "bias": null,
        "source": {
            "type": null,
            "city": null,
            "state": null,
            "country": null,
            "domain_type": null,
            "agency": null,
            "organization_name": null
        }
    },
    "rating": null,
    "crawled": "2025-12-18T08:59:08.714+02:00",
    "updated": "2025-12-18T09:00:43.000+02:00"
}