{
    "thread": {
        "uuid": "9337004dc6c9de849ab0bdb1d6fe8bb3de376fe0",
        "url": "https://www.ad-hoc-news.de/boerse/ueberblick/solana-s-contradiction-price-plunge-meets-institutional-embrace/68425214",
        "site_full": "www.ad-hoc-news.de",
        "site": "ad-hoc-news.de",
        "site_section": "https://www.ad-hoc-news.de/international",
        "site_categories": [
            "media",
            "business",
            "marketing"
        ],
        "section_title": "INTERNATIONAL AKTUELLE NACHRICHTEN UND MELDUNGEN",
        "site_title": "NEWS & AKTIENKURSE | AD HOC NEWS",
        "title": "Solana's Contradiction: Price Plunge Meets Institutional Embrace",
        "title_full": "Solana's Contradiction: Price Plunge Meets Institutional Embrace",
        "published": "2025-12-18T08:05:00.000+02:00",
        "replies_count": 0,
        "participants_count": 1,
        "site_type": "news",
        "country": "DE",
        "main_image": "https://mdb.ad-hoc-news.de/bilder/bild-2409764_600_800.jpg",
        "performance_score": 0,
        "domain_rank": 146132,
        "domain_rank_updated": "2025-12-14T23:00:00.000+02:00",
        "licensing_agency": [],
        "social": {
            "facebook": {
                "likes": 0,
                "comments": 0,
                "shares": 0
            },
            "vk": {
                "shares": 0
            }
        }
    },
    "uuid": "9337004dc6c9de849ab0bdb1d6fe8bb3de376fe0",
    "url": "https://www.ad-hoc-news.de/boerse/ueberblick/solana-s-contradiction-price-plunge-meets-institutional-embrace/68425214",
    "ord_in_thread": 0,
    "author": "Redaktion ad-hoc-news.de",
    "published": "2025-12-18T08:05:00.000+02:00",
    "title": "Solana's Contradiction: Price Plunge Meets Institutional Embrace",
    "text": ",\nSolana’s Contradiction: Price Plunge Meets Institutional Embrace\n18.12.2025 - 07:05:03Solana CRYPTO000SOL\nThe Solana blockchain finds itself at a curious crossroads. Even as its native token faces severe selling pressure, major financial institutions are deepening their commitments to the network’s infrastructure. This divergence paints a complex picture for one of cryptocurrency’s leading platforms.\nOn December 17, SOL’s price experienced a dramatic sell-off, plummeting 9% in a two-hour window from $134 to $122. This move triggered the liquidation of over $250 million in leveraged long positions. The asset now trades around $123, breaching a key support level at $128. Market analysts caution that a confirmed break below $126 could pave the way for a further decline toward $107 or even $100.\nBroader market sentiment reflects deep concern, with Read more...",
    "highlightText": "",
    "highlightTitle": "",
    "highlightThreadTitle": "",
    "language": "english",
    "sentiment": "negative",
    "categories": [
        "Economy, Business and Finance"
    ],
    "topics": [
        "Economy, Business and Finance->cryptocurrency"
    ],
    "ai_allow": true,
    "has_canonical": false,
    "breaking": false,
    "webz_reporter": false,
    "external_links": [
        "https://stockstoday.com/solanas-contradiction-price-plunge-meets-institutional-embrace/?utm_source=teaser-feed",
        "https://www.stockstoday.com/solanas-contradiction-price-plunge-meets-institutional-embrace/?utm_source=teaser-feed",
        "https://stockstoday.com/solanas-contradiction-price-plunge-meets-institutional-embrace/"
    ],
    "external_images": [],
    "internal_images": [],
    "entities": {
        "persons": [
            {
                "name": "Solana",
                "sentiment": "none"
            }
        ],
        "locations": [],
        "organizations": []
    },
    "syndication": {
        "syndicated": false,
        "syndicate_id": null,
        "first_syndicated": false
    },
    "trust": {
        "categories": [],
        "top_news": [],
        "bias": null,
        "source": {
            "type": null,
            "city": null,
            "state": null,
            "country": null,
            "domain_type": null,
            "agency": null,
            "organization_name": null
        }
    },
    "rating": null,
    "crawled": "2025-12-18T08:09:43.708+02:00",
    "updated": "2025-12-18T08:10:23.000+02:00"
}