{
    "thread": {
        "uuid": "e7eb80628c565c529ba4f340fb54732a83fd3c6f",
        "url": "https://www.bluewin.ch/en/news/comco-fines-banks-millions-3014764.html",
        "site_full": "www.bluewin.ch",
        "site": "bluewin.ch",
        "site_section": "https://news.google.com/search?q=or%20when%3A1h&hl=en-US&gl=US&ceid=US%3Aen",
        "site_categories": [
            "society"
        ],
        "section_title": "Google News - Search",
        "site_title": "blue News | bluewin E-Mail | News, Politik, Sport, People",
        "title": "(Financial) services: ComCo fines banks millions | blue News",
        "title_full": "(Financial) services: ComCo fines banks millions | blue News",
        "published": "2025-12-18T08:30:00.000+02:00",
        "replies_count": 0,
        "participants_count": 1,
        "site_type": "news",
        "country": "CH",
        "main_image": "https://production-livingdocs-bluewin-ch.imgix.net/2025/12/18/5e2f7508-993c-44d9-a8a0-1810ae7e9ee9.jpeg?w=1200&amp;h=630&amp;fit=crop&amp;crop=faces",
        "performance_score": 0,
        "domain_rank": 7268,
        "domain_rank_updated": "2025-12-14T23:00:00.000+02:00",
        "licensing_agency": [],
        "social": {
            "facebook": {
                "likes": 0,
                "comments": 0,
                "shares": 0
            },
            "vk": {
                "shares": 0
            }
        }
    },
    "uuid": "e7eb80628c565c529ba4f340fb54732a83fd3c6f",
    "url": "https://www.bluewin.ch/en/news/comco-fines-banks-millions-3014764.html",
    "ord_in_thread": 0,
    "author": "blue News",
    "published": "2025-12-18T08:30:00.000+02:00",
    "title": "(Financial) services: ComCo fines banks millions | blue News",
    "text": "Breaking News Keystone The Competition Commission (ComCo) has imposed fines totaling CHF 237.5 million on several banks for agreements in interest rate derivatives, foreign exchange and precious metals trading. The authority investigated a total of twenty banks, as announced on Thursday.\nKeystone-SDA\n18.12.2025, 07:30\nSDA",
    "highlightText": "",
    "highlightTitle": "",
    "highlightThreadTitle": "",
    "language": "english",
    "sentiment": "negative",
    "categories": [
        "Economy, Business and Finance",
        "Crime, Law and Justice"
    ],
    "topics": [
        "Economy, Business and Finance->business governance",
        "Economy, Business and Finance->financial service",
        "Crime, Law and Justice->corporate crime"
    ],
    "ai_allow": true,
    "has_canonical": false,
    "breaking": true,
    "webz_reporter": false,
    "external_links": [
        "https://production-livingdocs-bluewin-ch.imgix.net/2025/12/18/9a1a0078-fa44-4e56-8163-bf7d8a2a928e.jpeg?w=450&auto=format",
        "https://production-livingdocs-bluewin-ch.imgix.net/2025/12/18/9a1a0078-fa44-4e56-8163-bf7d8a2a928e.jpeg?w=320&auto=format",
        "https://production-livingdocs-bluewin-ch.imgix.net/2025/12/18/9a1a0078-fa44-4e56-8163-bf7d8a2a928e.jpeg?w=994&auto=format",
        "https://production-livingdocs-bluewin-ch.imgix.net/2025/12/18/9a1a0078-fa44-4e56-8163-bf7d8a2a928e.jpeg?w=726&auto=format",
        "https://production-livingdocs-bluewin-ch.imgix.net/2025/12/18/9a1a0078-fa44-4e56-8163-bf7d8a2a928e.jpeg?w=620&auto=format",
        "https://production-livingdocs-bluewin-ch.imgix.net/2025/04/07/df7ac4bc-327b-441a-a82a-b6f27167fbdc.jpeg?rect=0%2C0%2C1600%2C1600&w=994&auto=format",
        "https://www.production-livingdocs-bluewin-ch.imgix.net/2025/12/18/9a1a0078-fa44-4e56-8163-bf7d8a2a928e.jpeg?w=620&auto=format",
        "https://www.production-livingdocs-bluewin-ch.imgix.net/2025/12/18/9a1a0078-fa44-4e56-8163-bf7d8a2a928e.jpeg?w=726&auto=format",
        "https://production-livingdocs-bluewin-ch.imgix.net/2025/12/18/9a1a0078-fa44-4e56-8163-bf7d8a2a928e.jpeg",
        "https://www.production-livingdocs-bluewin-ch.imgix.net/2025/12/18/9a1a0078-fa44-4e56-8163-bf7d8a2a928e.jpeg?w=320&auto=format",
        "https://www.production-livingdocs-bluewin-ch.imgix.net/2025/12/18/9a1a0078-fa44-4e56-8163-bf7d8a2a928e.jpeg?w=994&auto=format",
        "https://www.production-livingdocs-bluewin-ch.imgix.net/2025/12/18/9a1a0078-fa44-4e56-8163-bf7d8a2a928e.jpeg?w=450&auto=format",
        "https://production-livingdocs-bluewin-ch.imgix.net/2025/04/07/df7ac4bc-327b-441a-a82a-b6f27167fbdc.jpeg",
        "https://www.production-livingdocs-bluewin-ch.imgix.net/2025/04/07/df7ac4bc-327b-441a-a82a-b6f27167fbdc.jpeg?rect=0%2C0%2C1600%2C1600&w=994&auto=format"
    ],
    "external_images": [],
    "internal_images": [],
    "entities": {
        "persons": [],
        "locations": [],
        "organizations": [
            {
                "name": "Competition Commission",
                "sentiment": "negative",
                "tickers": [
                    {
                        "ticker": null,
                        "exchange": null
                    }
                ]
            }
        ]
    },
    "syndication": {
        "syndicated": false,
        "syndicate_id": null,
        "first_syndicated": false
    },
    "trust": {
        "categories": [],
        "top_news": [],
        "bias": null,
        "source": {
            "type": null,
            "city": null,
            "state": null,
            "country": null,
            "domain_type": null,
            "agency": null,
            "organization_name": null
        }
    },
    "rating": null,
    "crawled": "2025-12-18T08:34:49.896+02:00",
    "updated": "2025-12-18T08:38:28.000+02:00"
}