{
    "thread": {
        "uuid": "15ae85016ba2c3169eb3c34cf2da09f06d8a47b2",
        "url": "https://www.newsbreak.com/news/4384702656921-us-waives-11-million-southwest-airlines-fine-imposed-over-2022-holiday-meltdown",
        "site_full": "www.newsbreak.com",
        "site": "newsbreak.com",
        "site_section": "https://www.newsbreak.com/trending/top/american-airlines-fined-%2411m-for-stroke-incident",
        "site_categories": [
            "under_construction"
        ],
        "section_title": "The latest american airlines fined $11m for stroke incident news, videos &amp; comments | NewsBreak",
        "site_title": "NewsBreak: Local News &amp; Alerts",
        "title": "US waives $11 million Southwest Airlines fine imposed over 2022 holiday meltdown - NewsBreak",
        "title_full": "US waives $11 million Southwest Airlines fine imposed over 2022 holiday meltdown - NewsBreak",
        "published": "2025-12-06T23:12:00.000+02:00",
        "replies_count": 0,
        "participants_count": 1,
        "site_type": "news",
        "country": "US",
        "main_image": "https://img.particlenews.com/img/id/4GTbSa_1787Uxvm00",
        "performance_score": 0,
        "domain_rank": 2819,
        "domain_rank_updated": "2025-12-14T23:00:00.000+02:00",
        "licensing_agency": [],
        "social": {
            "facebook": {
                "likes": 0,
                "comments": 0,
                "shares": 0
            },
            "vk": {
                "shares": 0
            }
        }
    },
    "uuid": "15ae85016ba2c3169eb3c34cf2da09f06d8a47b2",
    "url": "https://www.newsbreak.com/news/4384702656921-us-waives-11-million-southwest-airlines-fine-imposed-over-2022-holiday-meltdown",
    "ord_in_thread": 0,
    "author": "Reuters",
    "published": "2025-12-06T23:12:00.000+02:00",
    "title": "US waives $11 million Southwest Airlines fine imposed over 2022 holiday meltdown - NewsBreak",
    "text": "By Reuters ,\n11 days ago WASHINGTON, Dec 6 (Reuters) - The Trump administration said Saturday it will waive an $11 million fine imposed on Southwest Airlines LUV.N as part of a $140 million settlement over the carrier's meltdown in December 2022 during a busy holiday travel period. Southwest in December 2023 agreed to pay a... Read full article\nRead in NewsBreak",
    "highlightText": "",
    "highlightTitle": "",
    "highlightThreadTitle": "",
    "language": "english",
    "sentiment": "negative",
    "categories": [
        "Economy, Business and Finance"
    ],
    "topics": [
        "Economy, Business and Finance->business reporting and performance"
    ],
    "ai_allow": true,
    "has_canonical": false,
    "breaking": null,
    "webz_reporter": false,
    "external_links": [],
    "external_images": [],
    "internal_images": [],
    "entities": {
        "persons": [],
        "locations": [],
        "organizations": [
            {
                "name": "Southwest Airlines",
                "sentiment": "negative",
                "tickers": [
                    {
                        "ticker": "LUV",
                        "exchange": "NASDAQ"
                    }
                ]
            },
            {
                "name": "Reuters",
                "sentiment": "negative",
                "tickers": [
                    {
                        "ticker": "TRI",
                        "exchange": "NASDAQ"
                    }
                ]
            }
        ]
    },
    "syndication": {
        "syndicated": false,
        "syndicate_id": null,
        "first_syndicated": false
    },
    "trust": {
        "categories": [
            "fake_news"
        ],
        "top_news": [],
        "bias": "center",
        "source": {
            "type": null,
            "city": null,
            "state": null,
            "country": null,
            "domain_type": null,
            "agency": null,
            "organization_name": null
        }
    },
    "rating": null,
    "crawled": "2025-12-18T08:49:23.527+02:00",
    "updated": "2025-12-18T08:51:40.000+02:00"
}