{
    "thread": {
        "uuid": "268369cba095b8d1e48d30ea6b12163e9c14df1b",
        "url": "https://simplywall.st/stocks/us/materials/nysemkt-ie/ivanhoe-electric/news/why-ivanhoe-electric-ie-is-down-124-after-securing-a-200-mil",
        "site_full": "simplywall.st",
        "site": "simplywall.st",
        "site_section": "https://news.google.com/search?q=is%20when%3A1h&hl=en-US&gl=US&ceid=US%3Aen",
        "site_categories": [
            "investing",
            "financial_news",
            "finance"
        ],
        "section_title": "Google News - Search",
        "site_title": "Free Portfolio Tracker, Stock Insights and Community - Simply Wall St",
        "title": "Why Ivanhoe Electric (IE) Is Down 12.4% After Securing a $200 Million Bridge Facility",
        "title_full": "Why Ivanhoe Electric (IE) Is Down 12.4% After Securing a $200 Million Bridge Facility",
        "published": "2025-12-18T08:26:00.000+02:00",
        "replies_count": 0,
        "participants_count": 1,
        "site_type": "news",
        "country": "US",
        "main_image": "https://images.simplywall.st/asset/industry/2052000-choice2-main-header/1585186553865",
        "performance_score": 0,
        "domain_rank": 33449,
        "domain_rank_updated": "2025-12-14T23:00:00.000+02:00",
        "licensing_agency": [],
        "social": {
            "facebook": {
                "likes": 0,
                "comments": 0,
                "shares": 0
            },
            "vk": {
                "shares": 0
            }
        }
    },
    "uuid": "268369cba095b8d1e48d30ea6b12163e9c14df1b",
    "url": "https://simplywall.st/stocks/us/materials/nysemkt-ie/ivanhoe-electric/news/why-ivanhoe-electric-ie-is-down-124-after-securing-a-200-mil",
    "ord_in_thread": 0,
    "author": "Simply Wall St",
    "published": "2025-12-18T08:26:00.000+02:00",
    "title": "Why Ivanhoe Electric (IE) Is Down 12.4% After Securing a $200 Million Bridge Facility",
    "text": "United States- /\nMetals and Mining- /\n- NYSEAM:IE\nWhy Ivanhoe Electric (IE) Is Down 12.4% After Securing a $200 Million Bridge Facility\nSimply Wall St\nReviewed by Sasha Jovanovic\n- Earlier this week, Ivanhoe Electric announced that its subsidiary Mesa Cobre Holding Corporation closed a US$200,000,000 senior secured multi-draw bridge facility to support the Santa Cruz Copper Project in Arizona and bolster liquidity ahead of construction planned for 2026.\n- The financing, which complements an existing US$825,000,000 U.S. Export-Import Bank letter of interest, marks tangible progress toward completing full project funding by mid-2026.\n- We’ll now examine how this new bridge facility, and its role in shoring up near-term liquidity, influences Ivanhoe Electric’s investment narrative.\nAI is about to change healthcare. These 29 stocks are working on everything from early diagnostics to drug discovery. The best part - they are all under $10b in market cap - there's still time to get in early.\nWhat Is Ivanhoe Electric's Investment Narrative?\nTo own Ivanhoe Electric, you have to believe that Santa Cruz evolves from a capital-hungry copper project into a long-life producing asset that eventually justifies today’s rich price-to-book multiple and ongoing losses. The new US$200,000,000 bridge facility is important here: it shores up near-term liquidity and reduces immediate funding pressure after a year of equity issuance and shareholder dilution, while complementing the US$825,000,000 Export-Import Bank letter of interest. In the near term, the key catalysts remain progress on full project financing, technical de-risking at Santa Cruz and updates across the exploration JVs, all against a backdrop of meaningful share price volatility. The biggest risks are still execution, permitting and cost inflation, but financing risk arguably steps down a notch with this facility in place.\nHowever, one funding risk that investors should be aware of has not disappeared yet.The analysis detailed in our Ivanhoe Electric valuation reporthints at an inflated share price compared to its estimated value.\nExploring Other Perspectives\nThree fair value estimates from the Simply Wall St Community span roughly US$0.29 to US$20.08 per share, underlining how widely opinions differ. Set that against Ivanhoe Electric’s reliance on successful Santa Cruz financing and construction, and it becomes clear why you may want to weigh several viewpoints before deciding how this story might affect future performance.\nExplore 3 other fair value estimates on Ivanhoe Electric - why the stock might be worth less than half the current price!\nBuild Your Own Ivanhoe Electric Narrative\nDisagree with this assessment? Create your own narrative in under 3 minutes - extraordinary investment returns rarely come from following the herd.\n- A great starting point for your Ivanhoe Electric research is our analysis highlighting\n1 key reward and 4 important warning signsthat could impact your investment decision. Our free Ivanhoe Electric research reportprovides a comprehensive fundamental analysis summarized in a single visual - the Snowflake - making it easy to evaluate Ivanhoe Electric's overall financial health at a glance.\nSeeking Other Investments?\nRight now could be the best entry point. These picks are fresh from our daily scans. Don't delay:\n- Explore\n28 top quantum computing companiesleading the revolution in next-gen technology and shaping the future with breakthroughs in quantum algorithms, superconducting qubits, and cutting-edge research. - Uncover the next big thing with\nfinancially sound penny stocks that balance risk and reward. - These\n15 companies survived and thrived after COVID and have the right ingredients to survive Trump's tariffs. Discover why before your portfolio feels the trade war pinch.\nThis article by Simply Wall St is general in nature. We provide commentary based on historical data and analyst forecasts only using an unbiased methodology and our articles are not intended to be financial advice. It does not constitute a recommendation to buy or sell any stock, and does not take account of your objectives, or your financial situation. We aim to bring you long-term focused analysis driven by fundamental data. Note that our analysis may not factor in the latest price-sensitive company announcements or qualitative material. Simply Wall St has no position in any stocks mentioned.\nMobile Infrastructure for Defense and Disaster\nThe next wave in robotics isn't humanoid. Its fully autonomous towers delivering 5G, ISR, and radar in under 30 minutes, anywhere.\nGet the investor briefing before the next round of contracts\nNew: AI Stock Screener & Alerts\nOur new AI Stock Screener scans the market every day to uncover opportunities.\n• Dividend Powerhouses (3%+ Yield)\n• Undervalued Small Caps with Insider Buying\n• High growth Tech and AI Companies\nOr build your own from over 50 metrics.\nExplore Now for Free\nHave feedback on this article? Concerned about the content? Get in touch with us directly. Alternatively, email editorial-team@simplywallst.com%20from%2018th%20December%202025)\nAbout NYSEAM:IE\nIvanhoe Electric\nA mineral exploration company, focuses on developing mines from mineral deposits primarily in the United States.\nExcellent balance sheet with slight risk.\nWeekly Picks\nAL\nAlexLovellon Rocket Lab ·\nEarly mover in a fast growing industry. Likely to experience share price volatility as they scale\nAG\nAgricolaon Excellon Resources ·\nA case for CA$31.80 (undiluted), aka 8,616% upside from CA$0.37 (an 86 bagger!).\nFU\nFundamentallySarcasticon Credit Corp Group ·\nModeration and Stabilisation: HOLD: Fair Price based on a 4-year Cycle is $12.08\nRecently Updated Narratives\nDA\ndavidlsanderon QuantumScape ·\nAn amazing opportunity to potentially get a 100 bagger\nYI\nyianniszon Amazon.com ·\nAmazon: Why the World’s Biggest Platform Still Runs on Invisible Economics\nYI\nyianniszon Sunrun ·\nSunrun Stock: When the Energy Transition Collides With the Cost of Capital\nPopular Narratives\nTH\nTheWallstreetKingon MicroVision ·\nMicroVision will explode future revenue by 380.37% with a vision towards success\nRO\nRockeTelleron Santacruz Silver Mining ·\nCrazy Undervalued 42 Baggers Silver Play (Active & Running Mine)\nAN\nAnalystConsensusTargeton NVIDIA ·",
    "highlightText": "",
    "highlightTitle": "",
    "highlightThreadTitle": "",
    "language": "english",
    "sentiment": "negative",
    "categories": [
        "Economy, Business and Finance"
    ],
    "topics": [
        "Economy, Business and Finance->business financing",
        "Economy, Business and Finance->metal and mineral mining and refining"
    ],
    "ai_allow": true,
    "has_canonical": false,
    "breaking": true,
    "webz_reporter": false,
    "external_links": [
        "https://goto.tradingwhisperer.com/ctttsimplywallstnewsletter-302096",
        "https://www.goto.tradingwhisperer.com/ctttsimplywallstnewsletter-302096"
    ],
    "external_images": [],
    "internal_images": [],
    "entities": {
        "persons": [
            {
                "name": "Sasha Jovanovic",
                "sentiment": "none"
            }
        ],
        "locations": [],
        "organizations": [
            {
                "name": "Mesa Cobre Holding Corporation",
                "sentiment": "none",
                "tickers": []
            },
            {
                "name": "Santa Cruz Copper Project",
                "sentiment": "none",
                "tickers": []
            },
            {
                "name": "Ivanhoe Electric",
                "sentiment": "none",
                "tickers": []
            }
        ]
    },
    "syndication": {
        "syndicated": false,
        "syndicate_id": null,
        "first_syndicated": false
    },
    "trust": {
        "categories": [],
        "top_news": [],
        "bias": null,
        "source": {
            "type": null,
            "city": null,
            "state": null,
            "country": null,
            "domain_type": null,
            "agency": null,
            "organization_name": null
        }
    },
    "rating": null,
    "crawled": "2025-12-18T08:34:33.183+02:00",
    "updated": "2025-12-18T08:35:35.000+02:00"
}